PERMNO,alpha,b_mkt,s_smb,h_hml,t_alpha,t_mkt,t_smb,t_hml,r2,resid_sd,se_alpha,sqrt_c00,nobs,ex_mean_m,ex_sd_m,zero_ret_share,alpha_ann,p_alpha_one,appraisal_ratio,eb_shrink,eb_alpha,sharpe_raw,guard_reason,sharpe_valid,sharpe,avg_vol,liq_pass,TICKER,COMNAM,EXCHCD,gate_pass
10026,0.009836407683983733,0.5118639826489385,0.576146343961811,0.4014475154457807,2.1052967474315607,4.629631184419325,3.7934565372513567,2.5971085371104468,0.18364495068068631,0.06959077928264733,0.004672219104496334,0.06713847944595969,227,0.0143072045823377,0.0765086202646345,0.0,0.11803689220780479,0.01819228527669376,0.1413464224050796,0.0,,0.6477911943824683,,True,0.6477911943824683,10607.903083700441,True,JJSF,J & J SNACK FOODS CORP,3.0,True
10032,0.0038373568434265635,1.6893468788272377,0.833181236781814,-0.18086747207146356,0.5090080113665865,9.46948343651962,3.399831669818186,-0.7251659868715715,0.3711912175856239,0.11228870365540901,0.007538892822382136,0.06713847944595969,227,0.012027495885889139,0.14066141457257958,0.0,0.046048282121118764,0.30562493341364205,0.03417402390896438,0.0,,0.29620395935143184,,True,0.29620395935143184,88825.52422907489,True,PLXS,PLEXUS CORP,3.0,False
10044,0.011173573559193106,0.5969735963948732,0.11422840205690722,0.09884725617507599,1.5689500082009318,3.542314856614038,0.49341985119651527,0.41953302956177674,0.061866739391450154,0.106074620221987,0.007121688709511854,0.06713847944595969,227,0.014153360866688967,0.10878710775387325,0.004405286343612335,0.13408288271031726,0.059038709606613074,0.10533691787733653,0.0,,0.4506846560242257,,True,0.4506846560242257,2672.726872246696,False,RMCF,ROCKY MOUNTAIN CHOC FAC INC NEW,3.0,False
10104,0.0030049205926659375,1.1555541037492945,0.30167058512363604,-0.7184043199232781,0.6024885092937342,9.790865326098805,1.8606909156621838,-4.353807568507865,0.39914496515271924,0.07428698463868066,0.004987515191266384,0.06713847944595969,227,0.00633869888485836,0.09519761980463247,0.0,0.036059047111991246,0.27373058168290615,0.04045016239764426,0.0,,0.23065594591516478,,True,0.23065594591516478,6654951.3392070485,True,ORCL,ORACLE CORP,1.0,False
10107,0.004799776164943534,1.1723793567815362,-0.267043381152708,-0.6027623527827105,1.0775079578819444,11.121994820229734,-1.844194926269068,-4.090064409794624,0.39327575319268493,0.06634817742178817,0.004454515746109612,0.06713847944595969,227,0.007333487101569666,0.08461191680106721,0.004405286343612335,0.05759731397932241,0.1412088059016045,0.07234224588311493,0.0,,0.3002407399996279,,True,0.3002407399996279,10725707.964757709,True,MSFT,MICROSOFT CORP,3.0,False
10138,0.003324412667491454,1.4768217765878038,-0.08394024066119252,0.5352679108740823,1.0155192009313563,19.06410066343184,-0.7888036724904525,4.942298198160906,0.6415097299200047,0.04875905591883661,0.0032736088736112106,0.06713847944595969,227,0.010754621892878647,0.08089372116067994,0.0,0.03989295200989745,0.15547946329446083,0.06818041499870728,0.0,,0.4605438164393083,,True,0.4605438164393083,313480.5154185022,True,TROW,T ROWE PRICE GROUP INC,3.0,False
10145,0.003594318823112959,1.2997064877362405,-0.4239213445772721,0.3073729796340731,0.840352445124908,12.841187334179768,-3.0489875986296378,2.1721763666411533,0.43258729354082304,0.06370648272769928,0.004277156381188024,0.06713847944595969,227,0.0089260199871101,0.08401025666106517,0.0,0.043131825877355506,0.2008054509915877,0.056419985364380594,0.0,,0.36805791915203434,,True,0.36805791915203434,857402.9207048458,True,HON,HONEYWELL INTERNATIONAL INC,1.0,False
10182,0.004393335443842879,1.3049205320564359,-0.23071746973952906,-0.039899226407701854,0.7898403297838246,9.91388849246216,-1.2760007348823468,-0.2168173054735058,0.31040338891770625,0.08284829167291936,0.0055623083276151696,0.06713847944595969,227,0.009160170403148461,0.09910240874238375,0.0,0.05272002532611455,0.21523003518633277,0.05302867874678132,0.0,,0.3201916228996028,,True,0.3201916228996028,120906.6255506608,True,TECD,TECH DATA CORP,3.0,False
10200,0.02475385644768734,0.9548443528112415,2.008561276303403,-1.9868628998222504,2.062174697633643,3.3614773854923294,5.147462299558731,-5.003051950286948,0.30014602078415653,0.1787911068839627,0.012003763054649312,0.06713847944595969,227,0.02723346812974726,0.21229531342548047,0.0,0.2970462773722481,0.020175013359778806,0.13845127355105447,0.0,,0.4443786318776882,,True,0.4443786318776882,50328.11894273128,True,RGEN,REPLIGEN CORP,3.0,True
10232,0.005455138994180142,0.26521860668631964,0.4094544633968593,0.3549975161412995,1.2456771826799367,2.5592852995501634,2.876277616662935,2.4502451006711885,0.09200639657030851,0.06522721112613794,0.004379255773509485,0.06713847944595969,227,0.008426540555086473,0.06799635420215122,0.004405286343612335,0.0654616679301617,0.10709506402582908,0.0836328719256579,0.0,,0.42929349800309347,,True,0.42929349800309347,303.0264317180617,False,ESBK,ELMIRA SAVINGS BANK NY,3.0,False
10239,0.0010228343439709472,0.7375165600395394,0.19674994978987845,0.3715544704126436,0.24639959837748593,7.507952114549928,1.4580580901064037,2.7054636975399005,0.24563243538774604,0.06182922534729649,0.0041511201751390754,0.06713847944595969,227,0.005535574254029925,0.07071320372949909,0.00881057268722467,0.012274012127651366,0.4027997881557954,0.01654289437115956,0.0,,0.27117696134167035,,True,0.27117696134167035,3776.7885462555064,False,PTVCB,PROTECTIVE INSURANCE CORP,3.0,False
10252,0.004505455118993378,0.8377266173561813,0.598738744020567,0.9684917674845649,1.0626261968842874,8.349475396254995,4.344149029481901,6.904342232862053,0.3940444062171945,0.06315193301087216,0.004239924756423063,0.06713847944595969,227,0.011987617224979832,0.08058690205979933,0.00881057268722467,0.054065461427920534,0.1445504418043083,0.07134310707825403,0.0,,0.5152986791810322,,True,0.5152986791810322,13807.907488986784,True,INDB,INDEPENDENT BANK CORP MA,3.0,False
10257,-0.00013027349993139487,0.745483878169075,0.6539271634302166,0.7126679095894443,-0.01087298275168025,2.62933485164696,1.6789876398963932,1.7978950963918683,0.06089385605101749,0.17845794221732394,0.011981394885526065,0.06713847944595969,227,0.006356602962997773,0.1829265534711253,0.01762114537444934,-0.0015632819991767384,0.5043327466370046,-0.0007299955289899587,0.0,,0.1203757364530778,,True,0.1203757364530778,4406.290748898678,False,DLHC,D L H HOLDINGS CORP,3.0,False
10258,-0.011077342315481608,1.7421300481147046,3.022221282171668,-1.0623138801400722,-0.9203515302757634,6.1166517923574455,7.724491947753515,-2.6678139824656695,0.4138432777615375,0.17927112206358656,0.012035990543920237,0.06713847944595969,227,-0.0005731322013717398,0.23259569574463437,0.004405286343612335,-0.1329281077857793,0.8208081952298444,-0.061791002298476894,0.0,,-0.00853579073380209,,True,-0.00853579073380209,207798.58149779736,True,CLDX,CELLDEX THERAPEUTICS INC,3.0,False
10294,2.906565415484075e-05,0.6241642896064623,0.7813633773988229,0.9731990481996418,0.005273624405713329,4.785673168482198,4.361216524470315,5.337222346287822,0.24678551619711953,0.08209172942231883,0.005511513888503637,0.06713847944595969,227,0.007031623139909987,0.09395897830157483,0.004405286343612335,0.000348787849858089,0.497898495309279,0.00035406312376869565,0.0,,0.2592435285728722,,True,0.2592435285728722,121.61233480176212,False,HVT,HAVERTY FURNITURE COS INC,1.0,False
10302,0.006022744702446544,1.875216578370705,0.7389776586669469,-0.7089597611944606,0.8059366928185264,10.604078462830904,3.0420285549631396,-2.8675604856462678,0.4300308448456647,0.11130688383114615,0.007472974932291228,0.06713847944595969,227,0.013266971065114999,0.14645174792289598,0.004405286343612335,0.07227293642935853,0.21056896549304416,0.05410936408554136,0.0,,0.3138107707587539,,True,0.3138107707587539,854181.295154185,True,CY,CYPRESS SEMICONDUCTOR CORP,3.0,False
10308,0.005033545089536546,0.3806338305380902,0.5768268539038975,0.5554295006269356,1.2887660137674268,4.11834306348253,4.543296551339188,4.298466837562366,0.21102208820751756,0.058173927784287996,0.003905709054836163,0.06713847944595969,227,0.009406724411867863,0.06505702162531278,0.00881057268722467,0.06040254107443856,0.09940740783969108,0.0865257905259758,0.0,,0.5008813562966508,,True,0.5008813562966508,4460.440528634361,False,TMP,TOMPKINS FINANCIAL CORP,2.0,False
10318,0.015401407141633496,0.515043388515692,0.48447784564986385,0.47543526420408283,2.988783443372798,4.223698289297396,2.8922343012083327,2.788752448469672,0.14673925100950225,0.07675283959768638,0.005153068943748308,0.06713847944595969,227,0.019903603999459993,0.08253758923605854,0.0,0.18481688569960195,0.0015573762994506727,0.20066237578130924,0.0,,0.8353540174816492,,True,0.8353540174816492,15675.493392070484,True,BCPC,BALCHEM CORP,3.0,True
10333,-0.001888053539172279,2.0681170735814645,1.1789202135569667,-0.3656357320646387,-0.12488138028626143,5.780608125698882,2.398795923585361,-0.7309985948577289,0.19158728591314933,0.2251879327118204,0.015118775391850706,0.06713847944595969,227,0.008061013856994741,0.24878647021357134,0.01762114537444934,-0.02265664247006735,0.5496350194079831,-0.008384345983532238,0.0,,0.1122415181890387,,True,0.1122415181890387,283827.9515418502,True,XOMA,XOMA CORP,3.0,False
10355,0.01137656341296595,0.2604913263555645,0.3448712658964395,0.30446576487295346,1.3336472610634527,1.2904410701939115,1.2436907371949708,1.078829660250209,0.021230083124225363,0.12705700486465243,0.008530414109570667,0.06713847944595969,227,0.014047561113654301,0.12757233924586708,0.013215859030837005,0.1365187609555914,0.09184002895358544,0.08953904922506904,0.0,,0.3814477294233097,,True,0.3814477294233097,228.6123348017621,False,DJCO,DAILY JOURNAL CORP,3.0,False
10363,0.011700034500868059,0.5344123370430459,1.4775002639248775,0.242542544787696,0.9754754664921366,1.8828716150942002,3.7895032085485587,0.6112257823322994,0.09511123401759958,0.17864846544456991,0.011994186325302497,0.06713847944595969,227,0.017711086317521146,0.1865519975516905,0.00881057268722467,0.1404004140104167,0.16519072116849173,0.06549193955712025,0.0,,0.32887883015763086,,True,0.32887883015763086,80583.75330396475,True,AMAG,A M A G PHARMACEUTICALS INC,3.0,False
10375,0.0001345126038419602,0.6656903618887141,0.08525148827804016,1.073499837807457,0.030964875351732986,6.475803313953076,0.6037175890349237,7.469522948932457,0.3065432332413699,0.06470266105453824,0.004344038279309012,0.06713847944595969,227,0.0061258158750885465,0.07718104584884106,0.004405286343612335,0.0016141512461035224,0.48766262351661704,0.0020789346473490287,0.0,,0.2749437822919754,,True,0.2749437822919754,256802.33920704847,True,TCF,T C F FINANCIAL CORP,1.0,False
10382,3.1835059144025204e-05,1.1727066295958273,0.9197173073195514,0.2720648066632524,0.004589355430457856,7.1441479040481175,4.0787388063847745,1.1855037322076925,0.28522091542683015,0.10331954055274808,0.006936716849766676,0.06713847944595969,227,0.007575877896250467,0.12139331191542857,0.0,0.00038202070972830245,0.4981711699356016,0.0003081223452379982,0.0,,0.21618662875571654,,True,0.21618662875571654,31425.299559471365,True,ASTE,ASTEC INDUSTRIES INC,3.0,False
10395,0.01049990690621958,0.32317521818962863,0.34119587767113574,0.08768269403332801,2.335839875916555,3.03816036963898,2.33500007103782,0.5895980396319124,0.08138830179976886,0.06695312916646817,0.004495131286385607,0.06713847944595969,227,0.012800453947279373,0.0693909934819923,0.00881057268722467,0.12599888287463495,0.010193661663894515,0.15682473749827663,0.0,,0.6390177019842518,,True,0.6390177019842518,12084.515418502202,True,NAVG,NAVIGATORS GROUP INC,3.0,True
10397,0.006036040318803279,0.7432370834249064,0.3596569670881354,0.29796672368052657,1.1159051338107213,5.8065415501821125,2.045451207931272,1.6650505980133505,0.1769888341576833,0.08056628816246762,0.005409098081833098,0.06713847944595969,227,0.010705490620484823,0.08821627260720369,0.0,0.07243248382563935,0.13283187864818072,0.07492017388999202,0.0,,0.42038624227969507,,True,0.42038624227969507,150461.0396475771,True,WERN,WERNER ENTERPRISES INC,3.0,False
10421,0.0028761261918268336,1.260648137009689,0.3881387206539247,1.061573297316294,0.4152307483691058,7.691135797992255,1.723828442862916,4.6325069669812144,0.2848210514535672,0.10316845572568371,0.006926573244210218,0.06713847944595969,227,0.011920006456148735,0.12118190645331776,0.004405286343612335,0.034513514301922,0.33918611153763933,0.027877961064709668,0.0,,0.34074487541672754,,True,0.34074487541672754,100551.94273127754,True,SKYW,SKYWEST INC,3.0,False
10443,0.006994863562705683,0.5169722411802851,0.5425650976966596,0.46481844838447645,1.1550123199991769,3.60736109585506,2.756034976629878,2.3199319807378647,0.11764530385897076,0.09020303081616408,0.006056094330414301,0.06713847944595969,227,0.01159720120535261,0.09538887817298533,0.00881057268722467,0.08393836275246819,0.12466075601832216,0.07754577090609495,0.0,,0.4211589883013946,,True,0.4211589883013946,1365.308370044053,False,FRPH,F R P HOLDINGS INC,3.0,False
10463,-0.0017784766703352255,0.7122335309724973,0.911807848050104,-0.9177465358339748,-0.16146933302668906,2.7326204789346997,2.5466584805487122,-2.5185417754578006,0.12113188574860478,0.16405392301325955,0.011014330938254779,0.06713847944595969,227,0.00044874408842251475,0.17382929863481025,0.004405286343612335,-0.021341720044022704,0.5640650209798028,-0.010840805496565183,0.0,,0.00894265312980246,,True,0.00894265312980246,11860.80616740088,True,REFR,RESEARCH FRONTIERS INC,3.0,False
10501,0.0072761698622129155,1.3259016943945765,0.6647008035803369,0.44894549160440106,0.984039947802724,7.577679799787043,2.7654232328915533,1.8352196097930786,0.26882540387416154,0.11013328636663622,0.007394181383042399,0.06713847944595969,227,0.015418504389373863,0.12793997565027063,0.0,0.08731403834655499,0.16308115213873162,0.06606694580955644,0.0,,0.41747128437979797,,True,0.41747128437979797,19755.753303964757,True,AMWD,AMERICAN WOODMARK CORP,3.0,False
10514,-0.007960170691813182,0.8095445435060289,0.48488566994352644,0.33279235867363266,-0.9017319036941531,3.875349083896259,1.6897400878272708,1.1394963202886228,0.09375404855356628,0.13148416234280078,0.008827646730921356,0.06713847944595969,227,-0.0026539597056369716,0.1371982639926579,0.013215859030837005,-0.09552204830175819,0.8159139081026152,-0.060540908881936,0.0,,-0.06700949294299777,,True,-0.06700949294299777,14607.735682819382,True,KSPN,KASPIEN HOLDINGS INC,3.0,False
10516,0.007646489680547091,0.5612358818923182,-0.4874281153540488,0.24344140690577348,1.4627194900746987,4.536901964093148,-2.868369003428702,1.4075956531826224,0.10923846083663191,0.07786271757246434,0.005227584463345461,0.06713847944595969,227,0.009623333216460278,0.08194963826278048,0.004405286343612335,0.0917578761665651,0.07247604219411476,0.0982047624195848,0.0,,0.4067889113952238,,True,0.4067889113952238,845988.127753304,True,ADM,ARCHER DANIELS MIDLAND CO,1.0,False
10517,0.007959346154867812,0.5023860293892835,0.7092636357157455,0.3497829897728771,1.3802570274490347,3.6815877154751377,3.78369195285951,1.833436133170854,0.14598542845730134,0.08589065697125821,0.0057665681076647934,0.06713847944595969,227,0.01252421518072483,0.09232333755652854,0.0,0.09551215385841375,0.08444479122827825,0.09266835806752842,0.0,,0.4699261875072207,,True,0.4699261875072207,61230.898678414094,True,PRG,PROG HOLDINGS INC,1.0,False
10530,0.011244396017711024,0.9517586949453188,1.0371477123680304,-0.45966970697452375,1.7521002474334568,6.26707216329668,4.971517072988733,-2.164976708970142,0.3130857603437961,0.09558850748610948,0.006417667045126124,0.06713847944595969,227,0.016032750038607133,0.1145651776517521,0.0,0.1349327522125323,0.04056553773541582,0.11763334644957202,0.0,,0.48478147061983345,,True,0.48478147061983345,42630.22907488987,True,VIVO,MERIDIAN BIOSCIENCE INC,3.0,False
10547,0.007898385736800923,1.1050232817430112,2.801720627099664,-1.1332485949631204,0.6874906947364567,4.064573084849953,7.502030323618346,-2.9815232488524224,0.3563387529433807,0.17111970162980042,0.011488716570671109,0.06713847944595969,227,0.015113320344413438,0.21187003830152507,0.004405286343612335,0.09478062884161108,0.24624398106445228,0.04615707987785214,0.0,,0.24710467716378384,,True,0.24710467716378384,10214.810572687225,True,CLFD,CLEARFIELD INC,3.0,False
10550,0.009499923340403735,0.6628813594712791,-0.04731788745716518,0.23771899123445758,0.9627466975251444,2.8388521035145025,-0.1475172429350416,0.7281826746855481,0.03800339817967635,0.1469726626162441,0.009867521088178672,0.06713847944595969,227,0.012807405340834152,0.1488497141913907,0.01762114537444934,0.11399908008484483,0.1683587238720178,0.06463734936345747,0.0,,0.2980600518309465,,True,0.2980600518309465,4255.7400881057265,False,PDEX,PRO DEX INC COLO,3.0,False
10606,0.002123392627312766,0.8144044507478672,0.8364867581330917,0.7976625545231362,0.48884607120143025,7.9231337379774445,5.924154790265952,5.550671879818894,0.3934271110105908,0.06469737718317517,0.004343683528220107,0.06713847944595969,227,0.009522391789687461,0.08251699216016152,0.004405286343612335,0.02548071152775319,0.31271554683051417,0.03282038190359536,0.0,,0.3997544253019493,,True,0.3997544253019493,43619.81938325991,True,WTS,WATTS WATER TECHNOLOGIES INC,1.0,False
10629,-0.0008948884755204638,0.661722565092516,0.5473482268489323,0.9459519021255993,-0.2125051993662455,6.640359832878225,3.9984333747866527,6.789756918900157,0.33010970033302756,0.06272314897681183,0.004211136848365549,0.06713847944595969,227,0.005690268408919753,0.076124459336887,0.0,-0.010738661706245566,0.5840464795691531,-0.014267275959810241,0.0,,0.25894000637394005,,True,0.25894000637394005,165532.40088105726,True,FNB,F N B CORP PA,1.0,False
10645,0.011604408036687847,0.2591055052725784,0.6012942723061651,0.037583876934801835,1.164241975873269,1.0985300135258795,1.8558071017269502,0.11397415103296872,0.027582282270846803,0.14845958310197127,0.009967350668647443,0.06713847944595969,227,0.014046940238968247,0.14954779603759982,0.02643171806167401,0.13925289644025418,0.12278500532168113,0.07816543596729096,0.0,,0.32538111332191844,,True,0.32538111332191844,15971.555066079296,True,LAKE,LAKELAND INDUSTRIES INC,3.0,False
10649,0.006046998363484764,1.1577441706908214,0.49394288144322746,0.7850438122854857,0.7524393810175164,6.087784822069261,1.8907490917714618,2.9526372032619395,0.19700238984498064,0.11970073923187616,0.008036525620585497,0.06713847944595969,227,0.014099293563104362,0.13268991566067953,0.0,0.07256398036181716,0.22629019034139009,0.050517635916775154,0.0,,0.36808664291528,,True,0.36808664291528,4609.651982378855,False,PTSI,P A M TRANSPORTATION SVCS INC,3.0,False
10656,-0.0032199411967571085,1.1158232258508998,0.8432822949085349,0.6758375364923324,-0.3854215687299033,5.644149326110006,3.1051784214402876,2.445202941596601,0.2010843583586236,0.12443439046097703,0.008354335766334828,0.06713847944595969,227,0.005084602886956401,0.13828917146898317,0.013215859030837005,-0.038639294361085305,0.6498537522177612,-0.025876618070202154,0.0,,0.12736775328059796,,True,0.12736775328059796,31802.458149779737,True,ACET,ACETO CORP,3.0,False
10661,0.004737035619670571,0.6506278767960672,0.8753355533649276,-0.30089847615190446,0.3898657192542826,2.2628516883897385,2.2161975518056334,-0.7485363821215643,0.06625105163610634,0.18097563108675027,0.012150428687937366,0.06713847944595969,227,0.008399615994850292,0.1860386797630596,0.013215859030837005,0.05684442743604685,0.34850397170322706,0.026174991578837944,0.0,,0.1564036219315045,,True,0.1564036219315045,5561.616740088106,False,CYAN,CYANOTECH CORP,3.0,False
10696,0.00921982431792859,1.0112023316778107,-0.5721658280800361,0.1945918691703669,2.3038207091362097,10.677734515017367,-4.398184582113593,1.4697221796185516,0.351471024715009,0.059607714018810036,0.004001971282472521,0.06713847944595969,227,0.012728995620459418,0.07352516139287442,0.0,0.11063789181514308,0.011076760761685792,0.15467501932751768,0.0,,0.5997203331836308,,True,0.5997203331836308,288441.38766519824,True,FISV,FISERV INC,3.0,True
10777,0.0034603808935608845,0.582040514115829,0.8046565281777486,0.7782355163975101,0.9248161281807589,6.573546347781612,6.615574000888303,6.286762626521745,0.37935889173232773,0.05573102226742508,0.0037416960930038404,0.06713847944595969,227,0.009780723683368913,0.07027080883501023,0.0,0.041524570722730615,0.17803061597590836,0.0620907486131559,0.0,,0.48215498398951095,,True,0.48215498398951095,3288.8325991189427,False,FCNCA,FIRST CITIZENS BANCSHARES INC NC,3.0,False
10781,0.00505800819876465,0.3548370585811763,0.02777689514259406,0.38881316668878246,1.2478231057081657,3.699282421649829,0.21080586843938884,2.899338909144969,0.09155904481574062,0.06037470263838708,0.004053465732143279,0.06713847944595969,227,0.007689310187664608,0.06292233985081837,0.00881057268722467,0.0606960983851758,0.10670226596300986,0.08377694593478126,0.0,,0.4233242422887699,,True,0.4233242422887699,416.6299559471366,False,BKSC,BANK SOUTH CAROLINA CORP,3.0,False
10812,0.0056218626969564475,0.471641063621549,0.3479939618633605,0.700869433505309,1.1926422491373743,4.228210396203179,2.271052464142137,4.494191785857214,0.16573437606763597,0.07020993054458029,0.004713787978769562,0.06713847944595969,227,0.010302775869777101,0.0763562481982892,0.004405286343612335,0.06746235236347736,0.1171384895474993,0.08007218713009275,0.0,,0.4674124694840204,,True,0.4674124694840204,95633.05726872246,True,HTLD,HEARTLAND EXPRESS INC,3.0,False
10838,0.0031205980113628976,1.154177112638214,2.4290282703693706,-0.8933402987708715,0.18308357900846242,2.8615349087241193,4.383990847345067,-1.5842109766754753,0.16876694681258397,0.253873244098285,0.01704466358077181,0.06713847944595969,227,0.010437890989222891,0.276600997841471,0.013215859030837005,0.03744717613635477,0.42744939332416915,0.012291953106152389,0.0,,0.1307222870364412,,True,0.1307222870364412,174283.16740088107,True,CYTR,CYTRX CORP,3.0,False
10860,0.003106156746697796,1.036276597165884,1.7610874849491132,0.4149331954161092,0.3458769216905604,4.876283329298359,6.032601686723767,1.3965642615388287,0.2669525015105704,0.13376123861747757,0.008980526169585628,0.06713847944595969,227,0.012273714856186835,0.15518953633013208,0.0,0.037273880960373554,0.3648806470045804,0.023221650597753496,0.0,,0.27397076157641537,,True,0.27397076157641537,90011.60792951542,True,OSUR,ORASURE TECHNOLOGIES INC,3.0,False
10866,0.006163858441712962,1.264461904008925,0.9800225938949868,1.5229329594869416,0.7885538021784816,6.835958970202624,3.856916753463747,5.8890329741081135,0.31433963353340066,0.11642595929040103,0.007816661874794729,0.06713847944595969,227,0.017793308608114886,0.13966690639993842,0.0,0.07396630130055554,0.21560516269645816,0.05294230323959335,0.0,,0.44132021447882847,,True,0.44132021447882847,68877.83259911895,True,CAL,CALERES INC,1.0,False
10874,0.00028870570053779704,1.851485029925787,0.963384049927657,1.627482125661489,0.04183326329936211,11.337090512084288,4.294289704069768,7.127990934117973,0.4911011601811718,0.1027926622345179,0.0069013430406276565,0.06713847944595969,227,0.014597128187409497,0.14313458909555857,0.0,0.0034644684064535644,0.48333452445565916,0.0028086216881816426,0.0,,0.35327544271370764,,True,0.35327544271370764,214672.20704845816,True,BC,BRUNSWICK CORP,1.0,False
10886,-0.005668634091520924,1.001377775126903,0.9419177019227971,1.238419860297071,-0.4760226030704472,3.5535474837587113,2.433254933518975,3.1434140137012307,0.11989561669733284,0.1773696660428471,0.011908329677954422,0.06713847944595969,227,0.003983720809914096,0.18780643475520606,0.00881057268722467,-0.06802360909825109,0.6827378529602,-0.03195943375205744,0.0,,0.073479983312972,,True,0.073479983312972,7913.273127753304,False,DXYN,DIXIE GROUP INC,3.0,False
10890,-0.014760613362335702,2.4106797520266228,0.9806619286139144,1.4218884781928622,-1.479750471523532,10.21265419557894,3.024328074850971,4.3085798285701244,0.3989017903304142,0.14857454754977326,0.009975069206863212,0.06713847944595969,227,0.0012960871467881285,0.19035746432779344,0.013215859030837005,-0.17712736034802842,0.9298244229652579,-0.0993481966175318,0.0,,0.023586033751829626,,True,0.023586033751829626,335438.013215859,True,UIS,UNISYS CORP,1.0,False
10892,0.0051049770031257385,0.8270921277146909,0.6235380317498156,1.1516065047223936,1.2307883874036893,8.42671898601654,4.624641274100299,8.392246576066341,0.43055770053516385,0.06177871901232105,0.004147729256606436,0.06713847944595969,227,0.013119909190966826,0.08132278603019641,0.0,0.06125972403750886,0.10984930401653466,0.08263326085002846,0.0,,0.5588679487937495,,True,0.5588679487937495,10257.537444933922,True,WSFS,WSFS FINANCIAL CORP,3.0,False
10901,0.008921275420355371,0.5046569319379055,0.046538291975988424,0.7311077738578607,1.7239711856430922,4.121111100171672,0.2766553025980226,4.27040420036514,0.13748303274943663,0.07707711371107878,0.005174840214645161,0.06713847944595969,227,0.013188319341862643,0.08244035091460993,0.01762114537444934,0.10705530504426446,0.0430494539983681,0.11574480401272551,0.0,,0.5541664709848115,,True,0.5541664709848115,613.2114537444934,False,ITIC,INVESTORS TITLE CO,3.0,False
10909,0.014907025235040228,0.6102821006132741,0.986723209368127,-0.3922610488966671,2.1286750181349547,3.6826804242073607,4.334502157978829,-1.6930823733919083,0.19322844757490243,0.10430619960538492,0.007002959638292304,0.06713847944595969,227,0.01837719829930406,0.11535410289770068,0.0,0.17888430282048273,0.017188998950003812,0.14291600395218154,0.0,,0.5518701174138724,,True,0.5518701174138724,249702.0528634361,True,CERN,CERNER CORP,3.0,True
10932,-0.00013891454968957648,1.1366489115328313,0.31419741558570846,1.5838722367356708,-0.02796823363748637,9.670716856512776,1.9460115567875533,9.638777962596544,0.4636683284250709,0.07397946655240006,0.004966868894551374,0.06713847944595969,227,0.009733926484791964,0.10034429486783362,0.004405286343612335,-0.0016669745962749178,0.5111437499654481,-0.001877744679210177,0.0,,0.33603614935968895,,True,0.33603614935968895,108553.96916299559,True,WBS,WEBSTER FINANCIAL CORP,1.0,False
10933,0.005340339779119095,0.5192197927861077,-0.2513123536482987,0.4393002257476897,1.7448530805238156,7.168961338625431,-2.525976555057071,4.33846329378366,0.24892653456101554,0.045586738763210996,0.003060624323462175,0.06713847944595969,227,0.008203339693487447,0.05225111069712339,0.0,0.06408407734942914,0.04119401538581681,0.11714678268296763,0.0,,0.5438583391357072,,True,0.5438583391357072,6432.581497797357,False,MKL,MARKEL CORP,1.0,False
11006,0.004470819748198759,0.36035777428476234,0.6056580225853283,0.6696405283634133,1.2995534907480342,4.426453635045896,5.415767066661889,5.883466111130541,0.2757212192997923,0.051241460464766096,0.0034402737401946545,0.06713847944595969,227,0.009148375975415885,0.05980903983845948,0.01762114537444934,0.05364983697838511,0.09754793550740516,0.08725004532751206,0.0,,0.5298681282615599,,True,0.5298681282615599,3524.444933920705,False,FLIC,FIRST LONG ISLAND CORP,3.0,False
11018,-0.010441084736536725,1.0876536254263875,0.9236598185987561,1.791188629022677,-1.202234300047047,5.292356972355116,3.271757060522018,6.234036544661159,0.260645204871535,0.12935553155249885,0.008684733696358634,0.06713847944595969,227,0.0011099758169996604,0.14943652845165642,0.0,-0.1252930168384407,0.8847260945302985,-0.0807161828429364,0.0,,0.025730449310298817,,True,0.025730449310298817,158399.9295154185,True,FBP,FIRST BANCORP P R,1.0,False
11043,0.001774330085487207,0.5245161535260432,0.6050923165432897,0.2105699943993682,0.3051060722654717,3.811450873739588,3.2008371286517834,1.094453832840452,0.13025630176253444,0.08661878034616842,0.005815453203905325,0.06713847944595969,227,0.005811868831651169,0.09226025079741018,0.0,0.021291961025846483,0.3802849734125587,0.02048435776163286,0.0,,0.2182186156300448,,True,0.2182186156300448,3036.8942731277534,False,PMD,PSYCHEMEDICS CORP,3.0,False
11144,0.014698528246875705,0.4285783945260494,0.8281548069481854,0.6888554306172645,1.8846521245069812,2.322216170086514,3.2665881120970393,2.6697460947379232,0.09904580275202746,0.11616389132066422,0.00779906702979511,0.06713847944595969,227,0.020181320016181427,0.12156764603459963,0.013215859030837005,0.17638233896250846,0.030388725348667246,0.1265326779239962,0.0,,0.5750719500134822,,True,0.5750719500134822,25030.453744493392,True,AVD,AMERICAN VANGUARD CORP,1.0,False
11154,0.003938073792381475,2.05042327379946,1.9523166450988578,0.13442420991881804,0.23010183963165934,5.062846822717658,3.509231355522408,0.23740959105124113,0.18805134121319855,0.2549131606871431,0.017114481999298374,0.06713847944595969,227,0.016878113481130597,0.28101285381054913,0.00881057268722467,0.0472568855085777,0.4091117855487846,0.015448687630587671,0.0,,0.20805987832101067,,True,0.20805987832101067,115910.15418502202,True,PLAB,PHOTRONICS INC,3.0,False
11174,0.013487834701257343,0.6996519006247762,0.6706533322033496,0.7123332836700366,1.7361047892697803,3.8056666344557826,2.655567165318144,2.771414365349312,0.12695987648703422,0.11571636924158021,0.007769021077886914,0.06713847944595969,227,0.01982051806685572,0.1230200527024638,0.0,0.16185401641508812,0.04196323456193259,0.11655943571042131,0.0,,0.5581227380411198,,True,0.5581227380411198,14102.788546255506,True,CRMT,AMERICAS CAR MART INC,3.0,False
11203,-0.0004539538302696398,0.6647952863279584,0.5476535598227148,0.6259218791827277,-0.07572334173510484,4.686202401471096,2.8102794314954394,3.155896455319841,0.1657720740311457,0.08929156035093573,0.0059948995893189675,0.06713847944595969,227,0.005228384037470654,0.09711051610916563,0.004405286343612335,-0.005447445963235677,0.5301464530302893,-0.005083950022661717,0.0,,0.18650558471342638,,True,0.18650558471342638,32574.95154185022,True,ARGO,ARGO GROUP INTL HLDGS LTD,1.0,False
11208,0.0016654016160468064,1.5594173586335145,0.9789348470394802,2.0049511283619537,0.15954208542731116,6.312969210556169,2.88493195554573,5.80556644672823,0.27644488994124206,0.15547917090261387,0.010438635119919996,0.06713847944595969,227,0.01588570495489345,0.18156603953847364,0.0,0.01998481939256168,0.43669310557921837,0.010711413023227076,0.0,,0.3030836401550054,,True,0.3030836401550054,53310.53744493392,True,OFG,O F G BANCORP,1.0,False
11267,0.004603543273296781,0.6068153110958436,0.6596129037424762,0.4862051279060394,0.7610963634089399,4.239542286705699,3.3547646886438383,2.4296934238223162,0.15573520700165333,0.09009093244688443,0.006048568216352493,0.06713847944595969,227,0.009883722884740233,0.09739573836903685,0.0,0.05524251927956137,0.22370178725989123,0.051098852551125784,0.0,,0.35153715123419943,,True,0.35153715123419943,35107.33039647577,True,CATO,CATO CORP NEW,1.0,False
11285,0.0029282303310345613,0.4629129335650145,0.9591798440180725,1.1877376515828233,0.5538002781903557,3.699663916417844,5.580504747433697,6.789737512346523,0.2822532430407588,0.07875544034702582,0.005287520512996297,0.06713847944595969,227,0.01025687828975962,0.09234069876468194,0.0,0.035138763972414735,0.29013520085179023,0.037181308594449944,0.0,,0.38478015788437325,,True,0.38478015788437325,7626.400881057269,False,FBNC,FIRST BANCORP NC,3.0,False
11292,0.012136478734952239,0.888547468159753,0.7173885357660844,-0.795616275749099,1.1040070965570996,3.415661492751187,2.007516396390451,-2.1875971600266895,0.1175381151436975,0.16373794411841572,0.010993116595717948,0.06713847944595969,227,0.015028262952006625,0.17314085859350684,0.013215859030837005,0.14563774481942687,0.1353899525844663,0.07412135776039246,0.0,,0.30067674601859323,,True,0.30067674601859323,1852.4229074889868,False,ICCC,IMMUCELL CORP,3.0,False
11293,0.0007419465602250901,0.5363589285820771,0.655011347825468,0.9394001625203035,0.14905535464558506,4.553501617438916,4.048081836445101,5.704401872467979,0.24056647513311702,0.07414016400891309,0.004977657877432491,0.06713847944595969,227,0.0070198766477088705,0.0845097606873611,0.004405286343612335,0.008903358722701081,0.4408223309814223,0.010007349864182844,0.0,,0.28774860839279276,,True,0.28774860839279276,14857.735682819382,True,WSBC,WESBANCO INC,3.0,False
11308,0.0031551392417523217,0.46235598839862363,-0.36045580670379324,0.016866494619814196,1.0339165241988688,6.402630767196845,-3.633661567096096,0.16706147234096805,0.16999819149238704,0.04545289532060995,0.0030516382782421283,0.06713847944595969,227,0.004344625995843963,0.04955873876290311,0.0,0.037861670901027863,0.15114756240610477,0.06941558330876384,0.0,,0.30368460346368426,,True,0.30368460346368426,2026291.1629955948,True,KO,COCA COLA CO,1.0,False
11343,0.014521968679484224,0.6331386487750308,0.16716112770780367,0.27990417485033886,2.2114200812504294,4.074361903388404,0.7830807510862327,1.2883671878656224,0.08606575938450356,0.09780988441006858,0.006566806914077082,0.06713847944595969,227,0.01828053035053569,0.10163036454023512,0.0,0.1742636241538107,0.014011007294728196,0.14847138167141447,0.0,,0.6230973882593428,,True,0.6230973882593428,66088.52422907489,True,SAFM,SANDERSON FARMS INC,3.0,True
11348,0.00578775603910353,0.22383560056531304,0.5391531087118542,0.38705635526086646,1.3000703279829648,2.124715640997138,3.725583026697962,2.6279394748096836,0.10690198684888996,0.0663089070092238,0.004451879190322824,0.06713847944595969,227,0.0089544307432456,0.06969803267602766,0.0,0.06945307246924236,0.0974594956256277,0.08728474499358635,0.0,,0.44504926192823685,,True,0.44504926192823685,1363.8458149779735,False,CNBKA,CENTURY BANCORP INC,3.0,False
11368,0.015391336104319874,0.5854310781699736,1.2434548067566575,0.30559992774198025,1.3514561000603071,2.1722830755894087,3.3587766818721856,0.8110794431770719,0.08711094600612213,0.16963008436471472,0.011388705932536805,0.06713847944595969,227,0.021298796772861613,0.17635675136976833,0.0,0.18469603325183848,0.08895936436145799,0.09073470759601576,0.0,,0.41836332166645096,,True,0.41836332166645096,14507.722466960353,True,AIRT,AIR T INC,3.0,False
11369,-0.0004138554242487082,0.7336015662888067,0.5179960169855201,1.2049869007224177,-0.08976089643568974,6.723784776559103,3.4561330493535376,7.899605101007153,0.3512721326327183,0.06867362448853982,0.004610642726203385,0.06713847944595969,227,0.007146538947679386,0.08469483069440002,0.004405286343612335,-0.004966265090984499,0.5357211055915616,-0.006026410100398471,0.0,,0.2923004498424236,,True,0.2923004498424236,57127.3127753304,True,UBSI,UNITED BANKSHARES INC,3.0,False
11379,0.0023498990147144652,1.60826210342123,0.8792983825475617,2.11785147895656,0.20416736450458906,5.904851446762934,2.3501679588088433,5.561822829867884,0.24819047328719934,0.17143179611699116,0.011509670119984562,0.06713847944595969,227,0.01688402631990941,0.19639737325209855,0.00881057268722467,0.028198788176573585,0.41920445978478116,0.01370748640532711,0.0,,0.29780430296158045,,True,0.29780430296158045,47263.17621145374,True,DXLG,DESTINATION X L GROUP INC,3.0,False
11394,-0.0161791609932977,1.0315100571698734,0.6598942147711916,0.3495788957345763,-1.1933081446184528,3.2150305131157357,1.4972572764242906,0.7793388758310625,0.06783078885071736,0.20194443539715629,0.013558242325137911,0.06713847944595969,227,-0.009542439512546887,0.20776994526970122,0.013215859030837005,-0.1941499319195724,0.8829916436388296,-0.08011689434016228,0.0,,-0.15909894997016444,,True,-0.15909894997016444,40860.3127753304,True,THMO,THERMOGENESIS HOLDINGS INC,3.0,False
11397,0.002412702504893517,0.5971050743294903,0.6950676969495452,0.8658234985120046,0.6620908064607559,6.924358876271009,5.8676795904048005,7.1817069065250445,0.3865033753784889,0.054276860175496884,0.0036440658612838252,0.06713847944595969,227,0.008814445946966232,0.06883460738377009,0.004405286343612335,0.028952430058722202,0.25429832505477784,0.04445177000092433,0.0,,0.44358699209533853,,True,0.44358699209533853,5737.471365638767,False,WASH,WASHINGTON TRUST BANCORP INC,3.0,False
11403,0.0015567781069566107,1.4740207742167344,0.15696456488449878,-0.15644235539944112,0.29067129773762496,11.630384228646385,0.9015764473849552,-0.882905671339542,0.41066479676401346,0.07977247466836791,0.005355802650875559,0.06713847944595969,227,0.00750385334687376,0.1032214807152047,0.01762114537444934,0.01868133728347933,0.38578643456597295,0.019515228948687964,0.0,,0.25182849847292743,,True,0.25182849847292743,571864.6960352423,True,CDNS,CADENCE DESIGN SYSTEMS INC,3.0,False
11404,0.007122587227432427,0.13810365806641112,-0.38939737996017487,0.24477917530994642,2.4535815607910183,2.0104020988270612,-4.126494311972828,2.5487175895500984,0.12172262447858029,0.04323801783143186,0.002902934771459626,0.06713847944595969,227,0.007569540616330657,0.04582981883899551,0.004405286343612335,0.08547104672918912,0.007455457579097887,0.16472973518815345,0.0,,0.572152771692182,,True,0.572152771692182,332427.49339207046,True,ED,CONSOLIDATED EDISON INC,1.0,True
11442,0.006250338786840564,0.2821128219022778,0.6605797485336642,1.2933675458930107,1.1881146275734145,2.266170772255465,3.8628295340389447,7.431239702713948,0.23556969896702484,0.07835626279943764,0.005260720339422259,0.06713847944595969,227,0.012507391394488601,0.0890231545059928,0.004405286343612335,0.07500406544208676,0.11802604128301554,0.07976820950278174,0.0,,0.48669219790331475,,True,0.48669219790331475,11961.519823788547,True,CHCO,CITY HOLDING CO,3.0,False
11481,0.01927854347910239,1.8279281886919028,1.0004048674505253,-0.60732814804509,1.6028232222206389,6.422225654592509,2.5586607437275046,-1.5262277407979115,0.2324096771677221,0.1791501153511595,0.012027866337245128,0.06713847944595969,227,0.02717092887115677,0.20311900416908174,0.004405286343612335,0.23134252174922865,0.05519456992879669,0.10761111396056723,0.0,,0.46338775129586984,,True,0.46338775129586984,50258.70484581498,True,EBIX,EBIX INC,3.0,False
11499,0.0075746738299326734,0.9006688484954223,1.5942321182146324,0.0819659460663821,0.8272892350563356,4.156938532483123,5.356369077055419,0.2705897982635063,0.22225886933782424,0.13637509379484325,0.009156016431685907,0.06713847944595969,227,0.014879090791675369,0.15360867416907392,0.004405286343612335,0.09089608595919207,0.20447876371300053,0.05554294130369349,0.0,,0.3355453897511801,,True,0.3355453897511801,15333.237885462555,True,CECE,C E C O ENVIRONMENTAL CORP,3.0,False
11533,0.008317495471450224,1.1236200768393267,0.4615215826922853,0.37089358316592186,1.5768684253663854,9.001966630827113,2.6916612507955042,2.125380687491197,0.3284902375867804,0.07856436684802134,0.005274692128810717,0.06713847944595969,227,0.014975460530312137,0.09523523579349714,0.0,0.09980994565740268,0.05812165762355174,0.10586854836544389,0.0,,0.5447197833685439,,True,0.5447197833685439,75968.18942731277,True,FICO,FAIR ISAAC CORP,1.0,False
11547,0.0036982519653109202,0.7531067908667818,0.7362815502136115,0.45222878250980303,0.6797776900002351,5.8498132017654285,4.1633203719627,2.512540880346232,0.23937578977424034,0.0810322855375263,0.005440384437020346,0.06713847944595969,227,0.009644780048542696,0.09229352385997254,0.0,0.04437902358373104,0.2486751369072375,0.04563924046790274,0.0,,0.36200262755700446,,True,0.36200262755700446,37323.27753303965,True,CNMD,CONMED CORP,1.0,False
11552,0.019082664480567304,0.4784614034025205,1.7542707875516121,-0.8443343592968884,2.0940476033638467,2.2187556159567805,5.922017280855713,-2.8005705967288304,0.2425305243631939,0.13573159830866027,0.009112813123213244,0.06713847944595969,227,0.022336452701457756,0.15491611847153858,0.0,0.22899197376680763,0.018692687137652236,0.14059117197730475,0.0,,0.4994686327219299,,True,0.4994686327219299,746435.8854625551,True,CELG,CELGENE CORP,3.0,True
11581,0.00570764575755682,1.285526760647796,0.4753332386098142,0.3449744925249479,0.9806313078481692,9.333507684657137,2.512305394729907,1.7915141976883437,0.3376711733416483,0.08669214632810046,0.0058203788843753015,0.06713847944595969,227,0.012986594959995525,0.10581351433553564,0.00881057268722467,0.06849174909068184,0.1639186337892082,0.06583809490602886,0.0,,0.4251525417954316,,True,0.4251525417954316,95020.59471365639,True,EPAC,ENERPAC TOOL GROUP CORP,1.0,False
11587,0.018986751882523457,0.656513451265403,0.6041103529594698,0.06017984072728929,3.2409956368092203,4.735724442294781,3.1722656816536055,0.31050123476662894,0.16455198255372683,0.08725709046978973,0.005858308375020223,0.06713847944595969,227,0.02313470955388517,0.09482857473469884,0.004405286343612335,0.2278410225902815,0.0006866654204299769,0.2175955189463609,0.0,,0.8451143018395695,,True,0.8451143018395695,850.5374449339207,False,ATRI,ATRION CORP,3.0,False
11593,0.012356988785121986,0.16558536838995927,0.5269938943328062,0.17404688234909815,1.1829009759027729,0.669842532735303,1.5519110459323668,0.5036009169335763,0.016106955536768552,0.155593969749624,0.010446342539950405,0.06713847944595969,227,0.014648627798019943,0.15581778559638754,0.01762114537444934,0.14828386542146382,0.11905399569818359,0.07941817285725399,0.0,,0.32566458970296863,,True,0.32566458970296863,3123.0616740088108,False,SNFCA,SECURITY NATIONAL FINANCIAL CORP,3.0,False
11600,0.003552066608236552,0.6602715599295075,-0.007100655298999855,0.5017462889690769,1.0057959066188313,7.9007146752370145,-0.061851850321131545,4.294350202518,0.2695962344930696,0.05260169468138443,0.0035315977971887755,0.06713847944595969,227,0.007689486860573686,0.061138734677298565,0.0,0.042624799298838625,0.15780193441982995,0.06752760780335879,0.0,,0.4356839243384685,,True,0.4356839243384685,212550.29955947137,True,XRAY,DENTSPLY SIRONA INC,3.0,False
11618,0.007793650067078652,0.7843796546653691,0.1273605728429474,0.6914856671988475,1.6394728346680916,6.972759199110234,0.8241833367023389,4.3967425037839485,0.24191244634624343,0.07080520362236374,0.004753753708067058,0.06713847944595969,227,0.013268537990080364,0.08077997321204874,0.0,0.09352380080494382,0.05126237304929927,0.11007171321257293,0.0,,0.5689970181260019,,True,0.5689970181260019,333922.66079295153,True,FAST,FASTENAL CO,3.0,False
11628,-0.010467061691818018,0.6061848465108416,0.755969440219922,1.7154233322694146,-1.4136947585939057,3.4597997559262015,3.1409469894320035,7.003041550027835,0.2328223332747963,0.11028022282438199,0.0074040464733906245,0.06713847944595969,227,-0.0014674033226997148,0.12506847980739588,0.00881057268722467,-0.1256047403018162,0.920577003260089,-0.09491331649271788,0.0,,-0.04064360763040148,,True,-0.04064360763040148,40618.56828193833,True,CPF,CENTRAL PACIFIC FINANCIAL CORP,1.0,False
11638,0.012032952838357213,0.6586936974139315,0.813846528337115,0.4550277885165004,1.8504094296782208,4.280496541799258,3.85002577279682,2.115037463980335,0.16967462129837463,0.09685741642674592,0.00650285966195584,0.06713847944595969,227,0.017762816729764538,0.10558614559837767,0.0,0.14439543406028654,0.032788643357622,0.12423367546106123,0.0,,0.5827677653565062,,True,0.5827677653565062,9280.444933920704,False,LABL,MULTI COLOR CORP,3.0,False
11644,0.00450715422836221,0.8710662127255298,0.8010653841432837,1.225242951626019,0.33393157081849234,2.727226785997334,1.8257803538435091,2.743859063182587,0.07880703852906701,0.20103581632293532,0.013497239022099119,0.06713847944595969,227,0.013288453457228875,0.20806371289180653,0.0,0.054085850740346525,0.3693725022409896,0.02241965790375438,0.0,,0.2212425821114056,,True,0.2212425821114056,173398.59030837004,True,CRK,COMSTOCK RESOURCES INC,1.0,False
11654,0.012693207123152868,0.35545133566254383,0.36011552771380817,-0.5088778405581432,1.4935533300406152,1.7674394416617167,1.3035170582412197,-1.809870218105177,0.050523930932050654,0.12658409213141128,0.008498663467750222,0.06713847944595969,227,0.013458770937138279,0.12904326164403918,0.022026431718061675,0.15231848547783441,0.06835296999128904,0.10027489955037648,0.0,,0.36129395326132,,True,0.36129395326132,4204.8105726872245,False,NAII,NATURAL ALTERNATIVES INTL INC,3.0,False
11674,0.006872909149412075,0.39400125831663835,-0.3002023330681266,0.3354461871960057,2.252100482559325,5.455816984151218,-3.026124047456279,3.322420109013476,0.1760268692030359,0.04545496612086348,0.0030517773086223866,0.06713847944595969,227,0.008820329280174639,0.04974197505986389,0.0,0.08247490979294489,0.012644939878142376,0.15120260195854512,0.0,,0.6142602272774208,,True,0.6142602272774208,201610.43171806168,True,DTE,D T E ENERGY CO,1.0,True
11691,0.002844249614374056,1.0627129497357268,0.4034614896791646,0.48467711753771603,0.629814875562763,9.944345459651911,2.74835479714073,3.2440104820417495,0.37438186267621776,0.06726409335535202,0.004516008949189416,0.06713847944595969,227,0.009454835266993075,0.08447473523756517,0.0,0.034130995372488676,0.26473023893092795,0.04228481307773023,0.0,,0.3877195948249313,,True,0.3877195948249313,50511.132158590306,True,MATX,MATSON INC,1.0,False
11701,0.0042131382738853675,0.5686745170155173,0.7758655501605151,0.60639232961108,0.7539154465603373,4.300269958879486,4.2709934031879015,3.279858850440992,0.19380585787427862,0.08323607066539832,0.005588343219531292,0.06713847944595969,227,0.00992582190759582,0.09208522701293587,0.004405286343612335,0.05055765928662441,0.2258476518235542,0.05061673671288272,0.0,,0.3733938310956459,,True,0.3733938310956459,12366.202643171806,True,IMKTA,INGLES MARKETS INC,3.0,False
11707,0.0022147893403377658,1.17114454090627,0.6635216546220262,0.7689829041097889,0.28475629802749103,6.363066120486595,2.6243485677174734,2.9884233748458215,0.22330683968918708,0.11584774517655075,0.007777841458396628,0.06713847944595969,227,0.010634142151431285,0.1305753073740876,0.004405286343612335,0.02657747208405319,0.38804756074372737,0.01911810486222628,0.0,,0.2821187998190228,,True,0.2821187998190228,46349.93392070485,True,CBM,CAMBREX CORP,1.0,False
11731,0.0034699278654967284,1.3914433040603256,0.42538386110023735,0.612137602161294,0.636942922091691,10.793458070102664,2.4020751006449186,3.396359501758784,0.4028781735966793,0.08114250846559815,0.00544778463681117,0.06713847944595969,227,0.011843928654347236,0.10430741158197714,0.00881057268722467,0.041639134385960744,0.26240767093470657,0.04276337928310249,0.0,,0.39334282922796404,,True,0.39334282922796404,32600.017621145373,True,AIN,ALBANY INTERNATIONAL CORP NEW,1.0,False
11748,0.00748787692011256,0.18854699066355549,-0.010839455023240394,0.5274270922861085,1.2928677441343683,1.3757199411370946,-0.057574258576190085,2.7525952990585556,0.04152645506558339,0.08626469591207389,0.005791680513404735,0.06713847944595969,227,0.009750406089925365,0.08752683863232903,0.00881057268722467,0.08985452304135072,0.09869732905424049,0.08680117446590954,0.0,,0.38589760594739175,,True,0.38589760594739175,288.30396475770925,False,DGICB,DONEGAL GROUP INC,3.0,False
11752,0.009676532593085992,1.1534188930406686,1.0422788589986631,-0.14814276474698868,1.4899330255318781,7.5049718566556205,4.936923696808649,-0.689464571744198,0.337284957962515,0.09673452777519119,0.00649460910474929,0.06713847944595969,227,0.016197040060641252,0.1180364973946338,0.004405286343612335,0.1161183911170319,0.06882741976359717,0.10003183781052852,0.0,,0.47534613338220827,,True,0.47534613338220827,51174.79295154185,True,IIVI,II VI INC,3.0,False
11762,0.004230549505882832,1.172329700939371,0.22563337894126703,0.3445630559456091,1.1444497155693227,13.401849176940352,1.877711146427827,2.817430235002164,0.48852111694860056,0.0550590311291894,0.003696579629781537,0.06713847944595969,227,0.010515657436902226,0.07647384434757964,0.0,0.05076659407059399,0.12683203682273794,0.07683661370568538,0.0,,0.47633679491570163,,True,0.47633679491570163,403324.40969162993,True,ETN,EATON CORP PLC,1.0,False
11775,0.00844450233096667,0.8878119524631906,0.42466962101899486,0.7791860478057442,1.1170698371588124,4.962977165708803,1.728156077911638,3.115530154684446,0.15338935402079557,0.11259581104211404,0.007559511545352134,0.06713847944595969,227,0.015223414712043767,0.12155661082592807,0.0,0.10133402797160004,0.13258328034878375,0.07499837030178845,0.0,,0.4338345330096533,,True,0.4338345330096533,3963.533039647577,False,JOUT,JOHNSON OUTDOORS INC,3.0,False
11786,0.0045537718982613645,1.433369347406062,0.8805009569485143,0.33196533563085073,0.8225391560252038,10.941035961289233,4.8926105105482876,1.8124355461742898,0.4521394318412769,0.08245997340316846,0.005536237229443008,0.06713847944595969,227,0.013258791194185333,0.11066400423794473,0.0,0.054645262779136373,0.20582438292272248,0.05522402822029517,0.0,,0.41503829819672416,,True,0.41503829819672416,109031.29515418502,True,SIVB,S V B FINANCIAL GROUP,3.0,False
11790,0.0009887014595164783,0.569237266950214,0.9030347512313378,0.8397853963757808,0.16357844288712772,3.979873273020274,4.596114729716787,4.199656201233668,0.2066834348490426,0.09002592748477853,0.00604420388204026,0.06713847944595969,227,0.007640200401181792,0.10040204412755961,0.004405286343612335,0.011864417514197739,0.43510558441957625,0.010982407925579514,0.0,,0.2636044990885313,,True,0.2636044990885313,2731.7973568281936,False,ALCO,ALICO INC,3.0,False
11809,0.02207347241396182,0.47935709196662407,0.7973800001742221,0.5715174631103922,1.8584865679383538,1.7055440854549409,2.065283189905627,1.4544634092111506,0.04448792884273367,0.1769048462325571,0.011877122382675192,0.06713847944595969,227,0.02736431143638929,0.17977109069827277,0.004405286343612335,0.26488166896754184,0.03220882027559185,0.12477596224212131,0.0,,0.5272969923903311,,True,0.5272969923903311,64784.444933920706,True,CLH,CLEAN HARBORS INC,1.0,False
11825,0.009583610909362054,1.3977084358097172,0.9857871091640484,-0.6928554781470571,0.7817044435526387,4.817758407120161,2.4735576990769115,-1.7082073605879016,0.16956660019205272,0.18260602022931735,0.01225989053587452,0.06713847944595969,227,0.015430541533413384,0.19904941216098337,0.0,0.11500333091234465,0.2176087230835083,0.05248244771627418,0.0,,0.26854117913755426,,True,0.26854117913755426,8199.63436123348,False,CYBE,CYBEROPTICS CORP,3.0,False
11844,0.0035295451163735113,0.5313595608455706,0.8329391868942125,0.7145221138349683,0.9221549536981252,5.866629873723588,6.69458968000159,5.642679282441874,0.3508232506532373,0.0570089881697457,0.003827496780469431,0.06713847944595969,227,0.009518713362754892,0.07028458201992664,0.0,0.042354541396482134,0.17872217963140713,0.06191208140485149,0.0,,0.4691468510775809,,True,0.4691468510775809,7562.436123348018,False,CTBI,COMMUNITY TRUST BANCORP INC,3.0,False
11850,0.0018898886629761756,0.5848270523160415,-0.25470290006009955,0.17991783568430103,0.6505425584463496,8.507108487988226,-2.6971114118056523,1.8719672133007101,0.2568511737739809,0.043270210240114036,0.0029050961208282504,0.06713847944595969,227,0.004273121930207824,0.049859660750863906,0.0,0.022678663955714107,0.2580057518911286,0.043676438188972266,0.0,,0.2968838607642753,,True,0.2968838607642753,3481929.9823788544,True,XOM,EXXON MOBIL CORP,1.0,False
11884,0.012037561437355501,1.2146772474139764,0.695452493772693,0.814891565331304,1.6464437983022109,7.020763029805679,2.9261822109556137,3.368935860799626,0.26075187625161045,0.10889805048870163,0.007311249524440774,0.06713847944595969,227,0.020834801272394926,0.12581232886671348,0.0,0.14445073724826601,0.05054047510674497,0.11053973311124077,0.0,,0.5736629262720264,,True,0.5736629262720264,18639.251101321584,True,IPAR,INTERMEDIATE PARFUMS INC,3.0,False
11891,0.002065859491500617,2.048644369905384,0.8197309858021541,1.8202064684347072,0.1646860356817254,6.901406271071836,2.010262866049834,4.385924740376069,0.2538344812201716,0.18684113782368084,0.012544229891434916,0.06713847944595969,227,0.0174338215668501,0.21485879087328544,0.0,0.024790313898007402,0.4346701451445462,0.011056770021654103,0.0,,0.2810800954537894,,True,0.2810800954537894,1696821.6431718061,True,MGM,M G M RESORTS INTERNATIONAL,1.0,False
11955,0.006525393635472236,0.5213457582926295,-0.17325863484789428,0.5136612977414435,1.7511569785598486,5.912337709253753,-1.4303382592104263,4.16658009852283,0.19355048038763478,0.055502191905984787,0.00372633277048567,0.06713847944595969,227,0.009774739751817703,0.06139312679995997,0.0,0.07830472362566683,0.04064689220749432,0.11757001681168927,0.0,,0.5515388045334905,,True,0.5515388045334905,518959.59030837007,True,WM,WASTE MANAGEMENT INC DEL,1.0,False
11992,-0.00012161386009446658,0.6460087417700392,0.9371354634318828,0.9386865056259348,-0.02663501154019782,5.978926779080628,6.3138998936204755,6.2140524801808175,0.35226100182227793,0.06800779327781489,0.004565939831147651,0.06713847944595969,227,0.0072007784524641665,0.0839376628074495,0.0,-0.001459366321133599,0.5106126661353121,-0.0017882341748344708,0.0,,0.2971756352646079,,True,0.2971756352646079,22563.01321585903,True,TCF,T C F FINANCIAL CORP NEW,3.0,False
11995,0.006742149115082657,0.40575843009509377,0.046570816837048695,0.14941806125373314,1.2377534306372833,3.14788139595223,0.26301174563417445,0.8291314876655349,0.04909435527152983,0.08113209932830018,0.005447085783160641,0.06713847944595969,227,0.00893730839513598,0.08264607117125937,0.0,0.08090578938099188,0.10855455244479728,0.08310088326200733,0.0,,0.3746063667372634,,True,0.3746063667372634,5353.726872246696,False,COKE,COCA COLA CONSOLIDATED INC,3.0,False
12008,0.002887298527149419,1.747506764213415,1.1707212855481077,0.23771594866741375,0.34556258879570945,8.83830367062695,4.310364996893609,0.8599592573010055,0.36045883750243246,0.1244495897607926,0.008355356224213089,0.06713847944595969,227,0.01322730825302022,0.15458146905466263,0.0,0.03464758232579303,0.36499861106548637,0.02320054676515336,0.0,,0.2964180646194357,,True,0.2964180646194357,89478.66960352423,True,DY,DYCOM INDUSTRIES INC,1.0,False
12036,0.0015199016364652739,1.1947721296307432,0.30656260735333585,0.9015001110365385,0.3084814988726114,10.247401376136308,1.9140722374115142,5.530494320563748,0.39942015866498326,0.07338627755031486,0.004927043086927307,0.06713847944595969,227,0.009662400015248155,0.09406492110971597,0.0,0.018238819637583288,0.3790019755692214,0.020710978771517657,0.0,,0.3558344078116802,,True,0.3558344078116802,83051.35682819384,True,GATX,G A T X CORP,1.0,False
12052,0.005930581988986236,0.9324922052482801,-0.2088182212139703,0.6266458231648452,1.6258366670250712,10.802887013821724,-1.7610573312171887,5.192616812137469,0.392986328044851,0.054331150216438515,0.0036477108120817055,0.06713847944595969,227,0.01111961664700274,0.06927042860989241,0.00881057268722467,0.07116698386783482,0.05269837027125836,0.10915620165155035,0.0,,0.5560739663316294,,True,0.5560739663316294,341621.91629955947,True,GD,GENERAL DYNAMICS CORP,1.0,False
12060,-0.009411935329108346,1.1771427626155093,-0.21414726070651868,0.5195980762356135,-2.478827209702533,13.101212208083032,-1.7350234416499508,4.136370013487193,0.4599221535648783,0.05655372017123567,0.003796930779309062,0.06713847944595969,227,-0.003534169738519047,0.07644185350259668,0.0,-0.11294322394930015,0.9930386115744899,-0.1664246896686991,0.0,,-0.1601573292431865,,True,-0.1601573292431865,9507879.290748898,True,GE,GENERAL ELECTRIC CO,1.0,False
12062,0.010022027751101555,0.39105046653572484,0.30890417357086647,0.5665015173645825,1.9694493601424077,3.2474094482801608,1.8674049110908033,3.3649206023190943,0.10492089745142075,0.07579477733577167,0.0050887461002687975,0.06713847944595969,227,0.013904281500847663,0.07958052218376482,0.0,0.12026433301321866,0.025069790344198796,0.1322258353857795,0.0,,0.605246644313207,,True,0.605246644313207,199459.9074889868,True,LH,LABORATORY CORP AMERICA HLDGS,1.0,False
12068,-0.0033065544803277296,0.8161440714803218,0.19666146474412277,0.8514501444179186,-0.7973366367693846,8.316639786321588,1.4588505713690973,6.205971645157056,0.33723427513157,0.06176784671729143,0.004146999307250059,0.06713847944595969,227,0.002903173033108382,0.07536690019762321,0.004405286343612335,-0.03967865376393276,0.7869481508410561,-0.05353196939925195,0.0,,0.1334390344653219,,True,0.1334390344653219,98747.81497797357,True,ONB,OLD NATIONAL BANCORP,3.0,False
12073,0.005354885651825425,0.45752663581015096,0.08144523969370646,0.6282265708291203,1.5252223827987013,5.506991107496174,0.7136317724393254,5.408586699868875,0.21409387710601369,0.05229323752699856,0.003510888452869081,0.06713847944595969,227,0.009207222271127342,0.05859470958109891,0.0,0.06425862782190511,0.06431030076229298,0.10240111159804827,0.0,,0.5443282127066456,,True,0.5443282127066456,527089.1365638766,True,PBCT,PEOPLES UNITED FINANCIAL INC,3.0,False
12166,0.0008488188200496375,0.6991802130666003,0.6637262173621674,0.7077687088399641,0.12362037171728202,4.303077800375682,2.9736477424929766,3.115666246470545,0.15580713926953127,0.10227122405771444,0.0068663344743119985,0.06713847944595969,227,0.007151875298921948,0.11056834991287044,0.004405286343612335,0.01018582584059565,0.45086360542409226,0.008299683785642635,0.0,,0.22406794343754133,,True,0.22406794343754133,10036.515418502202,True,FRBK,REPUBLIC FIRST BANCORP INC,3.0,False
12189,0.011532554022829367,0.27337102725273704,0.12740202976862328,0.31955635952331807,3.290222204259271,3.2958484983389376,1.1181538966184952,2.7556986434559625,0.084315008662036,0.0522070035885847,0.0035050988373673373,0.06713847944595969,227,0.013840747415468155,0.054194340004585374,0.00881057268722467,0.13839064827395242,0.0005817511682342123,0.22090051583330123,0.0,,0.8847004220843034,,True,0.8847004220843034,410.9515418502203,False,HIFS,HINGHAM INSTITUTION FOR SVGS MA,3.0,False
12209,0.004736218099736833,0.53568784616667,0.45286677555900595,0.45717524673812693,0.4732284209195669,2.261861162000945,1.3919867115183733,1.38072236776174,0.04358576447642604,0.1490696983527343,0.010008312878870461,0.06713847944595969,227,0.00920435139599758,0.15141348963751544,0.004405286343612335,0.05683461719684199,0.31825655963288807,0.0317718366111523,0.0,,0.2105810295601999,,True,0.2105810295601999,5968.770925110132,False,LWAY,LIFEWAY FOODS INC,3.0,False
12211,0.006261909991480186,0.8595548296477399,0.571198757725449,0.4457645912444934,1.016087813159627,5.8940393466785626,2.851262348144584,2.1863239683551687,0.20260905508021565,0.09179184034440303,0.006162764586269516,0.06713847944595969,227,0.012279405392986767,0.10210961514743006,0.0,0.07514291989776223,0.15534435286424833,0.06821859075910774,0.0,,0.41658278697221496,,True,0.41658278697221496,29178.533039647577,True,LNN,LINDSAY CORP,1.0,False
12226,0.013784343460682316,1.738147155507201,0.8490911673105376,1.1137529545236078,1.3084434919320174,6.972209877928345,2.4794120749266946,3.1955254524685333,0.2472838855096261,0.15691324841774393,0.010534916903693467,0.06713847944595969,227,0.02591473139865828,0.17965620368128707,0.00881057268722467,0.1654121215281878,0.09603494092817996,0.08784690648927747,0.0,,0.4996836238018747,,True,0.4996836238018747,19633.69162995595,True,MGPI,M G P INGREDIENTS INC,3.0,False
12266,0.014717989527139147,1.5357664558119664,2.4662292776102532,-1.7796839196142575,0.7762393915905269,3.422846237769126,4.001346311949815,-2.837099656067291,0.198054773349284,0.2824108061220597,0.01896063210214281,0.06713847944595969,227,0.021146317951698378,0.31326160525249647,0.004405286343612335,0.17661587432566977,0.2192150790997063,0.052115532437444836,0.0,,0.23383968204993125,,True,0.23383968204993125,265758.08810572687,True,CDMO,AVID BIOSERVICES INC,3.0,False
12431,0.004054522986354158,1.477112745398484,-0.09322068173009196,0.5364770649121805,0.8742930933218273,13.46002759708358,-0.618379463951795,3.496656470170534,0.47116111903001856,0.06907346113758273,0.004637487150846893,0.06713847944595969,227,0.011469803382020024,0.09435126806098597,0.0,0.04865427583624989,0.19144962507844773,0.05869870887573202,0.0,,0.42111320003972863,,True,0.42111320003972863,505233.4713656388,True,TT,TRANE TECHNOLOGIES PLC,1.0,False
12490,0.0003762905396538427,1.0734875841848228,-0.32792374886881326,-0.4363801447593815,0.10204019396157954,12.301555365329019,-2.735560656814785,-3.5768232838012586,0.4260989549132209,0.054926322591574844,0.0036876697803565985,0.06713847944595969,227,0.0028509804954427987,0.0720211791377699,0.0,0.0045154864758461125,0.45940823234039413,0.006850823464951247,0.0,,0.13712752633635156,,True,0.13712752633635156,1306347.960352423,True,IBM,INTERNATIONAL BUSINESS MACHS COR,1.0,False
12570,0.005983385925042134,1.0351170437957105,-0.24730193221591923,0.6986085095523153,1.5333427541158733,11.209770297697188,-1.9495987714390535,5.411412337027261,0.41127817383985976,0.058121427074460066,0.0039021842370084822,0.06713847944595969,227,0.011719358388825754,0.07524530597785929,0.0,0.07180063110050561,0.06330444350211158,0.10294630098081979,0.0,,0.5395293140950885,,True,0.5395293140950885,187087.37885462554,True,ITT,I T T INC,1.0,False
12650,0.010451599057213306,1.0433250575543067,0.5947946197767706,0.5810246505038361,1.8614469709366537,7.8524031677397454,3.258820668451179,3.1278578803801764,0.29950604665790015,0.083629706266087,0.005614771315217328,0.06713847944595969,227,0.017662052180458486,0.09925595857225653,0.00881057268722467,0.12541918868655966,0.03199845056715403,0.12497471919797444,0.0,,0.6164178389394459,,True,0.6164178389394459,198881.27312775332,True,KSU,KANSAS CITY SOUTHERN,1.0,False
12758,0.018013371919021588,0.7426025516290747,0.2919330310345536,0.9157251940350865,1.9665091023943053,3.425882048622939,0.980414407279761,3.021695058199712,0.09160569766355797,0.1364355524731893,0.009160075535419374,0.06713847944595969,227,0.024305643324148824,0.1421963880642283,0.022026431718061675,0.21616046302825906,0.02524012025654998,0.1320284309513927,0.0,,0.5921192474883069,,True,0.5921192474883069,19810.859030837004,True,ECOL,U S ECOLOGY INC NEW,3.0,False
12781,0.007883909580261347,0.11328115228677468,0.22994425093937515,0.19059766204228965,2.6256719871490475,1.5943054038575193,2.3558459862834837,1.9186728555549801,0.052507569615963035,0.04472286970410809,0.003002625468393594,0.06713847944595969,227,0.009380819674646917,0.04563940777566535,0.0,0.09460691496313617,0.004623303415660632,0.17628362474103845,0.0,,0.7120187173766775,,True,0.7120187173766775,27519.603524229075,True,SR,SPIRE INC,1.0,True
13303,0.0008870188294189413,1.035934523656446,0.7645368646147679,1.3821580215683869,0.08727543231604303,4.307313681166638,2.3141052309118164,4.110563812863657,0.1600788384028179,0.15138028870287076,0.010163442401601133,0.06713847944595969,227,0.010718611571456219,0.16407721636450054,0.013215859030837005,0.010644225953027296,0.4652654499203977,0.0058595398186879,0.0,,0.22629808378897612,,True,0.22629808378897612,10048.528634361233,True,NL,N L INDUSTRIES INC,1.0,False
13507,0.0019667319108270073,0.872634215211459,0.004721690632117536,0.6307353521852467,0.5182892029252893,9.717941014356562,0.03827806969493049,5.02410488229199,0.3542800113764022,0.056519915207970915,0.0037946611654777395,0.06713847944595969,227,0.007371929373365689,0.06986788526186061,0.0,0.02360078292992409,0.30238518066278974,0.03479714899766237,0.0,,0.36550573061208286,,True,0.36550573061208286,4824.991189427313,False,ANAT,AMERICAN NATIONAL GROUP INC,3.0,False
13610,0.0001824924224739905,1.001082546883445,0.22143739802128365,0.9499617804279032,0.03212440685222038,7.4468943985995715,1.1991313413806057,5.054531884291726,0.27751884991470843,0.08461321900069298,0.005680802864734511,0.06713847944595969,227,0.00748727966738064,0.0988833495520034,0.004405286343612335,0.002189909069687886,0.4872007865699152,0.0021567838291614446,0.0,,0.2622959042778083,,True,0.2622959042778083,218672.88105726874,True,OLN,OLIN CORP,1.0,False
13688,0.00349846883225586,0.3069217821667563,-0.10147849466732209,0.11882942617058323,0.64287748832742,2.383378100839704,-0.57365360688193,0.6600224918073062,0.026836259265450413,0.08105471623936214,0.00544189040023451,0.06713847944595969,227,0.004887017618678101,0.08161754777482266,0.00881057268722467,0.04198162598707032,0.2604820251179792,0.04316181703634067,0.0,,0.20742016989748083,,True,0.20742016989748083,548752.4405286344,True,PCG,P G & E CORP,1.0,False
13769,0.0010473712027342938,0.9100401478008004,0.17917427321881899,0.332865787300445,0.12275931277817034,4.507434205389573,0.6460334039646473,1.179254400785191,0.09881759884985841,0.1270792605966793,0.008531908325577906,0.06713847944595969,227,0.006121970642837169,0.13297394097389978,0.01762114537444934,0.012568454432811526,0.4512041280881573,0.008241873597757325,0.0,,0.15948334114456833,,True,0.15948334114456833,2164.726872246696,False,AMS,AMERICAN SHARED HOSPITAL SVCS,2.0,False
13777,0.005466191921345253,1.1450632840041823,1.227691513016019,-0.6240143251857739,0.7070064183034882,6.25868355809612,4.884872550410702,-2.4395940553370465,0.31469884476766585,0.11515691410971658,0.007731460111015352,0.06713847944595969,227,0.010981445621712497,0.13818073500922598,0.0,0.06559430305614304,0.24015030976209684,0.04746733588343032,0.0,,0.2752977360569242,,True,0.2752977360569242,16975.854625550663,True,AMSWA,AMERICAN SOFTWARE INC,3.0,False
13856,0.005449737147532829,0.4762653309515941,-0.39121243427599656,0.1079494329447597,2.0354277256589244,7.5169926068563955,-4.494881877237528,1.2186669177007292,0.23185177778878252,0.03987937733449494,0.0026774407554896592,0.06713847944595969,227,0.006892257985896147,0.045198504543959926,0.004405286343612335,0.06539684577039395,0.021495296567695017,0.13665552252288818,0.0,,0.5282361056363648,,True,0.5282361056363648,1112919.3171806168,True,PEP,PEPSICO INC,3.0,True
13901,0.013804164457835355,0.4799439613644022,-0.4037056082311399,0.24055767568918374,3.2541250064607037,4.7811202135934305,-2.927617896495473,1.7140672328604876,0.12179828429151418,0.06318360354046251,0.004242051067623008,0.06713847944595969,227,0.01561504856303963,0.0669738804620321,0.004405286343612335,0.16564997349402427,0.0006570858571544213,0.21847700486084537,0.0,,0.8076598604488088,,True,0.8076598604488088,2071112.013215859,True,MO,ALTRIA GROUP INC,1.0,True
13928,0.005126580303543217,0.9807194175436632,-0.23811863106806652,0.5298153939367831,1.2417408256628428,10.038365249879151,-1.7742796671750567,3.8789331445847175,0.3427347541649217,0.061492946541853284,0.004128542927471715,0.06713847944595969,227,0.010174982060977947,0.07534478208013368,0.0,0.061518963642518604,0.10781831727183325,0.08336859090097379,0.0,,0.46781171593201915,,True,0.46781171593201915,1528622.3920704846,True,COP,CONOCOPHILLIPS,1.0,False
13936,0.006788209942026319,1.1993214998407968,0.5172913113688233,1.1618470062634212,1.237291252928038,9.237773732342346,2.9005300168857118,6.4010341882911765,0.39102517374849255,0.08171688847396458,0.00548634763719705,0.06713847944595969,227,0.01613943843761271,0.10401844654424065,0.0,0.08145851930431583,0.10864012412836992,0.08306985335337477,0.0,,0.5374878842799456,,True,0.5374878842799456,154857.4140969163,True,PVH,P V H CORP,1.0,False
14008,0.00502951110046982,0.645302869880974,-0.023738723939348262,-0.22165657489085722,1.0940456657035036,5.9318245845124284,-0.15885195060795532,-1.4573867719976021,0.1540829977176822,0.06847291549009656,0.0045971674292367825,0.06713847944595969,227,0.006999458919374811,0.0739525501971599,0.00881057268722467,0.060354133205637844,0.13755764089945438,0.07345256243977596,0.0,,0.3278701935640324,,True,0.3278701935640324,1564250.9735682819,True,AMGN,AMGEN INC,3.0,False
14277,-0.0008719386007927884,1.2210623679850021,0.23518455240645336,0.10158485191864877,-0.17964377733692977,10.631123052004252,1.4905981221093751,0.6326153886996265,0.3729981512853321,0.07229399503106641,0.004853708899459564,0.06713847944595969,227,0.004938258734269175,0.09069138330457406,0.0,-0.01046326320951346,0.571202319797623,-0.012061010052330018,0.0,,0.18862464584865574,,True,0.18862464584865574,1515191.9162995594,True,SLB,SCHLUMBERGER LTD,1.0,False
14526,0.007067069792174681,1.158945767604007,0.6203299808469824,0.8816906971155144,1.0186798578654594,7.059541192473408,2.7507214446112127,3.8414848392499086,0.26459125946524853,0.1033308876489535,0.006937478676552034,0.06713847944595969,227,0.0156677141384217,0.1196916843148088,0.004405286343612335,0.08480483750609617,0.15472943436005665,0.06839261669931328,0.0,,0.4534530043847679,,True,0.4534530043847679,45800.7268722467,True,APOG,APOGEE ENTERPRISES INC,3.0,False
14541,0.003854372827873812,0.7934140448380963,-0.29362432952559886,0.3717270432137806,1.198155641884117,10.422560486616387,-2.8078703915263454,3.492755616128206,0.35413496115765686,0.04791472311269249,0.003216921652860354,0.06713847944595969,227,0.007562579222034227,0.059223805012808925,0.0,0.04625247393448574,0.1160641377256092,0.08044234793569742,0.0,,0.44234818907684137,,True,0.44234818907684137,1514938.502202643,True,CVX,CHEVRON CORP NEW,1.0,False
14593,0.02030030108605925,1.3495284483160135,0.13800291671581935,-0.9527237001809841,3.1139197551734377,8.747863658134722,0.6512064688383481,-4.417295295661175,0.3375837211688606,0.09710096844505993,0.0065192113741314355,0.06713847944595969,227,0.023415838540061185,0.11851034844007301,0.0,0.243603613032711,0.0010440574078412613,0.20906383747907964,0.0,,0.6844536799876854,,True,0.6844536799876854,4922738.449339207,True,AAPL,APPLE INC,3.0,True
14702,-0.001392437460096881,1.5003501868640334,0.7436458806221136,-0.35070968572415423,-0.2756078343038853,12.549416143673362,4.528011693723143,-2.0982061061350987,0.5183399251419933,0.0752510629372797,0.005052241942301172,0.06713847944595969,227,0.005345080566846446,0.10770615600419083,0.0,-0.016709249521162574,0.6084477457680584,-0.018503890918556865,0.0,,0.17191127147768367,,True,0.17191127147768367,4236528.691629956,True,AMAT,APPLIED MATERIALS INC,3.0,False
14795,0.0021015060672595967,1.4693079996054472,0.3594881103620152,0.8537291310900079,0.4167529491606108,12.313340831654653,2.193098146959418,5.117438836236418,0.4707162405974302,0.07510700864428908,0.005042570356112119,0.06713847944595969,227,0.011348306741657372,0.10254969973657868,0.004405286343612335,0.02521807280711516,0.3386299972295273,0.027980159311262746,0.0,,0.3833427870957656,,True,0.3833427870957656,142856.38766519824,True,TKR,TIMKEN CO,1.0,False
14816,0.0004785862955579975,0.5847774570917953,-0.018142934302200327,0.376485763220403,0.14603111093024515,7.540337366912375,-0.1703013779175436,3.472307793891141,0.2395809494099005,0.04881388437409794,0.0032772899727278276,0.06713847944595969,227,0.0039235790644952286,0.05560515884863149,0.013215859030837005,0.00574303554669597,0.44201437356226253,0.009804306739660923,0.0,,0.24443193501951674,,True,0.24443193501951674,21398.753303964757,True,TR,TOOTSIE ROLL INDS INC,1.0,False
15069,0.0012144163553823636,1.170685198005489,0.1698324992075091,0.8023824327689365,0.20854586683185886,8.495503650064384,0.8971814450788202,4.1648553023518895,0.2987133525717667,0.08673502728313147,0.005823257846493274,0.06713847944595969,227,0.008685520730188964,0.10288331433845403,0.004405286343612335,0.014572996264588363,0.41749656516436584,0.014001452393830601,0.0,,0.2924432069789417,,True,0.2924432069789417,1402045.8281938327,True,MRO,MARATHON OIL CORP,1.0,False
15070,0.004698176681099979,0.34372696380172535,0.5976142947845908,0.6327880142518151,1.2187737743301534,3.768099667632403,4.7691418041305775,4.961768827886493,0.21970600897671266,0.05741623931303387,0.0038548390029824273,0.06713847944595969,227,0.009184850245373887,0.0645659914251989,0.013215859030837005,0.05637812017319974,0.1121088910555427,0.08182661799713972,0.0,,0.4927865872958687,,True,0.4927865872958687,4203.616740088106,False,AROW,ARROW FINANCIAL CORP,3.0,False
15202,0.00035285513437468673,1.02924121587349,0.2903068548521426,0.7908609490264396,0.07687389776069516,9.475773122157603,1.9456524014896857,5.207953746393444,0.3662464905269688,0.06836692368022106,0.004590051300288015,0.06713847944595969,227,0.007463396571465909,0.08530688062416664,0.0,0.004234261612496241,0.4693963943980132,0.0051611966047372376,0.0,,0.30307009151503833,,True,0.30307009151503833,196998.73127753305,True,VMC,VULCAN MATERIALS CO,1.0,False
15203,0.004123678553290872,0.9574545504618687,0.4501308117280596,0.26112256435915243,0.4336134117322157,4.254525139250933,1.456069642243989,0.8299402569034248,0.10152177603038204,0.14164804876879522,0.009510034610824053,0.06713847944595969,227,0.009759829097082867,0.14844139617134464,0.02643171806167401,0.04948414263949046,0.33249418079630055,0.02911214513107582,0.0,,0.227760184225482,,True,0.227760184225482,2197.1189427312775,False,ARTW,ARTS WAY MANUFACTURING INC,3.0,False
15318,-0.0007226571217852463,0.675876880728923,0.043627364628741325,0.7816962942535176,-0.17467915627906969,6.9038510630769965,0.3244092891464113,5.711252721228719,0.2673687443640582,0.06161971713174952,0.004137054112115815,0.06713847944595969,227,0.00438739553735235,0.07151138526551105,0.00881057268722467,-0.008671885461422956,0.5692548830654967,-0.0117276929434799,0.0,,0.21253096847112007,,True,0.21253096847112007,191211.43612334802,True,ASB,ASSOCIATED BANC CORP,1.0,False
15456,0.009634796864284593,0.9179346054830922,0.12456275456232155,1.0982346174168316,1.3683038994817915,5.5089238470699256,0.5441939493704792,4.7143265016867595,0.1940496774212609,0.10487899011646984,0.007041415922247619,0.06713847944595969,227,0.016817520233043965,0.11604664043432106,0.0,0.11561756237141511,0.08629699275717274,0.09186584323118475,0.0,,0.5020188329783793,,True,0.5020188329783793,428578.449339207,True,FL,FOOT LOCKER INC,1.0,False
15457,0.014438188737678123,1.1420101196745882,0.3306027206637805,0.393079146725408,1.7069280260850612,5.705418039585476,1.2023597262261791,1.4046464484147274,0.154994020757794,0.12598707825687475,0.0084585808640057,0.06713847944595969,227,0.020958997736639878,0.13614268934451024,0.004405286343612335,0.17325826485213747,0.04461369042402095,0.11460055219504443,0.0,,0.5332941361797067,,True,0.5332941361797067,13079.991189427314,True,ATRO,ASTRONICS CORP,3.0,False
15537,0.009853537424123513,0.7432922289540673,-0.03837621894887662,0.34744968034248586,1.2791466996823215,4.077582913259585,-0.15325542988993224,1.3633414128212633,0.07825215098395344,0.11473616101721541,0.007703211388162638,0.06713847944595969,227,0.013824784292781878,0.11871140912787012,0.004405286343612335,0.11824244908948216,0.1010874065831071,0.08587996440498871,0.0,,0.40341916543144984,,True,0.40341916543144984,1821.6387665198238,False,ALOT,ASTRONOVA INC,3.0,False
15579,0.0024149323030078045,1.3474543739467804,0.42581158316066914,-0.49558989005523113,0.47728670996405376,11.253910926067167,2.588912396915093,-2.9606109792951303,0.44548811080980666,0.07536229544924737,0.005059709924019636,0.06713847944595969,227,0.007437949542328912,0.1005302815682574,0.004405286343612335,0.028979187636093653,0.3168127034618112,0.03204430396675135,0.0,,0.25629902374639624,,True,0.25629902374639624,2279361.995594714,True,TXN,TEXAS INSTRUMENTS INC,3.0,False
15580,0.001834462946119457,0.8758141016359776,-0.24996025879949846,0.3122388730465834,0.23853954272426195,4.8125848117246255,-0.9998800591077628,1.2272214444274332,0.09985995343361576,0.11454524368105096,0.007690393488512683,0.06713847944595969,227,0.0058035028924741106,0.11992790044581164,0.05286343612334802,0.02201355535343348,0.4058408537428225,0.01601518218624148,0.0,,0.16763341698256423,,True,0.16763341698256423,1284.8370044052863,False,AAME,ATLANTIC AMERICAN CORP,3.0,False
15720,0.005204738739377149,0.3157333933958402,0.024812250471410585,0.12003558684477747,1.0324722685730259,2.646762682844246,0.15141577408063941,0.7197372957157079,0.03484693866165489,0.07508428292242193,0.0050410445857016475,0.06713847944595969,227,0.006899533965305015,0.07591876823726511,0.004405286343612335,0.06245686487252579,0.15148467941552643,0.06931861818211348,0.0,,0.31481921147897557,,True,0.31481921147897557,423062.0660792952,True,EIX,EDISON INTERNATIONAL,1.0,False
16126,0.009428078115879446,1.0472193212288923,0.6191867029781617,0.9804791703612068,1.44269770893558,6.771811185483199,2.9147364657424055,4.534976783232345,0.26758220469276706,0.09733663515306346,0.0065350336785628274,0.06713847944595969,227,0.01784949272584019,0.11297831600493469,0.0,0.11313693739055336,0.07525437395712058,0.09686053047810456,0.0,,0.5472949037253474,,True,0.5472949037253474,20245.140969162996,True,AZZ,A Z Z INC,1.0,False
16417,0.0018283470515605969,0.41748044384785743,0.42464805788542165,0.10892512400840933,0.44416385060818225,4.285837834713159,3.1735052352370356,0.7998290303588922,0.14622890250877663,0.06131178005827917,0.0041163796852379765,0.06713847944595969,227,0.004753772904330199,0.0659130506846473,0.013215859030837005,0.02194016461872716,0.3286774190269336,0.02982048555469575,0.0,,0.24983750903406474,,True,0.24983750903406474,131.90748898678413,False,PTVCA,PROTECTIVE INSURANCE CORP,3.0,False
16432,-0.003462435408929955,1.9725575239713837,0.37437364119637834,1.058254573343679,-0.4787918690894396,11.526827321620198,1.5925601805281084,4.4232324840633535,0.42850628450717076,0.10771183205607236,0.007231608622583276,0.06713847944595969,227,0.008471443221644427,0.14153240785359172,0.0,-0.041549224907159454,0.683722089577828,-0.03214535806175396,0.0,,0.20734431492893957,,True,0.20734431492893957,763171.845814978,True,GT,GOODYEAR TIRE & RUBBER CO,3.0,False
16505,-0.006006814569021987,1.0919874832532306,0.24520744848083642,1.687077713931556,-0.8532338270495944,6.554755914203693,1.0714773650644658,7.243416438702961,0.30360111735753514,0.10485874590291257,0.007040056756531805,0.06713847944595969,227,0.0038321277170650634,0.12481702828534404,0.0,-0.07208177482826383,0.802777412020847,-0.057284821759966714,0.0,,0.10635471775334658,,True,0.10635471775334658,530219.140969163,True,BPOP,POPULAR INC,3.0,False
16548,0.004549278197071778,0.7107109359830983,-0.13309127215343486,0.9336736355614089,1.2211605071358316,8.06191615807281,-1.0990193385862608,7.5754751338459485,0.357110086047993,0.05548789426491196,0.0037253728486043762,0.06713847944595969,227,0.00986469217028812,0.06874294752712942,0.0,0.05459133836486133,0.11165737649268986,0.08198685960855674,0.0,,0.49710257283404574,,True,0.49710257283404574,67774.38325991189,True,BOH,BANK OF HAWAII CORP,1.0,False
16555,0.004894828266477526,0.6138519573625445,0.1308735635907849,0.8953547975076009,0.8891346660539766,4.712037660961266,0.7313201084586358,4.915976238783025,0.17508490008555389,0.08199708531343924,0.005505159626944943,0.06713847944595969,227,0.010259224872300998,0.08967925678664969,0.0,0.058737939197730314,0.18744441163277925,0.059695149501555134,0.0,,0.3962900532811943,,True,0.3962900532811943,42904.907488986784,True,UVV,UNIVERSAL CORP,1.0,False
16600,0.008509989853336102,0.09006573812296752,-0.17243787884667502,0.32670341000374054,2.19412911985374,0.9813135050699531,-1.3677014714270441,2.546075822407672,0.046461994963313935,0.05776906784242889,0.0038785273739511627,0.06713847944595969,227,0.009451753176350268,0.05876578855191334,0.004405286343612335,0.10211987824003323,0.014629368922791455,0.14731049281508193,0.0,,0.5571580719138045,,True,0.5571580719138045,228992.90308370045,True,HSY,HERSHEY CO,1.0,True
16678,0.005107737759376827,0.5892733488677894,-0.4449273369840188,0.2119005194886328,1.1490923909038697,5.6021944756936435,-3.079221642366121,1.4409300711923279,0.14560037098483924,0.06620673052801744,0.004445019216739491,0.06713847944595969,227,0.007199331255356616,0.07114916836319228,0.004405286343612335,0.06129285311252193,0.12587443111527966,0.07714831586820813,0.0,,0.3505201199582034,,True,0.3505201199582034,1224613.497797357,True,KR,KROGER CO,1.0,False
17005,0.004234473894601503,0.7668413253231335,-0.20378986296415266,0.48645977498043574,0.9517430543309315,7.283511152065424,-1.4090562696944489,3.3048497306171543,0.22398596330055376,0.06626866818938369,0.004449177617144059,0.06713847944595969,227,0.008351400185451299,0.07472598804315674,0.004405286343612335,0.050813686735218036,0.17112885863371396,0.06389858149103214,0.0,,0.38714909804036973,,True,0.38714909804036973,1390885.3700440528,True,CVS,C V S HEALTH CORP,1.0,False
17137,0.0058384375868921244,1.256315751454186,0.4634693028473135,1.3733752242788322,0.6159675686626523,5.601122019561576,1.5042072672140976,4.379604965808366,0.19784793887175967,0.14117808743294386,0.009478482121336599,0.06713847944595969,227,0.015916036760629797,0.1565803120360987,0.004405286343612335,0.0700612510427055,0.2692720640594399,0.04135512594803524,0.0,,0.352118142646047,,True,0.352118142646047,8045.497797356828,False,BSET,BASSETT FURNITURE INDUSTRIES INC,3.0,False
17144,0.004935729360873987,0.20516627698456769,-0.11757189875613076,0.23795452197277364,1.635494792066334,2.8728888857442927,-1.1984691589740022,2.383286846061247,0.06386170364817356,0.044950100960199094,0.0030178814294101394,0.06713847944595969,227,0.0062127268107948445,0.046148636867685534,0.0,0.05922875233048784,0.051678017421055746,0.10980463348111967,0.0,,0.46635217073451574,,True,0.46635217073451574,594666.1145374449,True,GIS,GENERAL MILLS INC,1.0,False
17444,-0.004917273634294726,1.392085285296735,0.75233096565929,0.6782594395996403,-0.712237530505289,8.520819100460491,3.352238571959482,2.9694830539071075,0.32751140233501985,0.10283193799826142,0.006903979955684475,0.06713847944595969,227,0.004338691074556835,0.12456148297687869,0.013215859030837005,-0.05900728361153671,0.7614688998422815,-0.04781854480247044,0.0,,0.12066062798679045,,True,0.12066062798679045,890.7180616740088,False,BELFA,BEL FUSE INC,3.0,False
17478,0.007571582658960293,0.8963234197225864,-0.11411053407369551,-0.009998713770633515,1.8230615399616226,9.119991413647009,-0.8452124826378532,-0.07276848340077599,0.2780113254993256,0.0618605586458304,0.004153223845158668,0.06713847944595969,227,0.010989288774617063,0.07231807496012763,0.0,0.09085899190752351,0.03481649836929813,0.122397579729433,0.0,,0.5263969348514166,,True,0.5263969348514166,330688.12775330397,True,SPGI,S & P GLOBAL INC,1.0,False
17523,0.0076342187302805625,0.8013445902385538,0.15786742072379076,0.07308130598906912,0.9780365285783511,4.338352237680996,0.6221691789147293,0.28299665529320844,0.09030482648310467,0.11626206227526774,0.007805658078412948,0.06713847944595969,227,0.011473064951713276,0.12108442645152219,0.030837004405286344,0.09161062476336675,0.16455803499294627,0.06566388537135538,0.0,,0.3282326554664098,,True,0.3282326554664098,6460.1189427312775,False,SPA,SPARTON CORP,1.0,False
17726,0.00911938150174191,1.2975953376075213,0.17107740142109198,0.4485025522316216,0.7668256485524249,4.610898335765897,0.4425368031593551,1.139936582796388,0.09990065889311428,0.17713209235767527,0.011892379341975614,0.06713847944595969,227,0.016102177394776512,0.1854599945922157,0.0,0.10943257802090292,0.2219981139240271,0.051483508043971685,0.0,,0.3007634009864313,,True,0.3007634009864313,266488.45374449337,True,CCK,CROWN HOLDINGS INC,1.0,False
17743,0.012446073217399885,0.4038521669425539,-0.3470063998247552,0.945520121207147,2.8307840691980943,3.881609418660743,-2.427936807351478,6.500244507288644,0.23300729246697627,0.06548685101326109,0.004396687600734454,0.06713847944595969,227,0.016081603446894684,0.07427740150292134,0.0,0.14935287860879862,0.0025338207459176428,0.1900545380458064,0.0,,0.7500034646769616,,True,0.7500034646769616,135027.18942731278,True,WRB,BERKLEY W R CORP,1.0,True
17750,0.004122126594581031,0.36064326243845696,-0.5185844432815534,0.3033971830017767,1.4430242319194846,5.335131716541797,-5.5846670524447015,3.210320331054856,0.23157694297931175,0.04254771094479713,0.002856588616739896,0.06713847944595969,227,0.00537967003600567,0.048214117088919574,0.0,0.04946551913497238,0.07520841726399237,0.09688245273474808,0.0,,0.3865200647824002,,True,0.3865200647824002,428151.1718061674,True,KMB,KIMBERLY CLARK CORP,1.0,False
17778,0.005145585452952512,0.5556158518998667,-0.47042561605326266,0.4812710570693059,1.901702467649439,8.677556039720796,-5.348404438630482,5.3762820682776,0.36237999785048736,0.040301454821757884,0.0027057783961928644,0.06713847944595969,227,0.007815995597166664,0.05013464793891391,0.004405286343612335,0.06174702543543014,0.02924948924419641,0.12767741203661268,0.0,,0.5400537170430396,,True,0.5400537170430396,106.96035242290749,False,BRK,BERKSHIRE HATHAWAY INC DEL,1.0,False
17830,0.0035883931491897305,0.9801899792680302,-0.12699905304524775,0.40053360831890283,1.1920811330928902,13.760400618480023,-1.297871755919092,4.021881635085034,0.48274896186142335,0.04483557081328251,0.0030101920494954373,0.06713847944595969,227,0.00849906669549868,0.061925600930854356,0.0,0.043060717790276766,0.11724822623866588,0.08003451465207334,0.0,,0.4754355262521356,,True,0.4754355262521356,802666.6343612334,True,RTX,RAYTHEON TECHNOLOGIES CORP,1.0,False
17929,0.01194189547867372,0.41929350057719145,-0.2636456942600596,0.163791684150483,3.7078238350470514,5.501472936109908,-2.5182103951949264,1.5371710652342434,0.1362158727470527,0.04797143088057377,0.003220728926168678,0.06713847944595969,227,0.01357914417946654,0.05127176582451635,0.0,0.14330274574408464,0.0001319199792501349,0.2489376543385459,0.0,,0.9174549486997741,,True,0.9174549486997741,110392.73568281939,True,UGI,U G I CORP NEW,1.0,True
17961,-0.0038095059897369126,1.0474844465416797,0.11855029002841985,0.837865805336041,-0.7104723850999738,8.255457553581362,0.6801530743747208,4.723213034863686,0.29693313343108896,0.07986379758223182,0.005361933932450956,0.06713847944595969,227,0.0031481311047150498,0.09461279091413183,0.00881057268722467,-0.045714071876842954,0.7609232000075926,-0.04770003562395655,0.0,,0.11526397159561981,,True,0.11526397159561981,85571.01762114538,True,BGG,BRIGGS & STRATTON CORP,1.0,False
18075,-0.006290818943675595,1.2792550635542554,0.8008059697522691,1.1915416298719343,-0.8250462052773696,7.089951331879625,3.230902782751912,4.723509920172323,0.28912694702470987,0.11356837551490011,0.007624808045218152,0.06713847944595969,227,0.004072609556527303,0.1338010740857706,0.0,-0.07548982732410714,0.7948864808662285,-0.05539234769498172,0.0,,0.10543961204338363,,True,0.10543961204338363,7885.607929515419,False,AP,AMPCO PITTSBURGH CORP,1.0,False
18091,0.007166341682187919,0.7734742903949094,0.6340541069652884,0.49174908513453214,1.6917196094916138,7.7159921892909,4.604502314427021,3.5088027881565353,0.33062729855093076,0.06309538960271577,0.004236128517976751,0.06713847944595969,227,0.013094025252841026,0.07660583309171502,0.0,0.08599610018625503,0.04604815569621372,0.11357948223017968,0.0,,0.5921094020701506,,True,0.5921094020701506,39883.339207048455,True,CW,CURTISS WRIGHT CORP,1.0,False
18148,-0.023468868404741307,0.28866645635291677,1.6047412123062785,0.4163845192544268,-1.2804789217617314,0.6655667676118544,2.693461631260621,0.686687884277538,0.0398791307801859,0.272990927977721,0.018328195806965684,0.06713847944595969,227,-0.01770254720487426,0.27674735062717953,0.004405286343612335,-0.2816264208568957,0.8991464989906798,-0.08596940776968463,0.0,,-0.22158630326715997,,True,-0.22158630326715997,43145.444933920706,True,AIKI,ALKIDO PHARMA INC,3.0,False
18163,0.00349681636411666,0.25014888256000334,-0.08744224959309316,0.22251855237956433,1.0372787230963212,3.135712484505485,-0.7979385899096109,1.9951400930403753,0.05959295411431642,0.050211807493000124,0.003371144405313274,0.06713847944595969,227,0.004978261298437016,0.051433506067944286,0.0,0.041961796369399916,0.15036470846489414,0.06964131623033368,0.0,,0.3352912201185025,,True,0.3352912201185025,1821749.9735682819,True,PG,PROCTER & GAMBLE CO,1.0,False
18403,-0.011311849933021742,1.246814175340839,0.2474184104797108,0.8164151229033719,-1.3368152187062556,6.226650669858544,0.899487767741906,2.9163074894151158,0.18689152613744764,0.12603488017480513,0.008461790212090146,0.06713847944595969,227,-0.003323657050833564,0.13884003715375454,0.0,-0.1357421991962609,0.9086774272326358,-0.08975174108415605,0.0,,-0.08292626531932029,,True,-0.08292626531932029,1767015.6167400882,True,JCP,PENNEY J C CO INC,1.0,False
18411,0.007552904634717566,0.10079638710279318,-0.26571853137504103,0.290770509983582,2.5349148962253825,1.4295829904792043,-2.743447974740432,2.9497435950056365,0.08840823606706505,0.04437916396989049,0.0029795495880213674,0.06713847944595969,227,0.008239074657986895,0.04617183469855045,0.004405286343612335,0.09063485561661079,0.005966489806432969,0.1701903316574849,0.0,,0.6181472323184286,,True,0.6181472323184286,803365.3876651982,True,SO,SOUTHERN CO,1.0,True
18438,-0.0050032070676701255,0.8887208894697122,0.39684289532451184,0.736706420431942,-0.6891559324478046,5.173082852927128,1.681562966944133,3.067241719712757,0.1595694315873617,0.10813330505657931,0.007259905678964839,0.06713847944595969,227,0.0015991137681601241,0.11716739358246711,0.013215859030837005,-0.06003848481204151,0.7542792164881449,-0.04626888140570811,0.0,,0.04727844853161805,,True,0.04727844853161805,2129.7885462555064,False,SCX,STARRETT L S CO,1.0,False
18542,0.005150247793330674,1.4128218211834234,-0.06815383202445292,0.7529358863749813,1.1774892842149107,13.64995617261219,-0.4793410484750332,5.203210093575307,0.4943166861094177,0.06514778584610957,0.004373923280978811,0.06713847944595969,227,0.012973588122249736,0.09100359737795873,0.0,0.06180297351996809,0.12012771113158767,0.07905484010610057,0.0,,0.4938467144519971,,True,0.4938467144519971,1154817.0792951542,True,CAT,CATERPILLAR INC,1.0,False
18649,0.0045973417896368095,1.0128792949402485,0.4471767821679298,0.5816146591586231,0.8720553451084172,8.119138939481182,2.6094080954140706,3.334702738180665,0.29848387594263026,0.07852198017080045,0.00527184635175334,0.06713847944595969,227,0.011372682263086735,0.09312593073874083,0.004405286343612335,0.05516810147564172,0.19205806169541764,0.058548469863300756,0.0,,0.423041430925729,,True,0.423041430925729,75733.52422907489,True,BCO,BRINKS CO,1.0,False
18729,0.003817725009839997,0.4498640166242716,-0.35770772120560357,-0.07336428419038418,1.2490161882499313,6.2195606167781525,-3.6001221961849117,-0.7254920120190541,0.1614112781391891,0.04552658500803882,0.003056585691806951,0.06713847944595969,227,0.004703333545642765,0.049384285873692126,0.0,0.04581270011807996,0.10648433279686366,0.08385704768248893,0.0,,0.32991922518965,,True,0.32991922518965,567928.3171806168,True,CL,COLGATE PALMOLIVE CO,1.0,False
18973,0.0021462574400064557,1.054192903353259,0.5059785913439165,0.6213073820657729,0.4622320321313672,9.594300948713697,3.352245908610864,4.04454120843683,0.3788002250668355,0.06915924989815966,0.004643246877785582,0.06713847944595969,227,0.009329276000052641,0.08716313484345245,0.004405286343612335,0.02575508928007747,0.32218279460666804,0.031033555788515976,0.0,,0.3707709700654013,,True,0.3707709700654013,41378.396475770925,True,BRC,BRADY CORP,1.0,False
19166,0.007489220166761801,1.1760521158833026,-0.13442557166149324,0.3964146069793327,1.652861896146896,10.968356596740561,-0.9126565289256358,2.6444426016828344,0.3674890855803987,0.06748830629342761,0.004531062264923921,0.06713847944595969,227,0.013178138166955533,0.08429323647132689,0.00881057268722467,0.08987064200114162,0.04988306115761372,0.11097063444146832,0.0,,0.5415666976340094,,True,0.5415666976340094,149427.51101321587,True,FMC,F M C CORP,1.0,False
19271,0.004315816082365402,0.5680549096690652,0.1790302425143929,0.18360595908341973,0.6521149069780842,3.6271585591368547,0.8321720058966491,0.8385568246157187,0.06974019381174068,0.09857511669594249,0.0066181834461736125,0.06713847944595969,227,0.007556037298444805,0.1015227523925147,0.01762114537444934,0.05178979298838482,0.25749931351041805,0.04378200327855202,0.0,,0.2578228071317898,,True,0.2578228071317898,731.431718061674,False,BRID,BRIDGFORD FOODS CORP,3.0,False
19350,0.006467288099850588,1.0848047911679497,-0.15799962994286312,0.59341179238448,1.4823489675194095,10.507390334859174,-1.1140631779102725,4.11120323081753,0.36514662437124124,0.06498307400633586,0.004362864778509657,0.06713847944595969,227,0.01229500648742081,0.08101431178867596,0.0,0.07760745719820705,0.06982961139583414,0.09952265568754143,0.0,,0.5257237997935682,,True,0.5257237997935682,631518.8193832599,True,DE,DEERE & CO,1.0,False
19393,0.0016331572026246268,0.6739655203501491,-0.486075556084062,0.11508813202302016,0.36218769825097075,6.316236860408541,-3.3161562824863724,0.7714730728618577,0.16641596836228756,0.06716187221679235,0.004509145977379284,0.06713847944595969,227,0.0037091680932486533,0.07307121232243693,0.004405286343612335,0.01959788643149552,0.3587773816997646,0.024316731334602253,0.0,,0.17584127557569953,,True,0.17584127557569953,1916414.9559471365,True,BMY,BRISTOL MYERS SQUIBB CO,1.0,False
19502,0.0030075232180927875,0.7415529169520427,-0.21362061972449783,0.29654184240081016,0.6741993274849784,7.024840984124035,-1.4731534934312875,2.0093233632212137,0.19370171610989095,0.06644299073364299,0.004460881367698779,0.06713847944595969,227,0.006456022619554711,0.07350206100523797,0.0,0.03609027861711345,0.2504414367268194,0.04526471769083006,0.0,,0.3042679086532227,,True,0.3042679086532227,1122612.0308370043,True,WBA,WALGREENS BOOTS ALLIANCE INC,3.0,False
19561,0.007204441545190222,1.068466091020748,-0.27212977612494416,0.5392368842285229,1.6535536254484733,10.363196425112587,-1.9214077114900203,3.740951508917433,0.35337286097496357,0.06489489543957647,0.004356944603617708,0.06713847944595969,227,0.01256898950741669,0.08016444403416033,0.0,0.08645329854228266,0.0498126182306473,0.11101707609496445,0.0,,0.5431367656555806,,True,0.5431367656555806,972635.0837004405,True,BA,BOEING CO,1.0,False
19721,0.0008534012438846218,0.9170207357222921,0.7146988669470894,0.6194975742741033,0.15749107760368838,7.151495393940367,4.057432277761827,3.455626688925573,0.29411946480932416,0.08070971538913604,0.005418727567742767,0.06713847944595969,227,0.007907479278841181,0.09542417736009766,0.004405286343612335,0.01024081492661546,0.4375001731642998,0.010573711476617276,0.0,,0.28705840070418426,,True,0.28705840070418426,33664.436123348016,True,VVI,VIAD CORP,1.0,False
19828,0.0032295181788430547,0.7022527937145601,0.446416610488772,0.38996546977105323,0.6886483533401907,6.3280263598368025,2.928367839851334,2.5134512108628613,0.22444054366645005,0.06985037130480831,0.004689647718140524,0.06713847944595969,227,0.00817683720577282,0.0787878740955901,0.00881057268722467,0.038754218146116653,0.2458801950365279,0.04623480331622437,0.0,,0.359514649892318,,True,0.359514649892318,550360.5594713656,True,WEN,WENDYS CO,3.0,False
19880,0.0035767166357058657,1.8349096782081127,0.9390729024635519,0.79257013254879,0.3309737354989388,7.175277674990396,2.6732145050516167,2.2168240554855814,0.2514121112881943,0.16096057023482002,0.010806647936320414,0.06713847944595969,227,0.015375661821658414,0.18479759532713233,0.0,0.04292059962847039,0.3704875545459556,0.022221073337948,0.0,,0.28822266250776624,,True,0.28822266250776624,133491.2643171806,True,MTZ,MASTEC INC,1.0,False
20053,-0.005923707772229563,1.0680115887788908,0.22263626443136542,1.425856429408764,-1.1385814553799414,8.674839922416428,1.3164121734652234,8.283822885062584,0.3982419520759132,0.07749220500581865,0.0052027088130052485,0.06713847944595969,227,0.003021207486451539,0.09923052224918677,0.004405286343612335,-0.07108449326675476,0.871950276205562,-0.07644262763957704,0.0,,0.10546925982311679,,True,0.10546925982311679,855200.6740088105,True,SNV,SYNOVUS FINANCIAL CORP,1.0,False
20117,0.0015027341984864882,1.1199700265304489,0.519884018644499,0.2763083483187542,0.20956501759652785,6.600214383880633,2.230327240052132,1.1647028851738952,0.21295417755706536,0.10680507287864274,0.007170730190186982,0.06713847944595969,227,0.007998106924672564,0.11958868313076824,0.0,0.01803281038183786,0.41709925493930583,0.014069876626496664,0.0,,0.23167957360569272,,True,0.23167957360569272,142610.44052863435,True,RAMP,LIVERAMP HOLDINGS INC,1.0,False
20204,0.002614214215562089,1.357890234312467,0.0673656335155865,0.5631721415797694,0.6372404661317375,13.987556822650125,0.5051566518997782,4.149424476767556,0.5020121402034068,0.06110353333151034,0.00410239831665312,0.06713847944595969,227,0.009954399384799244,0.08601123001964964,0.0,0.03137057058674507,0.2623109495075367,0.042783355937519425,0.0,,0.40091335722941673,,True,0.40091335722941673,64105.493392070486,True,CR,CRANE CO,1.0,False
20336,0.006370536978031409,0.5528419497717811,1.182793908415298,-0.7231546126461066,0.812949381687606,2.981284885172101,4.643249776110647,-2.789350895258752,0.20884163804538458,0.11671885935940127,0.007836326740057022,0.06713847944595969,227,0.009071041413807705,0.13034894947216183,0.00881057268722467,0.0764464437363769,0.20855707402341794,0.054580185353038976,0.0,,0.24106837331484313,,True,0.24106837331484313,3046.149779735683,False,CSPI,C S P INC,3.0,False
20395,0.003177766050722188,0.6671964008421365,0.5091554488533587,1.064590714357037,0.6841908432145454,6.070494298565784,3.3723390816309644,6.928233827941824,0.30465039389523196,0.06917882198322553,0.004644560917816491,0.06713847944595969,227,0.0100444419134589,0.08240807469096703,0.0,0.03813319260866625,0.2472825284559334,0.04593553286427358,0.0,,0.4222276468180163,,True,0.4222276468180163,90861.7577092511,True,CVBF,C V B FINANCIAL CORP,3.0,False
20415,-0.000590365723092766,1.144583211906567,0.16296585161289853,1.082107142883039,-0.1305532985591781,10.696190046866239,1.108635621060874,7.233050629664144,0.43675116139597425,0.06735375051554106,0.0045220283945959505,0.06713847944595969,227,0.007559598877045961,0.08914763852319207,0.004405286343612335,-0.007084388677113192,0.5518768086534884,-0.00876514995191762,0.0,,0.29375112020444344,,True,0.29375112020444344,216073.66960352423,True,JEF,JEFFERIES FINANCIAL GROUP INC,1.0,False
20482,0.008514393112027653,0.4555531963553232,-0.3770318305722431,-0.07093130122139732,2.3948418480780513,5.4147356999627565,-3.262320765552504,-0.6030392694622835,0.128932198647301,0.05295480317681961,0.003555304964651744,0.06713847944595969,227,0.009389584588661026,0.05636085721810218,0.0,0.10217271734433184,0.008727184896327999,0.16078604019351234,0.0,,0.5771110792936317,,True,0.5771110792936317,1296949.6255506608,True,ABT,ABBOTT LABORATORIES,1.0,True
20512,0.010571897250607386,0.7538205995931935,0.5002538695994616,-0.0940951261288948,1.7966670343549136,5.41374369766863,2.615354871795616,-0.48335511732802144,0.18028016755328846,0.08764231348576325,0.005884171662560272,0.06713847944595969,227,0.014459325849138971,0.09615664981643464,0.0,0.12686276700728863,0.036870887152766964,0.12062549275727073,0.0,,0.5209059812652135,,True,0.5209059812652135,65273.660792951545,True,CACI,CACI INTERNATIONAL INC,1.0,False
20598,0.020888259622652294,0.37160591230371603,0.934818841082378,0.6266404222595303,2.2506456940990756,1.6920083986084007,3.0985451963167883,2.0408345956786835,0.0735069853298469,0.13823678464891423,0.009281007524826683,0.06713847944595969,227,0.0261837144863352,0.14265952083695677,0.004405286343612335,0.2506591154718275,0.012691715007434216,0.15110492967340844,0.0,,0.6358008712652458,,True,0.6358008712652458,59159.13656387665,True,CALM,CAL MAINE FOODS INC,3.0,True
20618,0.0021727659990003647,1.5217018666624953,0.6913042456757832,1.1140932785273368,0.33210848005059734,9.829051396181406,3.2505865630232824,5.147224241151855,0.3981601767898759,0.09744543314490833,0.0065423382103020665,0.06713847944595969,227,0.013080725820937675,0.12477260481230154,0.0,0.026073191988004375,0.3700596455363924,0.022297258361705943,0.0,,0.3631643621742907,,True,0.3631643621742907,80705.26872246696,True,CRS,CARPENTER TECHNOLOGY CORP,1.0,False
20750,0.006378717059302357,0.22219111995426116,0.3630583014555615,0.20852397620707036,1.701110154594412,2.504037454678039,2.9785231034204696,1.6808912730681351,0.08619600776441705,0.05585080027441267,0.0037497378062640546,0.06713847944595969,227,0.008655907278597524,0.05803648305686378,0.013215859030837005,0.07654460471162829,0.045158096128026196,0.11420994914955022,0.0,,0.5166567787178502,,True,0.5166567787178502,29161.64757709251,True,CWT,CALIFORNIA WATER SERVICE GROUP,1.0,False
20765,0.003889834430891319,1.1058773048500579,0.4996483031400944,1.232987852822047,0.5224875445529308,6.277211985061198,2.064594403158771,5.005968932909709,0.24391281861491287,0.11088777599139554,0.007444836669206491,0.06713847944595969,227,0.013023073356297354,0.12667646849941244,0.004405286343612335,0.04667801317069583,0.3009247917800462,0.03507901927073689,0.0,,0.3561296741376743,,True,0.3561296741376743,92300.25550660794,True,AJRD,AEROJET ROCKETDYNE HOLDINGS INC,1.0,False
21055,0.005694543430994393,1.1948239880754175,0.6669890859826125,0.8803268684327908,0.7801459816456512,6.917289048547235,2.8110022746048315,3.645402186922281,0.25752875919155827,0.10872052291686612,0.007299330593208005,0.06713847944595969,227,0.014537351846266295,0.12533429614116925,0.0,0.06833452117193271,0.21806610722126218,0.0523778149535646,0.0,,0.40179636030153787,,True,0.40179636030153787,66611.65638766519,True,GCO,GENESCO INC,1.0,False
21135,-0.002968374407398365,1.879406723562866,0.8454745015156124,2.017781440289328,-0.3476098196909234,9.30056127143426,3.0457859245310965,7.142199997088751,0.4090227621842427,0.12719063660624252,0.008539385941506742,0.06713847944595969,227,0.012323304940791674,0.1643493444256007,0.0,-0.03562049288878038,0.6357694502203571,-0.023337994734532814,0.0,,0.2597465824912765,,True,0.2597465824912765,115050.70925110132,True,FOE,FERRO CORP,1.0,False
21178,0.011135726673053651,0.5260296112113215,-0.18677226179401302,0.5532322185644657,2.9540717263079035,5.896953315581139,-1.5241943751889546,4.436029890821144,0.20082285183813564,0.05614693137220999,0.0037696195978868295,0.06713847944595969,227,0.01448909299881052,0.06238823637484024,0.0,0.1336287200766438,0.0017361628050421474,0.19833188387861383,0.0,,0.8045056788831079,,True,0.8045056788831079,441615.28193832596,True,LMT,LOCKHEED MARTIN CORP,1.0,True
21186,-0.000268719107007031,1.3618977951191968,-0.17672521747833453,0.6025130866153628,-0.06282954010727258,13.456275622422567,-1.271128221893282,4.258104777787677,0.47469582448882175,0.06370348117480619,0.004276954861490805,0.06713847944595969,227,0.006685395928548468,0.08730838425633235,0.0,-0.003224629284084372,0.5250207390691413,-0.0042182797870912205,0.0,,0.2652539161179178,,True,0.2652539161179178,256544.66079295153,True,WRK,WESTROCK CO,1.0,False
21207,0.006491660641110779,0.15541237865865348,-0.03657770172303453,0.09266961878331237,0.9236625119995509,0.9344544591504093,-0.16010298397744413,0.3985468783689889,0.004627036598562451,0.10468175374392953,0.007028173772103826,0.06713847944595969,227,0.007319045753803914,0.10422605064163873,0.004405286343612335,0.07789992769332935,0.1783301992266174,0.062013296576885334,0.0,,0.2432589363305518,,True,0.2432589363305518,1352403.3524229075,True,NEM,NEWMONT CORP,1.0,False
21371,0.002397668420370755,0.6877557273314209,-0.3026478147838388,0.30503027168312463,0.5559339604092832,6.73881170043763,-2.158724035677985,2.137772811168643,0.18650848603046333,0.06423835594134886,0.004312865540010493,0.06713847944595969,227,0.005461264899044047,0.07074831747030384,0.0,0.02877202104444906,0.2894066755575876,0.03732456077424963,0.0,,0.2674039077383639,,True,0.2674039077383639,516654.2731277533,True,CAH,CARDINAL HEALTH INC,1.0,False
21573,-0.003847083967307545,1.5308594866396912,-0.14717668647077387,1.1833111031108745,-0.8010018514508329,13.469522760399945,-0.9426845268483045,7.447068015811653,0.517039912977727,0.07153632809565025,0.0048028402934892425,0.06713847944595969,227,0.005527012036822155,0.10225139360006086,0.004405286343612335,-0.046165007607690545,0.788008414731017,-0.0537780463398074,0.0,,0.18724567606900608,,True,0.18724567606900608,794110.0132158591,True,IP,INTERNATIONAL PAPER CO,1.0,False
21742,0.01018409941482785,0.5930340365734518,-0.17253572788506188,0.48580012838635017,2.058339628437103,5.065111958475846,-1.0727510512800325,2.967813163944413,0.13529842672540837,0.0736943331953222,0.004947725474517844,0.06713847944595969,227,0.013650118091250784,0.07872255499482333,0.00881057268722467,0.1222091929779342,0.020359961128245667,0.13819379283662875,0.0,,0.6006588090266167,,True,0.6006588090266167,73628.57268722467,True,CASY,CASEYS GENERAL STORES INC,3.0,True
21776,0.005175978900125839,0.35626622905423516,-0.26238676696348046,0.2854864493711478,1.3801209073572511,4.014341534197938,-2.1522467924386737,2.300883678125457,0.09963090675686914,0.05586037683463881,0.0037503807619559603,0.06713847944595969,227,0.006904970087086247,0.058477902083053056,0.0,0.06211174680151006,0.08446571339487943,0.09265921917154403,0.0,,0.4090351599341188,,True,0.4090351599341188,902985.5286343612,True,EXC,EXELON CORP,3.0,False
21792,0.0051767817069041325,0.6411646695085862,-0.12243673234208947,0.38470771100067386,0.899652852985708,4.70868585136893,-0.6545643418358076,2.02083347337959,0.10576471080782124,0.08570642685427793,0.005754199177742586,0.06713847944595969,227,0.008657148229063874,0.09002967849813101,0.004405286343612335,0.06212138048284959,0.18463773652099738,0.06040132457867995,0.0,,0.3331039459772111,,True,0.3331039459772111,633639.1057268722,True,CNP,CENTERPOINT ENERGY INC,1.0,False
21928,0.005789464550155101,0.49852069153659434,-0.2180581005206086,0.21656188647494867,1.6263118586634036,5.917845773210362,-1.8843568796718044,1.838789359678134,0.1496499734233342,0.05302285019491726,0.003559873537977652,0.06713847944595969,227,0.00799990023133955,0.05711660909191512,0.0,0.06947357460186121,0.052647793994915405,0.10918810529559342,0.0,,0.48519104605330887,,True,0.48519104605330887,55345.17621145374,True,IDA,IDACORP INC,1.0,False
21936,0.001520166004762748,0.6871125795035201,-0.44684263557438947,0.16248589500675514,0.4834144897562818,9.233610932864355,-4.371281302859914,1.5618123069659284,0.2969603012725214,0.04683816276116852,0.003144643027827227,0.06713847944595969,227,0.003868742016269738,0.05548915850930012,0.004405286343612335,0.018241992057152975,0.31463788345912613,0.03245571378438122,0.0,,0.24151952970894544,,True,0.24151952970894544,6547309.973568282,True,PFE,PFIZER INC,1.0,False
22103,0.001724142453822293,1.1458203251684766,-0.28072377137478455,0.29016917443532714,0.5770928967542344,16.207055858170282,-2.8905286344049475,2.9356777651199226,0.5497423318363978,0.04449958039109509,0.0029876341634413684,0.06713847944595969,227,0.006675790869349778,0.0658754460431843,0.0,0.020689709445867517,0.2822294158467401,0.0387451395871435,0.0,,0.3510506466654748,,True,0.3510506466654748,666857.2334801762,True,EMR,EMERSON ELECTRIC CO,1.0,False
22111,0.005444844272032401,0.4625055727108054,-0.4124991430203125,0.09937204230654995,1.9418023873444057,6.970301465181703,-4.525516174714087,1.0711944394072115,0.211850629813772,0.041764658171078654,0.0028040156441864967,0.06713847944595969,227,0.006761281793913961,0.04673076350361202,0.0,0.06533813126438881,0.026710319455780306,0.13036965967083783,0.0,,0.5012066019612215,,True,0.5012066019612215,1904060.1894273127,True,JNJ,JOHNSON & JOHNSON,1.0,False
22293,0.0020758162315574744,1.884221236821876,0.4173200314479333,-0.8440294681362767,0.24604880649141447,9.437984889952663,1.5216931786461925,-3.023949228764035,0.35556204636153843,0.12565973504908315,0.008436603538777608,0.06713847944595969,227,0.008291558388456247,0.15549047729433293,0.004405286343612335,0.024909794778689695,0.4029353853313124,0.016519342737326744,0.0,,0.184723857725962,,True,0.184723857725962,2471536.845814978,True,GLW,CORNING INC,1.0,False
22509,0.0032842735996749237,1.074771225536365,-0.056513091281013006,0.4883895529895081,1.042276999700936,14.413680122592428,-0.5517195737016896,4.6848394985946165,0.5134825360994699,0.04693368714388442,0.0031510563896327863,0.06713847944595969,227,0.008984280119083324,0.06683957332562146,0.0,0.03941128319609909,0.14920594599040773,0.06997689292141782,0.0,,0.46562923314527593,,True,0.46562923314527593,239329.68281938325,True,PPG,P P G INDUSTRIES INC,1.0,False
22517,0.007150888231911992,0.5041830849000071,-0.42801984603055193,0.047925730364260746,1.7552226447783466,5.229684852583225,-3.2319276699341817,0.3555703093010146,0.12513947287227378,0.06068149553506095,0.004074063340730784,0.06713847944595969,227,0.008458747245291222,0.06444438398110619,0.0,0.08581065878294392,0.04029718792883897,0.11784297945953401,0.0,,0.454686012718286,,True,0.454686012718286,614952.9339207049,True,PPL,P P L CORP,1.0,False
22592,0.004781389023249259,0.7917751548522245,-0.0962119670633154,0.24858250990131792,1.5327897087807922,10.726187630606743,-0.9488183881699255,2.4087048699972,0.3554111052960377,0.04646222495641297,0.0031194031352496875,0.06713847944595969,227,0.008546998719790446,0.05748530046209366,0.004405286343612335,0.05737666827899111,0.06337255470663679,0.10290917035795775,0.0,,0.5150477049229303,,True,0.5150477049229303,633121.704845815,True,MMM,3M CO,1.0,False
22752,0.0034220271896886396,0.6494536398265416,-0.8493064685327725,-0.03963421736433894,0.8342046874601231,6.6904040890122305,-6.369115210612458,-0.29204110505181174,0.23538641465875865,0.061099735324079495,0.004102143324209288,0.06713847944595969,227,0.004187678138378619,0.06940911961248175,0.0,0.04106432627626368,0.2025291801898576,0.056007234262764695,0.0,,0.20900052736334873,,True,0.20900052736334873,2415761.8281938327,True,MRK,MERCK & CO INC NEW,1.0,False
22779,-0.002870030204796695,1.2176410584611628,0.574395962467832,-0.1023270253251737,-0.5671171152343196,10.167650159249861,3.4915894172523245,-0.6111687815585617,0.3999801571298326,0.07537758377341447,0.005060736358857491,0.06713847944595969,227,0.0030583143985208174,0.0966624097141245,0.00881057268722467,-0.03444036245756034,0.7143974831339809,-0.03807538078461132,0.0,,0.10960115601139366,,True,0.10960115601139366,2551033.0616740086,True,MSI,MOTOROLA SOLUTIONS INC,1.0,False
22825,0.01908245714978459,0.7923858247272878,0.5060673953619627,0.6220065228515576,2.4428591636202532,4.286628584331667,1.9929573037420139,2.406819930616474,0.12409427644005344,0.11634945815343758,0.007811525704783115,0.06713847944595969,227,0.025190680104838336,0.12349059835176161,0.00881057268722467,0.2289894857974151,0.007674544414019646,0.16400984974609265,0.0,,0.7066374023795808,,True,0.7066374023795808,22354.330396475772,True,CMD,CANTEL MEDICAL CORP,1.0,True
23026,0.005966382024737724,0.28633017775100794,-0.5540800383389841,0.2513884158405163,1.4989645252957682,3.039922027482099,-4.282311988497987,1.9090182702269667,0.12134844701712943,0.05928546104456828,0.003980335707784991,0.06713847944595969,227,0.006694432977287728,0.06282580659852736,0.0,0.07159658429685269,0.0676485612173578,0.10063819897179264,0.0,,0.3691189551651127,,True,0.3691189551651127,537319.2907488986,True,FE,FIRSTENERGY CORP,1.0,False
23085,0.004459881338459348,0.36453776402499805,-0.25046774141557115,0.1919505191713763,1.4032934519853215,4.847108535006119,-2.4243900759025188,1.8255721943194778,0.11814446023127034,0.047337280464046505,0.003178153031463015,0.06713847944595969,227,0.005980302997013988,0.050072905498393265,0.00881057268722467,0.053518576061512176,0.08096011012176524,0.09421498858276631,0.0,,0.41372428990832283,,True,0.41372428990832283,147216.5242290749,True,SCG,SCANA CORP NEW,1.0,False
23182,0.009110053949295385,0.24748205801009363,0.21323492017263,0.32174717831517957,2.7098224568971667,3.110846855741086,1.9512086821550387,2.892805016311124,0.09359435534427463,0.0500735762980223,0.0033618637730704645,0.06713847944595969,227,0.011499176911822855,0.052245094784506986,0.0,0.10932064739154462,0.0036275712276227904,0.1819333593245904,0.0,,0.7624508573925104,,True,0.7624508573925104,6167.612334801762,False,CPK,CHESAPEAKE UTILITIES CORP,1.0,False
23229,0.005282311837746647,0.8826338853090986,-0.8151599318441821,0.2559674159862621,0.9791038861600948,6.913538075903969,-4.6480743449973465,1.4340818817845205,0.21664341751220872,0.080357008471253,0.0053950473615860285,0.06713847944595969,227,0.007925430893530615,0.0901866434766378,0.004405286343612335,0.06338774205295976,0.164294821755313,0.06573554613641878,0.0,,0.30441866889140795,,True,0.30441866889140795,476843.85022026434,True,CMS,C M S ENERGY CORP,1.0,False
23297,0.005738952277045719,0.8861919155519492,0.06879658051170992,0.601239678207948,0.9171509173590493,5.984818709005842,0.33822098270719214,2.904292487485286,0.17127330920730088,0.09320094319270388,0.006257369608887405,0.06713847944595969,227,0.011250723181737766,0.10169810398207334,0.0,0.06886742732454863,0.18002719066318124,0.0615761180139536,0.0,,0.3832288589391557,,True,0.3832288589391557,271969.5110132159,True,EAT,BRINKER INTERNATIONAL INC,1.0,False
23393,0.012990151238443607,0.3402711333119299,-0.2828027250811323,0.05871658577694368,3.6849586347803642,4.079045421751364,-2.4678996865877063,0.5034585613908352,0.08077975801807669,0.0525061396364298,0.003525182376767131,0.06713847944595969,227,0.013961113512180027,0.05439995137410479,0.00881057268722467,0.1558818148613233,0.0001435930863086278,0.24740251956041315,0.0,,0.8890213069139938,,True,0.8890213069139938,130600.51982378855,True,CHD,CHURCH & DWIGHT INC,1.0,True
23473,0.004140459200023814,0.6438022598686549,-0.2569270307530286,0.7170133368913356,1.2741958462192313,8.372500775789172,-2.432332689265591,6.669594582265998,0.348303978763159,0.04839949423530339,0.0032494684489117608,0.06713847944595969,227,0.008299067464973435,0.05955476298227718,0.0,0.04968551040028577,0.10196014346460787,0.08554757163151708,0.0,,0.48272903072600565,,True,0.48272903072600565,150146.2511013216,True,CINF,CINCINNATI FINANCIAL CORP,3.0,False
23536,0.00998316649758829,0.21437541558543316,-0.2049528790481187,0.2164509704673859,3.358155538137524,3.047351115412643,-2.120860089302272,2.200779624993257,0.07527483597501061,0.044278816651440255,0.0029728124216441393,0.06713847944595969,227,0.011052068168651863,0.04573912790917413,0.004405286343612335,0.11979799797105947,0.00046130117408640226,0.22546145657358185,0.0,,0.8370401654719868,,True,0.8370401654719868,219915.13656387664,True,WEC,W E C ENERGY GROUP INC,1.0,True
23579,-0.0023558069809257046,1.7792527837410674,0.3377884058495576,1.0854331884054105,-0.4053787052841719,12.938201334210314,1.7880986238271874,5.645583689547929,0.49266090641057503,0.08655801173469434,0.005811373291732913,0.06713847944595969,227,0.00878346685398957,0.12071363271045278,0.0,-0.028269683771108455,0.6572060987044244,-0.027216509872551125,0.0,,0.2520578747588258,,True,0.2520578747588258,458602.3039647577,True,TXT,TEXTRON INC,1.0,False
23660,0.005307814208408009,1.0171336934342097,-0.4682197584695707,0.5107490011894851,1.3168183366727313,10.663584576878872,-3.573430933163625,3.8300302589529602,0.3723056897601853,0.060036911987323534,0.004030786981459812,0.06713847944595969,227,0.009965788030518232,0.07527356103110366,0.0,0.06369377050089611,0.09462557789095413,0.08840918083076499,0.0,,0.4586271984445338,,True,0.4586271984445338,210657.70925110133,True,CTAS,CINTAS CORP,3.0,False
23712,0.007241074146528396,0.39482023257984566,-0.2965792571640091,0.2849440740570441,1.8191964436782722,4.191708062190199,-2.292149183183893,2.163818151164658,0.1035337805850739,0.05928596524668746,0.003980369559148606,0.06713847944595969,227,0.009054944941233463,0.06219896277231383,0.004405286343612335,0.08689288975834075,0.03511128652977184,0.12213808304205663,0.0,,0.5043050237145201,,True,0.5043050237145201,475273.3964757709,True,PEG,PUBLIC SERVICE ENTERPRISE GP INC,1.0,False
23799,0.0009217342000039067,0.4065003769272954,1.11334777957775,1.033750649144398,0.12553728117167096,2.3396074391016524,4.6646962300651245,4.25566406750101,0.16596588623522313,0.1093607505251403,0.007342314501326857,0.06713847944595969,227,0.00790290664486927,0.11895091490209612,0.00881057268722467,0.01106081040004688,0.45010565704398925,0.008428382171645892,0.0,,0.2301493157518548,,True,0.2301493157518548,14502.418502202643,True,CIA,CITIZENS INC,1.0,False
23819,0.0015447825747241825,1.374195528986606,0.0429112070267758,0.2458758924876138,0.245207698024178,9.217863944939362,0.20953808582717712,1.1796881419950984,0.2934557767445213,0.09383433068708431,0.006299894282160194,0.06713847944595969,227,0.007992151293634635,0.11088946739256178,0.0,0.018537390896690188,0.4032605602325478,0.016462871993787362,0.0,,0.24966865524472817,,True,0.24966865524472817,2190997.986784141,True,HAL,HALLIBURTON CO,1.0,False
23835,0.0037623034349793583,0.779954433986609,-0.08693863778163805,0.44713274505552725,0.9246801141879837,8.100688910853965,-0.6573187687618036,3.321686956280299,0.257779899320398,0.06060253624910588,0.004068762134333622,0.06713847944595969,227,0.008067219764638364,0.06987513438319772,0.0,0.0451476412197523,0.17806592090677167,0.06208161684049761,0.0,,0.39993724896613336,,True,0.39993724896613336,134722.72687224668,True,MDU,M D U RESOURCES GROUP INC,1.0,False
23887,-0.013428109548938017,0.9543510629435473,-0.09702755542878055,0.2556488662239181,-2.0881229483798673,6.2713981900982185,-0.4641536643478754,1.2016267504325033,0.15765033800032535,0.09578275141640034,0.006430708287247461,0.06713847944595969,227,-0.008975211954034678,0.10366671033189767,0.013215859030837005,-0.16113731458725622,0.981039053660262,-0.1401933996504385,0.0,,-0.29991350286542917,,True,-0.29991350286542917,1528186.101321586,True,FTR,FRONTIER COMMUNICATIONS CORP,3.0,False
23931,0.0072421080441600755,0.453625951155864,-0.29336553158331663,0.35588020943977655,1.6405118156342597,4.342374532960455,-2.044320351115175,2.436703722592463,0.10976787160699286,0.06575278250861645,0.004414541836969403,0.06713847944595969,227,0.009507726753859396,0.06922464159846071,0.004405286343612335,0.0869052965299209,0.05115425762487073,0.11014146881481475,0.0,,0.47578045684046033,,True,0.47578045684046033,494276.62555066077,True,XEL,X C E L ENERGY INC,3.0,False
24010,0.007844274212130164,0.31898355104247245,-0.4419350574157832,0.3152974235833886,2.1234138186582463,3.6489270841805928,-3.680152620802284,2.5798046470110503,0.12863650812407068,0.05502329911206327,0.003694180636484152,0.06713847944595969,227,0.009126283109927719,0.05855246166117857,0.004405286343612335,0.09413129054556196,0.01741053663803894,0.14256277501925343,0.0,,0.5399324155531785,,True,0.5399324155531785,274748.08370044053,True,ETR,ENTERGY CORP NEW,1.0,True
24053,0.007090101057920018,0.5921750187287051,-0.05700608808087666,0.202722757034125,2.046915296712129,7.224579138440623,-0.5062839838036656,1.769027061092396,0.20211957230444166,0.05159184424030633,0.00346379797410696,0.06713847944595969,227,0.009986095168977688,0.05737336981121507,0.004405286343612335,0.08508121269504022,0.02091950036743098,0.13742678057592772,0.0,,0.6029425937085692,,True,0.6029425937085692,169381.66079295153,True,EVRG,EVERGY INC,1.0,True
24109,0.005683044307146392,0.4212602718625743,-0.4121381637174777,0.4241498409529944,1.612017774923551,5.049569012628885,-3.5963099879800446,3.636575588340346,0.18415182591225532,0.05250972146773135,0.003525422855474349,0.06713847944595969,227,0.007760269039655131,0.05774750878859973,0.0,0.0681965316857567,0.05418621130674473,0.10822842224822649,0.0,,0.4655155015012501,,True,0.4655155015012501,530280.1674008811,True,AEP,AMERICAN ELECTRIC POWER CO INC,3.0,False
24205,0.010954095389555045,0.4397313081073071,-0.42430438414086685,0.16425882521910753,3.3278855615577574,5.645394253536931,-3.965471996185623,1.5083603362814826,0.16359590402929558,0.049027148411720824,0.003291608195934333,0.06713847944595969,227,0.01233767358204883,0.0532508777031991,0.0,0.13144914467466054,0.0005117710849505387,0.22342917637315146,0.0,,0.8025962542970474,,True,0.8025962542970474,387620.38766519824,True,NEE,NEXTERA ENERGY INC,1.0,True
24248,0.006057177163398736,0.4995283268887257,-0.05677709210465298,0.702452181737737,1.7421056862923345,6.071267482353798,-0.5023459104646276,6.106684937750953,0.2510761280091812,0.051787420176273594,0.0034769286450640224,0.06713847944595969,227,0.010003040927779946,0.059443401360946835,0.004405286343612335,0.07268612596078483,0.04143433866352011,0.11696232681182739,0.0,,0.5829335038182551,,True,0.5829335038182551,45691.220264317184,True,ALE,ALLETE INC,1.0,False
24272,0.004527093340079767,1.596514875870754,0.5257469627057559,1.1637014994893822,0.6931500121355667,10.329891975519413,2.4763387968519717,5.385597671249596,0.4076033730233859,0.09727936177156028,0.006531188430815976,0.06713847944595969,227,0.015535393759853503,0.12554882023307326,0.0,0.054325120080957204,0.2444683448740402,0.04653703784273045,0.0,,0.4286474577411659,,True,0.4286474577411659,165173.8370044053,True,ASH,ASHLAND GLOBAL HOLDINGS INC,1.0,False
24328,0.006033379108077313,0.6423581137811779,-0.01830935937634303,0.21499702907492774,1.2500913518016235,5.624363405915339,-0.11670240010230942,1.3464744615096929,0.13472606682639776,0.07188650397855324,0.004826350569805996,0.06713847944595969,227,0.009252617266951965,0.07676597406684399,0.0,0.07240054929692775,0.10628821648288199,0.08392923252850525,0.0,,0.4175288180514779,,True,0.4175288180514779,270677.1321585903,True,EQT,E Q T CORP,1.0,False
24440,0.006354729197522705,0.578496927958409,-0.15220899010019887,0.4389022978743076,2.029217022743792,7.806341207047779,-1.4951930041212877,4.236271926117677,0.26291469868911144,0.04664413569691488,0.0031316163457618747,0.06713847944595969,227,0.00966960063950192,0.053968007811661584,0.0,0.07625675037027246,0.02181217674263411,0.1362385453728756,0.0,,0.6206728866096413,,True,0.6206728866096413,130372.34801762115,True,OGE,O G E ENERGY CORP,1.0,True
24441,0.0003020412726181796,1.039130174276843,1.089518733258716,0.18017854001391004,0.024728954764762758,3.5952115382270193,2.7440983569189163,0.44588930799742305,0.11050032019432698,0.18192359527944726,0.01221407356240426,0.06713847944595969,227,0.007391945224798824,0.19160831164601586,0.004405286343612335,0.0036244952714181555,0.4901466368238187,0.0016602644211940912,0.0,,0.13363955442361863,,True,0.13363955442361863,786038.8237885463,True,CDE,COEUR MINING INC,1.0,False
24459,-0.008061929490833838,0.947605748920268,0.10352539339188502,0.3230234245572017,-1.6484964198779084,8.18826187565019,0.6512105164666082,1.9964919164196173,0.2572828981799593,0.07284160157617844,0.004890474370233042,0.06713847944595969,227,-0.003020634840644106,0.08395875424106647,0.00881057268722467,-0.09674315389000605,0.9496705291358954,-0.1106775430027111,0.0,,-0.12463007728976645,,True,-0.12463007728976645,368955.3259911894,True,PBI,PITNEY BOWES INC,1.0,False
24643,-0.008114511405562162,1.702204191334157,-0.06766113692392868,0.3252259630140144,-1.4797418950972943,13.117475888031008,-0.3795669491024193,1.7926410184358545,0.45105406566899164,0.08167796409676396,0.005483734313698421,0.06713847944595969,227,-0.0003240547803018598,0.10950610439239981,0.00881057268722467,-0.09737413686674594,0.929823278900067,-0.09934762080931513,0.0,,-0.010251106037105023,,True,-0.010251106037105023,3048730.5462555066,True,HWM,HOWMET AEROSPACE INC,1.0,False
24766,0.009583550553999641,0.6215946222827133,-0.26801749649557016,0.6045731868267888,2.43410277589381,6.671672910333875,-2.094117870117438,4.641366698238962,0.23605409605057737,0.05864297920289717,0.003937200453863553,0.06713847944595969,227,0.013305530873456104,0.06664735738345658,0.0,0.11500260664799569,0.007857673131722606,0.16342195918869995,0.0,,0.6915759723797478,,True,0.6915759723797478,314134.7797356828,True,NOC,NORTHROP GRUMMAN CORP,1.0,True
24942,0.008764364827105995,0.6252853371258865,-0.46008677398126807,0.47380442797698197,2.0473624691469428,6.172591824960152,-3.3062793341027965,3.3454761027658755,0.20277314337832208,0.06376086619525587,0.004280807604506772,0.06713847944595969,227,0.011721818535005419,0.07093514486551412,0.0,0.10517237792527194,0.02089735490718849,0.1374568030532513,0.0,,0.5724323337387693,,True,0.5724323337387693,441892.0,True,RTN,RAYTHEON CO,1.0,True
24969,0.002105113327021243,0.6975420698852192,-0.0582737319362529,0.4481179334333275,0.45934268361685043,6.432010615941387,-0.39116470175379314,2.9555490650669647,0.18523606548675953,0.06826014024373357,0.004582882022732232,0.06713847944595969,227,0.00613433303201303,0.07511894671408202,0.004405286343612335,0.025261359924254916,0.32321777589183964,0.030839569322661874,0.0,,0.2828840644540831,,True,0.2828840644540831,67128.02202643172,True,AVA,AVISTA CORP,1.0,False
24985,0.005604088116110305,0.40154686279972523,-0.2743943132424199,0.2250942874956346,1.7409371877044686,5.271441706075981,-2.6222781518617726,2.1136211532046736,0.13877897937203265,0.04794577599056433,0.0032190064958630906,0.06713847944595969,227,0.00732112958317023,0.051320544224047596,0.004405286343612335,0.06724905739332365,0.04153689704682658,0.11688387559340332,0.0,,0.49417123682428055,,True,0.49417123682428055,267236.90308370045,True,AEE,AMEREN CORP,1.0,False
25081,-0.0017422053045335444,0.9993691320131587,-0.0036785143549193516,1.3853532515338243,-0.4665566459835076,11.309567675307742,-0.030304212786983118,11.213730208789064,0.5336641530616046,0.055619035111168814,0.0037341774456153176,0.06713847944595969,227,0.0063267421055683256,0.08090442245754217,0.0,-0.020906463654402532,0.6793637147754887,-0.03132390378673961,0.0,,0.2708934429135913,,True,0.2708934429135913,401999.3039647577,True,CMA,COMERICA INC,1.0,False
25129,0.004406608003700082,0.5202815258167681,-0.004960353686824027,0.7233044520810862,1.5958428583967583,7.962310966357732,-0.05526165059936713,7.9175601259538055,0.362566819546147,0.0411284926860538,0.002761304460845926,0.06713847944595969,227,0.008606897062372462,0.05117097267424985,0.0,0.05287929604440099,0.055970019943624785,0.1071424629474523,0.0,,0.5826577932158863,,True,0.5826577932158863,66920.54185022027,True,CBSH,COMMERCE BANCSHARES INC,3.0,False
25232,0.00989560973303643,0.8474291342039727,-0.0973591596050446,0.6454864984854726,2.1724571622223947,7.861892068562693,-0.6575230501144926,4.283318326823194,0.26571252163562475,0.06784531081945952,0.00455503100595703,0.06713847944595969,227,0.015023899067260016,0.07864751179472479,0.004405286343612335,0.11874731679643716,0.015437676658946515,0.1458554705330962,0.0,,0.6617413804571608,,True,0.6617413804571608,244470.02202643172,True,OKE,ONEOK INC NEW,1.0,True
25304,-0.0005080565664173776,1.4451901755345473,0.5079006362641939,0.9512066252565746,-0.08268152647583765,9.938856997103091,2.542732518852721,4.679029788167842,0.38482416799563424,0.09152338658310523,0.006144741008934433,0.06713847944595969,227,0.009231801785300938,0.11591260360655167,0.00881057268722467,-0.0060966787970085316,0.5329105292310186,-0.005551111965858597,0.0,,0.27589665385865775,,True,0.27589665385865775,94037.90308370044,True,HSC,HARSCO CORP,1.0,False
25320,0.0009463377230087951,0.3698602956347382,-0.25740430399177283,0.3556288281119512,0.25184047677635485,4.159413692469923,-2.1072724438028336,2.8606245767829366,0.11501032903714359,0.05596920245032698,0.0037576871483180345,0.06713847944595969,227,0.0029425525006669725,0.05909874103724419,0.0,0.011356052676105542,0.4006981554073889,0.01690818667370999,0.0,,0.17247915423044716,,True,0.17247915423044716,362545.8546255507,True,CPB,CAMPBELL SOUP CO,1.0,False
25419,-0.0011255492773771087,1.4398502530642046,0.369252520799726,1.2538376237784001,-0.20936270393705853,11.317933981510942,2.1129235181127486,7.049537562780148,0.46216747791569157,0.08007440010894329,0.005376073465861841,0.06713847944595969,227,0.009166013440498251,0.10845969422951865,0.0,-0.013506591328525304,0.5828218809783761,-0.014056293595028746,0.0,,0.2927539321327227,,True,0.2927539321327227,240731.14096916298,True,WHR,WHIRLPOOL CORP,1.0,False
25452,-0.005300174176163056,0.7810750544801157,0.7075764008128829,-0.32389995170247776,-0.9688528515783817,6.033585508705296,3.978932054337213,-1.7896293336664766,0.2645727052758402,0.08148183836152757,0.005470566730054428,0.06713847944595969,227,-0.0015208898110233412,0.09438199622241987,0.013215859030837005,-0.06360209011395668,0.8331658858634896,-0.0650473072618546,0.0,,-0.05582120596810397,,True,-0.05582120596810397,3108.1057268722466,False,JCS,COMMUNICATIONS SYSTEMS INC,3.0,False
25487,-0.0006060083937144318,3.029406397889037,0.6201318000161095,1.527691687091412,-0.055754631670458646,11.778090146353337,1.7551402142167152,4.248372151130284,0.43798487308907996,0.16189229784310755,0.01086920271119866,0.06713847944595969,227,0.01753786340367984,0.21451140963406753,0.0,-0.007272100724573182,0.5222064007901974,-0.003743281192424141,0.0,,0.2832154291764264,,True,0.2832154291764264,723200.0748898678,True,CAR,AVIS BUDGET GROUP INC,3.0,False
25582,0.009301353230180921,0.7569060048259098,0.29857552622507255,0.12046750861384813,1.9419045157707742,6.677881511666646,1.9176151124827279,0.760214570606262,0.20912098160664316,0.0713422438773657,0.00478980977418916,0.06713847944595969,227,0.013390014679600064,0.0796874536819206,0.0,0.11161623876217105,0.026704097071917943,0.13037651641809242,0.0,,0.5820787255101422,,True,0.5820787255101422,171697.2511013216,True,LHX,L3HARRIS TECHNOLOGIES INC,1.0,False
25590,0.003163349674475537,0.7203989733103598,-0.08605110703624136,0.4388057517861016,0.8319386976837739,8.006306910686108,-0.6961872892359215,3.4881966665896957,0.2565057990587539,0.05663493078244867,0.0038023831362607795,0.06713847944595969,227,0.007201312024285051,0.06524448287385887,0.0,0.03796019609370644,0.2031667655889105,0.055855099154740524,0.0,,0.3823476793074833,,True,0.3823476793074833,86552.48898678414,True,NFG,NATIONAL FUEL GAS CO N J,1.0,False
25785,-0.005367880213548979,1.627510978509536,0.09773721328782078,0.9325816705176698,-0.659864892326317,8.45456286568197,0.3696048505525912,3.4651625211422497,0.28124392360451533,0.12116475042081884,0.008134817105702982,0.06713847944595969,227,0.004202988597555785,0.1419658017302636,0.0,-0.06441456256258775,0.7449892657466588,-0.04430232551056083,0.0,,0.10255694971428332,,True,0.10255694971428332,7833024.616740088,True,F,FORD MOTOR CO DEL,1.0,False
25953,0.0011856978037755271,1.2728016546722802,-0.02934828290395101,0.38121613925807324,0.34247143793096024,15.535530830563278,-0.2607705492696954,3.3281749451855918,0.5412603848931116,0.051567746956794405,0.003462180119133191,0.06713847944595969,227,0.007450876967139355,0.07562985123028089,0.004405286343612335,0.014228373645306325,0.3661593537815761,0.02299301159635603,0.0,,0.34127523082745426,,True,0.34127523082745426,263294.54185022024,True,DOV,DOVER CORP,1.0,False
26084,-0.0026822331216350376,1.1773987279304006,0.6836872113007544,0.2740605548138692,-0.27478482682129696,5.097236840091556,2.154662168172642,0.8486474015304052,0.14883403380394078,0.1453892418901638,0.009761212628306424,0.06713847944595969,227,0.004388665660715852,0.1565392897148538,0.00881057268722467,-0.03218679745962045,0.6081320194353044,-0.018448635447603237,0.0,,0.09711800680377566,,True,0.09711800680377566,9391.030837004406,False,CTG,COMPUTER TASK GROUP INC,3.0,False
26201,0.011182043772577172,0.8194800595393565,1.1458058199374344,-0.42993274939257864,1.2503034445385246,3.8721097123535584,3.9412208046570334,-1.4530457682479017,0.18029922600516324,0.13320921199934968,0.008943463941830826,0.06713847944595969,227,0.015740703452641395,0.1461520120531311,0.0,0.13418452527092606,0.10624956052156945,0.08394347211236233,0.0,,0.37308686680192243,,True,0.37308686680192243,53444.83259911894,True,CMTL,COMTECH TELECOMMUNICATIONS CORP,3.0,False
26403,0.001899516503984096,1.1626139144698902,-0.23105933723674116,0.290638195451032,0.5885048640369124,15.221502590480434,-2.2021962148074157,2.7217247342879496,0.5193486100413403,0.04807524581287911,0.0032276989028674433,0.06713847944595969,227,0.007026410972115998,0.06888182168451341,0.0,0.02279419804780915,0.27839452740253035,0.03951132171798954,0.0,,0.35336175789034097,,True,0.35336175789034097,1908336.154185022,True,DIS,DISNEY WALT CO,1.0,False
26463,0.005166814470488159,0.16228801062907885,0.46168639481836354,0.49821615334099356,1.4104832253431678,1.872175333719649,3.8771949482682557,4.110999168119265,0.13075840087701895,0.054561140589660655,0.003663152016027049,0.06713847944595969,227,0.008235005450769611,0.05813148287216704,0.0,0.06200177364585791,0.07989520823397826,0.0946976990335732,0.0,,0.49073056927535746,,True,0.49073056927535746,4845.004405286343,False,CTWS,CONNECTICUT WATER SERVICE INC,3.0,False
26607,-0.003873708977547302,0.8670420917269249,0.8823138740931622,0.8711025297868262,-0.6439553596524222,6.090935178229754,4.512086155576392,4.377060740694119,0.2774829593329876,0.08959829116667108,0.006015493029886658,0.06713847944595969,227,0.00404877078539594,0.10470655997497538,0.004405286343612335,-0.04648450773056762,0.7398669344060893,-0.04323418367813973,0.0,,0.13394913766973776,,True,0.13394913766973776,16122.453744493392,True,BH,BIGLARI HOLDINGS INC,1.0,False
26614,0.006471056096322108,0.31191976653826475,0.269218975036209,0.17637061270443904,2.07107765913017,4.21870483347125,2.650650018103466,1.7062079814962565,0.13064106863716396,0.04653795331633431,0.003124487422185743,0.06713847944595969,227,0.008827263642879923,0.04957993253389495,0.0,0.0776526731558653,0.01975118656221129,0.13904900484849722,0.0,,0.6167523165071339,,True,0.6167523165071339,36423.594713656385,True,SJI,SOUTH JERSEY INDS INC,1.0,True
26650,0.002876693071723463,0.7589848595667741,0.47990556831548203,0.8844582861847836,0.5610018635797739,6.2548790073819,2.879068969545786,5.213539375307711,0.26105160997735577,0.07637614293870436,0.005127778102851882,0.06713847944595969,227,0.009543582120209252,0.08825694303457635,0.013215859030837005,0.034520316860681556,0.287679765440266,0.03766481208709573,0.0,,0.3745873933551585,,True,0.3745873933551585,2815.356828193833,False,CTO,C T O REALTY GROWTH INC,2.0,False
26710,0.003145045019165723,0.9397015606577928,-0.3173378186187225,0.8078205862275157,0.9392748378038546,11.859620551744811,-2.9155007465111114,7.292312383954869,0.4699580540927686,0.04987267663437119,0.0033483756751317246,0.06713847944595969,227,0.008653320725653195,0.06804649643540844,0.0,0.03774054022998867,0.1743029520378352,0.06306148439200122,0.0,,0.4405220528950266,,True,0.4405220528950266,277533.6563876652,True,L,LOEWS CORP,1.0,False
26825,0.004069620808746845,0.2603200164173826,0.1293144302584711,0.2515401146943911,1.274274946327807,3.444544393462056,1.2456088725347996,2.380679762435326,0.08396852739052052,0.047568482787424926,0.003193675603899016,0.06713847944595969,227,0.0061334628413274635,0.04936990755577957,0.0,0.04883544970496214,0.10194615643237862,0.08555288229253086,0.0,,0.4303621292185822,,True,0.4303621292185822,372229.7092511013,True,K,KELLOGG CO,1.0,False
27043,0.009180192819529715,0.6311003781222095,0.07466651938954895,0.29632680677399764,2.0642209233496156,5.996776143962238,0.5164827044514532,2.014001733665708,0.1617937926324401,0.06624057996307856,0.004447291816339598,0.06713847944595969,227,0.012782163839669783,0.07186987703747685,0.004405286343612335,0.11016231383435658,0.020076921392639013,0.1385886540342281,0.0,,0.6160955914654782,,True,0.6160955914654782,182143.5154185022,True,VAR,VARIAN MEDICAL SYSTEMS INC,1.0,True
27334,0.005821325375981977,0.9822852736904887,0.2164909007654136,0.333800552131109,1.304431358475068,9.301479081224283,1.492328753754708,2.2608457524787733,0.31969569839866974,0.06647053014129253,0.004462730321653213,0.06713847944595969,227,0.011274551710359433,0.08005265607093363,0.0,0.06985590451178372,0.09671560361108139,0.08757753794964362,0.0,,0.48788128597760766,,True,0.48788128597760766,63428.91189427313,True,CSL,CARLISLE COMPANIES,1.0,False
27422,0.00849947845552451,1.5466615317176244,0.6971067009907193,1.4132468892508185,0.7585565633796961,5.833188368702753,1.9139053376381614,3.8123982150846185,0.20083802212740087,0.16689095731320472,0.01120480510728913,0.06713847944595969,227,0.0203787039506688,0.18544435222422445,0.0,0.10199374146629411,0.2244594156465274,0.050928334239065544,0.0,,0.380674312391943,,True,0.380674312391943,982090.268722467,True,CLF,CLEVELAND CLIFFS INC NEW,1.0,False
27430,0.0028876278006358903,1.4452509419098263,0.5293429707687853,1.2352314488989269,0.3638881056375933,7.696352152916461,2.052056429619022,4.704998749220224,0.2910449441539449,0.11819574792067084,0.007935482792371792,0.06713847944595969,227,0.013486028427707448,0.13944107205962303,0.0,0.03465153360763068,0.35814316593715817,0.024430894100978765,0.0,,0.3350302186305591,,True,0.3350302186305591,167102.52863436122,True,CTB,COOPER TIRE & RUBBER CO,1.0,False
27562,0.013273291319562543,0.5526507957464885,0.1056380472011886,0.5013723323472183,2.3095517638882996,4.063636925593232,0.5654509547518317,2.636901849121038,0.09974337696157298,0.0856011156012751,0.005747128740347427,0.06713847944595969,227,0.01720486948274044,0.08961784039193671,0.004405286343612335,0.1592794958347505,0.010913939497173297,0.15505979362919453,0.0,,0.6650396383436821,,True,0.6650396383436821,100861.33920704846,True,CBRL,CRACKER BARREL OLD COUNTRY STORE,3.0,True
27618,0.0020044839070982715,0.5232023060985109,1.3103980930331576,0.9522488402439707,0.21786107559356793,2.40304411273858,4.381328585706664,3.1283263175712093,0.14015683852610195,0.13704128723911127,0.009200743646550928,0.06713847944595969,227,0.009648313581977163,0.14680472049173793,0.013215859030837005,0.02405380688517926,0.4138682881154268,0.014626861345813428,0.0,,0.2276680106111685,,True,0.2276680106111685,8838.607929515418,False,CRD,CRAWFORD & CO,1.0,False
27633,0.00094022568682426,1.2297244164194279,0.021653887119372467,0.8449043774196956,0.18918879643738723,10.456494726075855,0.13403699234048677,5.138725142467283,0.38458116590697755,0.07402274675828444,0.004969774661764559,0.06713847944595969,227,0.008463176796157615,0.09372987045531139,0.0,0.01128270824189112,0.4250584620622067,0.012701848121017373,0.0,,0.31278507338537176,,True,0.31278507338537176,140092.23788546256,True,R,RYDER SYSTEMS INC,1.0,False
27684,-0.0013315550724160331,1.4299626982795164,0.7673586895911552,0.13948994882277543,-0.23572469521763306,10.697583434033492,4.178975914881882,0.7464030249271265,0.42896010421309416,0.08413613337004923,0.005648772060927573,0.06713847944595969,227,0.006569684066709846,0.11059806675798668,0.0,-0.015978660868992398,0.593068675130266,-0.01582619760477417,0.0,,0.20577261297192528,,True,0.20577261297192528,227355.70044052863,True,AVT,AVNET INC,3.0,False
27828,-0.0005606472997373945,1.3568709219985526,0.3930495880342779,-0.34993613558576037,-0.11270807989970337,11.527068555924924,2.4307380813930015,-2.126369010219513,0.4428564143349992,0.07409061206066812,0.00497433103497374,0.06713847944595969,227,0.004848901703283947,0.09860020706820653,0.0,-0.006727767596848734,0.5448183059977179,-0.007567049105739817,0.0,,0.17035550655964413,,True,0.17035550655964413,2982878.1629955946,True,HPQ,H P INC,1.0,False
27887,0.006209037826678548,0.6372323382676676,-0.35086704935876034,0.20953974895206906,1.4493370808546615,6.285761945477431,-2.519493172289437,1.4784139218755283,0.16346586360516135,0.06380921486385678,0.004284053660599874,0.06713847944595969,227,0.008689681364104184,0.06930104427677782,0.004405286343612335,0.07450845392014258,0.07432413959831632,0.0973062878132279,0.0,,0.43436487231279214,,True,0.43436487231279214,736605.1497797357,True,BAX,BAXTER INTERNATIONAL INC,1.0,False
27888,0.0033499159128568073,0.7006754224235608,0.05275430634322491,0.801580696528905,0.9863628540970906,8.718358251686942,0.47784409424666113,7.1340242153793465,0.3662027654206893,0.050585459127620046,0.003396230807904152,0.06713847944595969,227,0.008638164521811176,0.0631173473126849,0.0,0.040198990954281685,0.16251203547709805,0.06622290220605564,0.0,,0.47409279613083366,,True,0.47409279613083366,81879.22026431718,True,CFR,CULLEN FROST BANKERS INC,1.0,False
27909,0.008316060389875563,0.948077537927111,0.8539010057177726,0.5115484557284604,0.8568519833593556,4.128070002534342,2.7065820676840904,1.593160301716948,0.12833327254269478,0.1445573995253163,0.00970536399679183,0.06713847944595969,227,0.01548268137352347,0.15380246804142797,0.004405286343612335,0.09979272467850675,0.19622327072852397,0.057527739273001886,0.0,,0.3487173010659311,,True,0.3487173010659311,8088.453744493392,False,CULP,CULP INC,1.0,False
27959,0.005117299813004158,0.44270895647296704,-0.45443284000570366,0.29820013459066336,1.3895243253807064,5.079940485290575,-3.795950176675636,2.447471556323112,0.16064362133515853,0.05485335645785122,0.003682770945087344,0.06713847944595969,227,0.006832953105359827,0.059474146926934625,0.004405286343612335,0.0614075977560499,0.08302956008078831,0.09329055035923356,0.0,,0.39798879196227416,,True,0.39798879196227416,1094691.1453744494,True,DUK,DUKE ENERGY CORP NEW,1.0,False
27983,-0.002974457213800491,1.6924024127558748,-0.13398231845789874,-0.34470176783650697,-0.4388684540279164,10.55225550901803,-0.6081344837083983,-1.537286012543613,0.35105920384640454,0.10094896260275385,0.006777559850795942,0.06713847944595969,227,0.002717997568217549,0.1244794135554719,0.0,-0.03569348656560589,0.6694091178378431,-0.029464960680233368,0.0,,0.07563836860307104,,True,0.07563836860307104,1565720.0792951542,True,XRX,XEROX HOLDINGS CORP,1.0,False
27991,0.006305898705950572,0.4104502919422893,-0.16783862035410005,0.3334448079570151,1.6795006015788887,4.619646737953638,-1.375151597201846,2.6843655662635975,0.11669690903982621,0.05592362635547153,0.0037546272386103545,0.06713847944595969,227,0.008594618687512372,0.05910696531270306,0.0,0.07567078447140686,0.04722748706623979,0.11275911661858114,0.0,,0.5037076818170887,,True,0.5037076818170887,152174.92511013217,True,PNW,PINNACLE WEST CAPITAL CORP,1.0,False
28118,0.004645261576814648,1.5076030146905441,0.7727633179528096,1.6735995123670027,0.6563406054260235,9.001629221954662,3.358853798589168,7.147516489207296,0.4037298613050151,0.10541669590215719,0.007077516671087963,0.06713847944595969,227,0.017268766263534022,0.1356082406860356,0.0,0.05574313892177577,0.2561408369243991,0.044065710246943814,0.0,,0.44112924703037365,,True,0.44112924703037365,5794.995594713657,False,NC,NACCO INDUSTRIES INC,1.0,False
28222,0.006063978358636721,0.9557474543462122,-0.23999517852351634,0.3734610373077608,1.8921976829536482,12.602799809570906,-2.303758144839784,3.5224001350766954,0.43512517797320993,0.047733099444699875,0.0032047277159599325,0.06713847944595969,227,0.010558120494673988,0.06308727058468336,0.0,0.07276774030364065,0.02988007498424934,0.12703927524467606,0.0,,0.5797429801519881,,True,0.5797429801519881,261598.10572687225,True,APD,AIR PRODUCTS & CHEMICALS INC,1.0,False
28310,0.006029213904103889,0.5917376359374601,-0.3226500669340487,0.3193558260083018,1.710329862042497,7.0935462215479435,-2.8156356098182678,2.738284424861178,0.21504119721157944,0.05250604572259336,0.003525176071534954,0.06713847944595969,227,0.008696616428819713,0.05886865213925614,0.0,0.07235056684924668,0.04429783820039915,0.11482894628855125,0.0,,0.5117488157541595,,True,0.5117488157541595,330537.3259911894,True,UN,UNILEVER N V,1.0,False
28345,0.0020299896632979125,1.043965827035377,0.13604656748019117,0.6938396646684393,0.33542732656872704,7.289637315574759,0.6915406379428837,3.465359249806426,0.23617276982931068,0.09014131401233375,0.006051950758048867,0.06713847944595969,227,0.00859779677284393,0.10245296422675083,0.004405286343612335,0.02435987595957495,0.3688090486335577,0.02252008067044769,0.0,,0.29070551459611377,,True,0.29070551459611377,340084.14977973566,True,MUR,MURPHY OIL CORP,1.0,False
28484,0.0019705532516846214,1.0598091057053358,0.05656087333039784,0.6792680027910165,0.3335700432045167,7.581262535385748,0.2945374179762256,3.4755580716010184,0.2445654208965734,0.08798925352773083,0.005907464689436893,0.06713847944595969,227,0.00839406164610682,0.10056096103270355,0.0,0.02364663902021546,0.3695087327308953,0.022395385489474333,0.0,,0.28915676826505327,,True,0.28915676826505327,610386.4273127753,True,HES,HESS CORP,1.0,False
28564,-0.007633547229073523,1.7493429077828924,0.7704836580161113,0.7073107933691934,-1.2303547787891411,11.914996970204754,3.820259799195838,3.4458690959838014,0.4685727377513008,0.09241118417164389,0.006204346389084708,0.06713847944595969,227,0.003213526257157693,0.12592177368486482,0.0,-0.09160256674888229,0.890069723866272,-0.08260414902697304,0.0,,0.08840394454390979,,True,0.08840394454390979,31916.277533039647,True,CTS,C T S CORP,1.0,False
28629,0.01062724789910744,0.8445207869878342,1.052302499441649,-0.3935497817122205,0.9687575944067702,3.253266765741632,2.950940234566224,-1.0843725391336734,0.12030586469459081,0.16339327968246037,0.010969976349568807,0.06713847944595969,227,0.015195719221641067,0.17304798783828912,0.013215859030837005,0.1275269747892893,0.1668578292779694,0.0650409118401963,0.0,,0.3041902778323982,,True,0.3041902778323982,5913.030837004405,False,DAIO,DATA I O CORP,3.0,False
28804,0.008238192818979908,0.9162514976432123,0.13356570636420378,0.39436739258805237,1.2900312600722086,6.06314568124077,0.6434113978716658,1.8666109407035962,0.16464420226220866,0.09511745404321532,0.006386041233232427,0.06713847944595969,227,0.013418135154319286,0.10337670455875927,0.0,0.09885831382775889,0.09918797248862898,0.08661073723900345,0.0,,0.44963499135140156,,True,0.44963499135140156,164503.91629955947,True,ALK,ALASKA AIRGROUP INC,1.0,False
29058,0.005739950377512534,-0.11248434743542737,0.48321605872835766,-0.11831170921505167,0.5680182098997203,-0.4703934201704443,1.4710281475228106,-0.3538884395365471,0.011954565773901304,0.15051312678583054,0.010105222469057608,0.06713847944595969,227,0.005958417256162818,0.1504125700922001,0.0,0.0688794045301504,0.28529703859920025,0.03813587891028319,0.0,,0.13722631577989794,,True,0.13722631577989794,3276.453744493392,False,DXR,DAXOR CORP,2.0,False
29102,-0.009896723629669917,1.4527144981440139,0.8057759351862008,0.8130039693119164,-1.2729579237636404,7.896195659353587,3.1883236614996338,3.1608202458486976,0.29996837128640286,0.11579928895741025,0.007774588181523834,0.06713847944595969,227,0.00010716195699736682,0.13748182017983293,0.0,-0.118760683556039,0.8978207752573371,-0.08546445940017669,0.0,,0.0027001381552144658,,True,0.0027001381552144658,1157233.2863436122,True,NBR,NABORS INDUSTRIES LTD,1.0,False
29209,0.0016934914661128845,1.511908416454162,0.5832274796095592,0.11647276829539077,0.3266022304892819,12.321870572163043,3.460187359346664,0.6789613583025607,0.47349040799519015,0.07723112569164452,0.005185180344836805,0.06713847944595969,227,0.009477316882871392,0.10572737097470979,0.0,0.020321897593354614,0.3721375409276549,0.021927577138709246,0.0,,0.31051929522564403,,True,0.31051929522564403,160768.84140969164,True,ARW,ARROW ELECTRONICS INC,1.0,False
29612,0.00563948183380022,0.795805972154347,0.9143045122168075,0.7482762746677225,1.277104466344797,7.615693196041922,6.36947427508234,5.121930998356514,0.3900361065970085,0.06577203469002654,0.004415834399155294,0.06713847944595969,227,0.012984842326663163,0.0836541373724298,0.0,0.06767378200560265,0.10144674516519364,0.08574285196403347,0.0,,0.5376998040855709,,True,0.5376998040855709,41977.5859030837,True,AIT,APPLIED INDUSTRIAL TECHS INC,1.0,False
29647,0.003458287082334709,0.6720025404041774,-0.0764056750050651,0.14387422115702814,1.0047625274853471,8.250653075676134,-0.6828943306628971,1.2634844438953263,0.24230223955040353,0.051265607910323426,0.0034418949629718776,0.06713847944595969,227,0.0064732627750322055,0.058502755472660664,0.0,0.041499444988016505,0.15805010526168967,0.06745822829964548,0.0,,0.38329886948110165,,True,0.38329886948110165,146488.23788546256,True,BCE,B C E INC,1.0,False
29867,0.0006011342811369814,0.6383706179323334,0.86369967568912,1.395206557380928,0.05650961496966341,2.535938789470938,2.4976933210963552,3.964367324728374,0.11095175677988645,0.1584446742721915,0.010637734506945305,0.06713847944595969,227,0.009043928195824197,0.16692185175130633,0.01762114537444934,0.007213611373643777,0.4774932176482896,0.003793969623139842,0.0,,0.18768714785779567,,True,0.18768714785779567,73489.03083700441,True,PYX,PYXUS INTL INC,1.0,False
29938,0.009171889514113856,0.6082497465955496,-0.28248094117232103,0.25028005818264965,2.7890782112109265,7.816257154134584,-2.6425093526093786,2.3004492245250034,0.23408654314348099,0.04898088417566463,0.003288502085472792,0.06713847944595969,227,0.011794263858881927,0.055594903719766366,0.0,0.11006267416936627,0.002871413358505548,0.1872544701565588,0.0,,0.7348970094247593,,True,0.7348970094247593,2082.9074889867843,False,BF,BROWN FORMAN CORP,1.0,False
29946,0.009057568683085512,0.6089101920543194,-0.34398075709861736,0.245638465020544,2.6327275726186876,7.479327554957301,-3.075770569462938,2.1581180000216262,0.22276556177227358,0.051242960543574675,0.0034403744532049115,0.06713847944595969,227,0.011539573225749502,0.05773729154407734,0.0,0.10869082419702614,0.004531246569405068,0.1767573260210711,0.0,,0.6923472366001514,,True,0.6923472366001514,85493.78854625551,True,BF,BROWN FORMAN CORP,1.0,True
30509,0.002877072046849102,0.35223270458337597,0.18278733596461472,0.44328408601205,0.5686406837482192,2.941927002324494,1.1113703271515643,2.6482187580008767,0.07283244831902369,0.07536007258150382,0.005059560684059324,0.06713847944595969,227,0.005980747426986695,0.07774284112764172,0.013215859030837005,0.03452486456218922,0.28508610656273387,0.03817767085796628,0.0,,0.2664929210335903,,True,0.2664929210335903,384.7885462555066,False,CVR,CHICAGO RIVET & MACH CO,2.0,False
30648,-0.00461321374183335,1.2988129856152149,1.256523727876486,0.18902801614916323,-0.6700910992675432,7.97245209779363,5.614698877412422,0.8299290663402684,0.3652372614815249,0.10254116012370314,0.006884457571330104,0.06713847944595969,227,0.003922744358989731,0.1278470543101635,0.004405286343612335,-0.055358564902000196,0.7482534904565561,-0.04498889749509448,0.0,,0.10628938729226999,,True,0.10628938729226999,29244.52422907489,True,COHU,COHU INC,3.0,False
30680,0.003947454387903865,1.1882754149836134,0.6424167743754458,0.7853487064015898,0.6666183119301751,8.479929759326529,3.3373556826703705,4.008733432111948,0.3349439046347611,0.08819995831954841,0.005921611088771502,0.06713847944595969,227,0.012439582355017203,0.10743293801821849,0.004405286343612335,0.04736945265484638,0.2528525334162681,0.0447557398338244,0.0,,0.4011058258533957,,True,0.4011058258533957,235230.2026431718,True,CMC,COMMERCIAL METALS CO,1.0,False
30681,0.0005820018689022759,1.1110229478819391,0.006424845317357089,0.07135107420110114,0.1423439808206357,11.48293169272878,0.048339583852458595,0.5274724365182545,0.3887194829413626,0.06089950615889036,0.004088700242517756,0.06713847944595969,227,0.005370174997270456,0.07737340435927499,0.0,0.006984022426827311,0.44346841531255005,0.009556758430582329,0.0,,0.24042927974626455,,True,0.24042927974626455,379385.6828193833,True,OMC,OMNICOM GROUP INC,1.0,False
30737,-0.00019789092293401572,1.0198776211597054,0.6612091760309595,1.0569713942822423,-0.02551365745353958,5.5566102133159845,2.622474183035141,4.119026694144926,0.20903103667343204,0.11552650967497255,0.007756274195276607,0.06713847944595969,227,0.00841870401486319,0.12903280641678233,0.0,-0.0023746910752081886,0.510165964395845,-0.001712948166535723,0.0,,0.22601419735889142,,True,0.22601419735889142,266736.33480176213,True,ASNA,ASCENA RETAIL GROUP INC,3.0,False
30840,-0.0025680621304523497,0.16141768485985267,0.38654147004254735,0.4893918063078146,-0.377179037539442,1.001862588726258,1.7464800073287756,2.1726173406085256,0.035779068461464614,0.1014113297819352,0.006808602480151896,0.06713847944595969,227,0.0003126896235491182,0.10258796429884574,0.004405286343612335,-0.030816745565428197,0.6468003748926479,-0.025323227059288682,0.0,,0.010558632656145846,,True,0.010558632656145846,233.3920704845815,False,CUO,CONTINENTAL MATERIALS CORP,2.0,False
30940,0.0069615559827585416,1.6328455916594542,-0.040441018166983596,0.46115002541852135,1.1919391156025676,11.814297272213365,-0.21300771640806682,2.3865718592290435,0.40459599247364486,0.08699228664554004,0.005840529848908623,0.06713847944595969,227,0.01491323531405701,0.11198841084871407,0.0,0.0835386717931025,0.11727601202493536,0.08002497981371834,0.0,,0.4613063275640498,,True,0.4613063275640498,163133.0,True,FLS,FLOWSERVE CORP,1.0,False
31051,0.006328551926532778,0.86806900788756,0.5108067323426345,-0.2642068030156274,0.5333472482610732,3.0915408267684534,1.3243044138941364,-0.6730297056050443,0.06679569975184996,0.1767350910772237,0.011865725279667996,0.06713847944595969,227,0.01022127776103148,0.18173251393717044,0.004405286343612335,0.07594262311839334,0.29716219252090237,0.03580812326493522,0.0,,0.19483329666039864,,True,0.19483329666039864,5316.955947136564,False,DYNT,DYNATRONICS CORP,3.0,False
31077,0.007860756262478053,0.6004836236001487,0.6067433219012175,0.3630583796219536,1.2105485787918384,3.907815793409312,2.8744079140916896,1.6899695639907686,0.12572507222825124,0.09671873486587614,0.006493548792831849,0.06713847944595969,227,0.012650790043619185,0.10275070421212672,0.004405286343612335,0.09432907514973664,0.11367497064878945,0.08127439087555155,0.0,,0.42650434913221497,,True,0.42650434913221497,24390.066079295153,True,CUB,CUBIC CORP,1.0,False
31238,0.007216734624888178,0.48043587129242304,0.5951291739851514,0.6534171400191876,1.357295267985339,3.818423108275871,3.443264166422348,3.7145708653735285,0.16134444997784714,0.07919447781313692,0.005316996820890803,0.06713847944595969,227,0.012319588640102356,0.08590160904583044,0.004405286343612335,0.08660081549865814,0.08802974611691812,0.09112674045173202,0.0,,0.4968045113478903,,True,0.4968045113478903,4636.515418502203,False,EMCI,E M C INSURANCE GROUP INC,3.0,False
31480,0.006292931637977646,0.50163852263026,0.15341459070642072,-0.10434936936013486,1.0740971916805555,3.6182325099386077,0.8055318859426163,-0.5383502539194257,0.07224057135514728,0.08726456571675338,0.0058588102517348455,0.06713847944595969,227,0.00838158697995724,0.08999501533630487,0.004405286343612335,0.07551517965573176,0.14196998245958192,0.072113252226608,0.0,,0.3226253019257454,,True,0.3226253019257454,1928.7180616740088,False,EML,EASTERN CO,3.0,False
31500,0.0018670908196718433,1.3147699076123915,0.15070117551432727,0.6460821859232354,0.46478830245159686,13.831030066394236,1.15406930179281,4.861407635924936,0.5080859918393482,0.05983272092009872,0.00401707790368989,0.06713847944595969,227,0.009443114067822873,0.08474076298105143,0.004405286343612335,0.02240508983606212,0.3212682793522783,0.03120517989086903,0.0,,0.38602327313939633,,True,0.38602327313939633,146120.75330396477,True,EV,EATON VANCE CORP,1.0,False
31668,0.012453152021348533,0.536863383905784,0.3427165621142811,0.5098914305762977,1.564958425218548,2.8510335198486807,1.3249030826546955,1.9368043605292435,0.06252027205865918,0.1185236409291555,0.007957497030382413,0.06713847944595969,227,0.01684454402306065,0.12159683007541042,0.004405286343612335,0.1494378242561824,0.05950529732984493,0.10506892906531692,0.0,,0.47987445166420767,,True,0.47987445166420767,1578.0220264317181,False,EDUC,EDUCATIONAL DEVELOPMENT CORP,3.0,False
31691,0.0094333036083484,0.339360393526061,-0.10372657619074627,-0.03916074773145488,2.301171401004082,3.4983345124185226,-0.7783961903497786,-0.2887491121664113,0.05249433564329031,0.06105810806952203,0.00409934853363479,0.06713847944595969,227,0.01049829338343981,0.06230898083499706,0.00881057268722467,0.1131996433001808,0.011152744686169655,0.15449714880794282,0.0,,0.5836583198506999,,True,0.5836583198506999,649.6431718061674,False,ESP,ESPEY MANUFACTURING & ELCTRS COR,2.0,False
32054,0.0009200561104261732,1.3269725735326647,0.756283182716208,0.05084730948723246,0.11114251950247606,6.77396416030777,2.8104500435153086,0.18566003490102706,0.23709138526877704,0.12329985766054345,0.008278164959232151,0.06713847944595969,227,0.008120509166412705,0.14022470263722753,0.00881057268722467,0.011040673325114079,0.4558016496041117,0.007461939761189162,0.0,,0.2006085118389335,,True,0.2006085118389335,53034.40088105727,True,ESIO,ELECTRO SCIENTIFIC INDS INC,3.0,False
32062,0.008011316877477817,0.7078588682649702,0.757915897553879,0.01767245981286522,0.9123394429853986,3.40654588042813,2.655211135606335,0.060832276622097115,0.10369807129568864,0.13079042707523805,0.008781070399919159,0.06713847944595969,227,0.012573430014439457,0.13722934940013393,0.01762114537444934,0.0961358025297338,0.1812876482043157,0.06125308294061349,0.0,,0.317393031528857,,True,0.317393031528857,1822.2026431718061,False,ELSE,ELECTRO SENSORS INC,3.0,False
32299,0.013750702034985254,1.5532550774032505,0.3836599451110968,0.7348695142269515,1.0623241645989263,5.070957784929762,0.9118095835063698,1.7160381814366634,0.12729870375749464,0.1927952411654688,0.012943979336266669,0.06713847944595969,227,0.023053606358009727,0.2050037055766839,0.039647577092511016,0.16500842441982305,0.1446188126619439,0.07132282908987131,0.0,,0.389554104863041,,True,0.389554104863041,30087.63436123348,True,GV,GOLDFIELD CORP,2.0,False
32651,0.008518569097742564,0.9767899098725481,1.0534644201376773,0.6776546194849963,0.7363389586992697,3.568020306594074,2.801279892491814,1.7705331316250568,0.11298226660100896,0.1723127328697068,0.011568814874049952,0.06713847944595969,227,0.01669998404606106,0.18173954278003998,0.00881057268722467,0.10222282917291077,0.2311491594567558,0.04943667804389027,0.0,,0.3183151053524518,,True,0.3183151053524518,979674.1497797357,True,HL,HECLA MINING CO,1.0,False
32678,0.013856122089167701,0.6474629585940848,0.6299352421154997,0.5587673947105447,2.0867158896624423,4.120515700675858,2.9183879991609514,2.5435319903970592,0.14102294434956875,0.09890241063548229,0.006640157463606192,0.06713847944595969,227,0.019448588777782695,0.10600206052565177,0.00881057268722467,0.16627346507001242,0.019025138028145705,0.14009893186765934,0.0,,0.6355714923198451,,True,0.6355714923198451,26369.13215859031,True,HEI,HEICO CORP NEW,1.0,True
32707,0.006266323605587388,1.0643741078841453,0.5399126754880228,0.6509730265074672,0.9666927908228229,6.938809849553796,2.5622687949850396,3.035450679895238,0.2458680009214823,0.09655012447786465,0.006482228547761965,0.06713847944595969,227,0.01364776403463179,0.1104402460347965,0.0,0.07519588326704865,0.16737241895657293,0.0649022840672155,0.0,,0.42807982717180165,,True,0.42807982717180165,266348.5286343612,True,HP,HELMERICH & PAYNE INC,1.0,False
32803,0.021057471160862973,0.70929494275977,0.667316968000834,0.4573501903588642,2.7832795939350565,3.9617996421589354,2.7133654578074062,1.8271912693388566,0.12407603601228223,0.11268805368694662,0.007565704576266267,0.06713847944595969,227,0.02669287790365356,0.11960322379666857,0.0,0.2526896539303557,0.0029214546037567147,0.18686515980976778,0.0,,0.7731132867782845,,True,0.7731132867782845,316611.20704845816,True,HFC,HOLLYFRONTIER CORP,1.0,True
32870,0.00945662812805838,0.34690461654313903,-0.1423393603906141,0.20752820266810548,2.6135060790861377,4.051467010275741,-1.2101458520464556,1.7335998252762677,0.08185197485806062,0.05389410888724714,0.0036183685217847554,0.06713847944595969,227,0.011177317861356067,0.05587057682980315,0.0,0.11347953753670056,0.004785989681462156,0.17546682417261533,0.0,,0.6930188849558733,,True,0.6930188849558733,179316.3744493392,True,HRL,HORMEL FOODS CORP,1.0,True
32942,0.004787383835486606,1.051893192700909,-0.0577940827021858,0.25284506478827473,1.2742692728319582,11.831767596187587,-0.4732295330306366,2.034238967255975,0.4013167330958648,0.055958432051849805,0.00375696404014125,0.06713847944595969,227,0.009716315295490628,0.0718398123299093,0.0,0.057448606025839274,0.10194715961263576,0.08555250138264642,0.0,,0.4685188117380936,,True,0.4685188117380936,49928.052863436125,True,HUBB,HUBBELL INC,1.0,False
32986,0.008709198615898157,0.26158903997535615,0.10877921266654755,0.22761737011184122,2.8204794367053854,3.5799693713904377,1.0837176763426875,2.2280999577116076,0.08370876961403473,0.045992154654584685,0.0030878433299522333,0.06713847944595969,227,0.010666439732269103,0.047727117190327094,0.004405286343612335,0.10451038339077788,0.002613693649322751,0.1893627006889965,0.0,,0.7741852699163555,,True,0.7741852699163555,82125.39207048458,True,ATO,ATMOS ENERGY CORP,1.0,True
33099,0.004001064263564526,0.6914687819614078,-0.02260283196698497,0.5192961908342503,0.9270891285123679,6.770699874364255,-0.16111438617302834,3.6370194595758796,0.2118958900119846,0.06428098713805713,0.0043157277337344474,0.06713847944595969,227,0.00828433825741596,0.07192650422225183,0.0,0.048012771162774304,0.1774412746571745,0.06224335439920029,0.0,,0.3989876867807502,,True,0.3989876867807502,47898.052863436125,True,IMO,IMPERIAL OIL LTD,2.0,False
33209,-0.01060894670391627,1.4853265971728362,1.4651584731535912,-0.3184004798986262,-1.1227267863786556,6.642610668432987,4.7699290675310095,-1.0184977093974503,0.30296536054193635,0.1407429605489024,0.009449268363975999,0.06713847944595969,227,-0.002317938910569344,0.1674548434814677,0.00881057268722467,-0.12730736044699525,0.8686195675748296,-0.07537816927071174,0.0,,-0.04795069379275703,,True,-0.04795069379275703,38908.59030837005,True,ENZ,ENZO BIOCHEM INC,1.0,False
33532,0.010486176799910379,1.0919354920591327,1.0659163472958189,1.0877411989187689,1.1174921495539218,4.917442741153515,3.4944266676703757,3.503784680587496,0.19586838381906113,0.1397658898168707,0.009383669320716239,0.06713847944595969,227,0.0203414372207547,0.1548231277611811,0.004405286343612335,0.12583412159892454,0.1324932202993816,0.07502672371384729,0.0,,0.4551310036788139,,True,0.4551310036788139,2669.656387665198,False,ESCA,ESCALADE INC,3.0,False
33823,0.023343618575108502,1.3963358822991119,1.4358303241063448,1.68859227732174,1.3137055702277898,3.3207393272635475,2.4857559480589724,2.8723621018339145,0.1096800492771346,0.2646662938483246,0.017769292529574064,0.06713847944595969,227,0.03695177724019188,0.27862738257845165,0.004405286343612335,0.28012342290130204,0.09514760773165315,0.0882001944247812,0.0,,0.45941181385471896,,True,0.45941181385471896,48624.700440528635,True,BOOM,D M C GLOBAL INC,3.0,False
33849,-0.001471622683274572,0.6957072958864757,0.6721533712783344,0.9272902742273736,-0.13590675017001877,2.715101916463674,1.909582555845578,2.588479831111082,0.07736382643396211,0.16128127369799852,0.010828179479191272,0.06713847944595969,227,0.005463326097655769,0.16678881286963745,0.01762114537444934,-0.017659472199294864,0.5539911982555585,-0.009124572552856982,0.0,,0.11346994101880098,,True,0.11346994101880098,1090.8325991189427,False,LGL,L G L GROUP INC,2.0,False
34032,-0.001763533946307028,1.4708969921671833,0.1962675441064618,1.2405402227138935,-0.36155986053345085,12.743645163554495,1.2378567172086874,7.687617431961011,0.5087990288298905,0.0726494134897884,0.004877571154345185,0.06713847944595969,227,0.008252582478303582,0.1029676298455461,0.004405286343612335,-0.021162407355684337,0.6409883489616217,-0.02427457926490914,0.0,,0.27763855820544114,,True,0.27763855820544114,786960.2643171806,True,MAS,MASCO CORP,1.0,False
34367,-8.243608792484944e-05,0.5359220190162909,0.5671269359236389,0.7384130559487612,-0.014539361727216309,3.994335984560902,3.0770442780524903,3.9365145498548255,0.16204512939842963,0.08445017057326984,0.0056698560412412665,0.06713847944595969,227,0.005432873604207014,0.09164070640030966,0.004405286343612335,-0.0009892330550981933,0.5057936620964991,-0.0009761506384800851,0.0,,0.20536753770712088,,True,0.20536753770712088,6038.607929515419,False,FARM,FARMER BROTHERS CO,3.0,False
34497,0.006204012719681034,0.5570288212085232,0.5981364677829124,0.4757332272956269,1.6771315418248882,6.363369440373896,4.974165512969745,3.8872498822233847,0.2941705791738298,0.055097773787470744,0.0036991807529482405,0.06713847944595969,227,0.011119660940192094,0.06514519450839878,0.00881057268722467,0.07444815263617241,0.04745893646888209,0.11260006154898092,0.0,,0.5912889770823775,,True,0.5912889770823775,4952.431718061674,False,NPK,NATIONAL PRESTO INDS INC,1.0,False
34673,-0.0007049493018270094,1.054310209726728,1.154343650660964,0.7903646511332308,-0.08562487152677967,5.411597461896655,4.3132305219267515,2.90171050993165,0.23026242537977604,0.12262709801823128,0.008232996899814705,0.06713847944595969,227,0.008330909143903652,0.13883958893193202,0.00881057268722467,-0.008459391621924113,0.534079273664704,-0.005748723677063636,0.0,,0.20785941562468252,,True,0.20785941562468252,137706.13656387664,True,NR,NEWPARK RESOURCES INC,1.0,False
34746,-0.004350244437855457,1.347105646686475,-0.18776813195109987,1.6194505068031433,-0.7397227297803225,9.679924811808355,-0.9822062470779335,8.323529236284745,0.42403219318856356,0.08759376536839661,0.0058809122157803114,0.06713847944595969,227,0.005430753272183046,0.11464953635704488,0.0,-0.05220293325426549,0.7698768720841505,-0.04966385928906538,0.0,,0.16408859363370598,,True,0.16408859363370598,1631751.0969162995,True,FITB,FIFTH THIRD BANCORP,3.0,False
34817,0.004829334175044418,1.23278091206063,0.22510200199247404,0.5187227521622961,0.9301787592679067,10.034138362244052,1.3337794459819217,3.019944652325752,0.3535281403434253,0.07733023661643108,0.005191834501623457,0.06713847944595969,227,0.011860537827872041,0.09553725049781489,0.0,0.057952010100533025,0.17664218875191987,0.06245078751017664,0.0,,0.43005328321515474,,True,0.43005328321515474,604078.6828193832,True,NUE,NUCOR CORP,1.0,False
34833,0.0072882074245578295,0.9116520691195904,-0.2628248566492311,0.6345590739879089,1.6608571104674397,8.779215143533706,-1.84248298196478,4.370872427307043,0.30325481065069027,0.06536073887199544,0.004388220623330204,0.06713847944595969,227,0.012300180110022893,0.0777818333766617,0.0,0.08745848909469395,0.049073725316160825,0.1115074209737942,0.0,,0.5478023843855596,,True,0.5478023843855596,868407.2290748899,True,OXY,OCCIDENTAL PETROLEUM CORP,1.0,False
34948,0.008165204875417165,1.3481111511945152,0.9507045127079955,1.0129490053924242,1.1224941285728263,7.8317301861770305,4.020573911787867,4.209098610233829,0.3273183397625321,0.1083456569077752,0.007274162659361665,0.06713847944595969,227,0.018617024209019967,0.13122147807816917,0.004405286343612335,0.09798245850500598,0.13142975284231437,0.07536254897939712,0.0,,0.49146880964949224,,True,0.49146880964949224,27926.748898678416,True,OXM,OXFORD INDUSTRIES INC,1.0,False
35044,-0.0032315739445644407,1.1286641912142719,-0.13596766670866758,1.3508888207095644,-0.6247195560659263,9.220421484794608,-0.8085970477140008,7.893600402723048,0.39938662453367135,0.07704731266315513,0.0051728394176016705,0.06713847944595969,227,0.0049913867088841836,0.09875479861545414,0.00881057268722467,-0.03877888733477329,0.7336031005100045,-0.041942721074421256,0.0,,0.17508689200361555,,True,0.17508689200361555,2435624.704845815,True,RF,REGIONS FINANCIAL CORP NEW,1.0,False
35107,0.0021581985040706733,1.1762553016920367,0.8561104367282064,0.14198763600793604,0.40462058174412274,9.319083456193333,4.937554219127553,0.8046215089555996,0.3959523626163354,0.07944597804142405,0.0053338821637983124,0.06713847944595969,227,0.009210239371182859,0.1015393859816073,0.0,0.02589838204884808,0.3430721281728489,0.02716561061084003,0.0,,0.3142150681046972,,True,0.3142150681046972,18583.563876651984,True,PKE,PARK AEROSPACE CORP,1.0,False
35124,0.005897181664785964,0.6358344253464687,-0.06712750392389119,1.0542496237157428,0.9812087183524639,4.470704381298375,-0.34359188147272607,5.30206286594287,0.1789762948347302,0.08951825485016009,0.006010119513295655,0.06713847944595969,227,0.011388956135046254,0.09813681765906977,0.0,0.07076617997743156,0.16377657030811932,0.06587686136930336,0.0,,0.4020152913375073,,True,0.4020152913375073,145667.64317180618,True,CLGX,CORELOGIC INC,1.0,False
35263,2.4355047162447226e-05,0.6163792002261154,0.25561754426598393,0.8329570952601858,0.00698696824310158,7.472446142283716,2.255879801966417,7.222822673121118,0.3413699483524478,0.05191928517555534,0.0034857818606079415,0.06713847944595969,227,0.005483812241563539,0.06354862308978253,0.0,0.0002922605659493667,0.49721574883422975,0.0004690944237790485,0.0,,0.29892831535112735,,True,0.29892831535112735,58854.20704845815,True,TRMK,TRUSTMARK CORP,3.0,False
35554,0.0026118365429379916,0.6836404027933515,-0.0925332077761445,1.1538582889592282,0.7706589119908562,8.524304533133288,-0.8399227255634802,10.29089653099134,0.4479654411811954,0.05047917957309087,0.0033890953602168697,0.06713847944595969,227,0.008531783082359082,0.0674881256249028,0.0,0.031342038515255896,0.22086242225328548,0.051740867522543754,0.0,,0.43792835083123755,,True,0.43792835083123755,154318.88105726874,True,MTB,M & T BANK CORP,1.0,False
35685,-0.0003021347407699735,0.618277311317255,0.854147059609054,0.8852646098104135,-0.06750225770864193,5.837353137287514,5.870509386168833,5.978266381353654,0.33179447825581376,0.06666699278945644,0.004475920525118864,0.06713847944595969,227,0.006578103818796359,0.0810128754769339,0.00881057268722467,-0.003625616889239682,0.5268788261659662,-0.004531998941727531,0.0,,0.2812789933585842,,True,0.2812789933585842,38761.348017621145,True,FFBC,FIRST FINANCIAL BANCORP OHIO,3.0,False
35917,-0.004569403784571983,0.8721272231085496,0.6404724852536776,1.3683998108995332,-1.1820552585723123,9.533955257657322,5.09687781533431,10.699802812598254,0.5133593446861217,0.05757716227211281,0.0038656431257629315,0.06713847944595969,227,0.004287111483032941,0.08198686389449386,0.004405286343612335,-0.0548328454148638,0.880778659604797,-0.07936139268164574,0.0,,0.18113864962271595,,True,0.18113864962271595,79361.4845814978,True,FMBI,FIRST MIDWEST BANCORP INC,3.0,False
35991,0.004398217565567955,1.0033417042333244,1.280108768341292,0.47373918084029676,0.6863095192038133,6.616178326907219,6.144912306277569,2.2344320135085423,0.3308619398187106,0.0954520334867705,0.006408504388326597,0.06713847944595969,227,0.012583487671450845,0.11591123426583125,0.004405286343612335,0.05277861078681546,0.24661545635462032,0.046077777548631696,0.0,,0.37606777499037175,,True,0.37606777499037175,21226.555066079294,True,ROG,ROGERS CORP,1.0,False
36003,0.01358764191945073,0.36878955784529255,0.4214059993844093,0.20363190799658498,3.214403427928521,3.686802973788763,3.0667791831688147,1.4560847258349559,0.12274632710892219,0.06296108586982363,0.004227111569566457,0.06713847944595969,227,0.01657703098216961,0.06677406628433571,0.0,0.16305170303340877,0.0007504004421151129,0.21581015847700138,0.0,,0.8599823703262077,,True,0.8599823703262077,47820.36563876652,True,ROL,ROLLINS INC,1.0,True
36281,0.012277154460962282,0.7968856981505447,0.478279351788518,0.5272680045921798,1.7523127105728848,4.806455745993063,2.1000083737450814,2.27472989982386,0.14354104978995885,0.1043553232136715,0.007006257722657563,0.06713847944595969,227,0.018074045437873547,0.1120107082669439,0.0,0.1473258535315474,0.0405472317190297,0.11764761090169154,0.0,,0.5589673609080124,,True,0.5589673609080124,214.88986784140968,False,SEB,SEABOARD CORP,2.0,False
36346,0.002532064143788949,0.5277259329106863,0.9584198603267098,0.9178320588883097,0.45151496951431896,3.976682431392617,5.2574936629822435,4.947037466942985,0.23968697709812925,0.08352780112235968,0.005607929558819754,0.06713847944595969,227,0.009353106888723529,0.09515531384734559,0.0,0.03038476972546739,0.3260286191999322,0.030314028500280216,0.0,,0.34049714482326887,,True,0.34049714482326887,7213.629955947136,False,SRCE,1ST SOURCE CORP,3.0,False
36397,-0.003735920250085863,0.7620479411926959,-0.11803384115106591,1.1598523087620602,-0.7529151974349013,6.490016257964214,-0.7317799568459754,7.065382594912237,0.2947590735896185,0.07390605695774295,0.004961940285989351,0.06713847944595969,227,0.002469905231957527,0.08741973601591332,0.004405286343612335,-0.04483104300103036,0.7738525177921751,-0.050549581507533796,0.0,,0.09787266689645208,,True,0.09787266689645208,500611.5242290749,True,FHN,FIRST HORIZON CORP,1.0,False
36468,0.011767521717407834,0.7106217342985042,0.10432423144425207,0.3817454650612354,3.1253512303792195,7.975672872104204,0.8523628630946032,3.064588978155857,0.26098335870303835,0.05608086149144982,0.003765183766555416,0.06713847944595969,227,0.016003726642384374,0.06480160751245655,0.0,0.14121026060889402,0.0010059701483878685,0.20983132934222007,0.0,,0.8555117293880419,,True,0.8555117293880419,202296.31277533039,True,SHW,SHERWIN WILLIAMS CO,1.0,True
36768,0.0020315051291090965,0.5600128600259748,0.7303991093865612,0.6520222238646991,0.36538292583273785,4.256408974996366,4.041253223845125,3.5446817638751744,0.1889606575656787,0.08281293424615432,0.005559934483745043,0.06713847944595969,227,0.007743215539094288,0.0913430321496262,0.0,0.02437806154930916,0.3575859550523487,0.02453125405592588,0.0,,0.2936544235951997,,True,0.2936544235951997,2681.8325991189427,False,FLXS,FLEXSTEEL INDUSTRIES INC,3.0,False
36898,0.006333336593705697,0.8028341657013358,0.5985882176173106,0.6974818505213727,1.1959991042664373,6.40677031889574,3.477378397521431,3.9812158281168055,0.2572023853816915,0.0788733367839898,0.005295435900506155,0.06713847944595969,227,0.01289586463538477,0.09090613134273501,0.0,0.07600003912446836,0.11648352391701375,0.08029756127917839,0.0,,0.4914144387424133,,True,0.4914144387424133,9290.955947136565,False,SCL,STEPAN CO,1.0,False
37154,0.00791492408611065,1.1292188310014721,-0.23089820545737444,-0.1269858642434427,0.5665060380203578,3.4154735411704737,-0.5083980194579159,-0.2747246916754332,0.050878178466877366,0.20809934324811125,0.013971473479381028,0.06713847944595969,227,0.011709310868353626,0.21218170862035943,0.00881057268722467,0.0949790890333278,0.2858097660383636,0.038034353989641854,0.0,,0.19116748071714695,,True,0.19116748071714695,40450.98678414097,True,FONR,FONAR CORP,3.0,False
37381,0.011319019620991922,0.1230550174326608,0.9263200122415818,-0.40156096869596714,0.811582635864876,0.3728535515323184,2.0431981355247477,-0.870281904246364,0.031251479898298795,0.2077325561250788,0.013946847949660269,0.06713847944595969,227,0.012630801011674393,0.20965115097330356,0.022026431718061675,0.13582823545190306,0.2089482862257926,0.05448842411671176,0.0,,0.20870087276838473,,True,0.20870087276838473,33517.94273127753,True,FORD,FORWARD INDUSTRIES INC NY,3.0,False
37402,0.004689940469875614,0.9013279488144857,0.5782095418291084,0.6090036239908868,0.6355681243863202,5.161698578482811,2.410491115848901,2.4945900229076736,0.16594306115085966,0.1099091175926736,0.007379131032419283,0.06713847944595969,227,0.01136135361949046,0.11954573408509916,0.013215859030837005,0.05627928563850737,0.262854809408092,0.04267107745561811,0.0,,0.3292203082329287,,True,0.3292203082329287,11875.722466960353,True,FSTR,FOSTER L B CO,3.0,False
37568,0.003501854359564821,0.7347733235865278,0.6653730665581462,0.605170118213967,0.8223509689044731,7.29167885880996,4.806731337300456,4.2955732601736,0.327738433538602,0.06342629898941719,0.004258345271034279,0.06713847944595969,227,0.009661110344448274,0.07684196124141157,0.0,0.04202225231477785,0.20587780194008184,0.055211393623158,0.0,,0.43553115260925046,,True,0.43553115260925046,23666.59911894273,True,FELE,FRANKLIN ELECTRIC INC,3.0,False
37584,0.0005609049965366335,1.3402720362661509,-0.15343977016979624,0.6542413867543483,0.1608009660950672,16.23705738456028,-1.3532024873879467,5.669201391139873,0.5731491650023377,0.05195521590774095,0.0034881941953322634,0.06713847944595969,227,0.007623279827769928,0.07899312558183944,0.0,0.006730859958439602,0.4361978696191648,0.010795932357064128,0.0,,0.3343052420006538,,True,0.3343052420006538,331446.7224669604,True,BEN,FRANKLIN RESOURCES INC,1.0,False
37875,0.0008528726947640438,0.9108782762756644,0.9071300259309767,0.5209749327028746,0.18095898688683423,8.16716471447803,5.920944512600716,3.3411601987253112,0.38238433212546796,0.07019926308606601,0.00471307178182536,0.06713847944595969,227,0.008005796223751157,0.08873023111414428,0.0,0.010234472337168525,0.42828206249365647,0.01214931122166341,0.0,,0.31255290650019824,,True,0.31255290650019824,61961.555066079294,True,FUL,FULLER H B CO,1.0,False
38033,0.005133377228661085,0.3187224488310713,0.577824168493617,0.44226794644495226,1.1086272296082582,2.9087743993894777,3.8388714351104767,2.8870370194058705,0.13329728344045344,0.06896776262533223,0.0046303907134546945,0.06713847944595969,227,0.008930048124888734,0.07358838475299846,0.013215859030837005,0.061600526743933015,0.134392617227784,0.07443154646828527,0.0,,0.4203733270748882,,True,0.4203733270748882,2364.568281938326,False,WEYS,WEYCO GROUP INC,3.0,False
38093,0.0069587289237666725,0.6564871236155428,-0.20163360777573502,0.7750838060143727,1.7966723381532481,7.162756687392522,-1.6015016354141807,6.048840765354827,0.287601126674517,0.05768853848761437,0.003873120755518152,0.06713847944595969,227,0.011452449063392127,0.06789317775932074,0.0,0.08350474708520007,0.036870464524782286,0.12062584884622618,0.0,,0.5843362854279285,,True,0.5843362854279285,138876.9603524229,True,AJG,GALLAGHER ARTHUR J & CO,1.0,False
38156,0.001347239589401268,1.5098216118194634,0.23885522644686843,0.28193416941755367,0.18096346155675472,8.570116398252093,0.9869753598130324,1.1446647239960221,0.2752973810626531,0.11088746116791717,0.00744481553243686,0.06713847944595969,227,0.008869300309204069,0.1293900071092729,0.00881057268722467,0.016166875072815216,0.42828030844385967,0.012149611644197892,0.0,,0.2374538668995383,,True,0.2374538668995383,1320585.0440528635,True,WMB,WILLIAMS COS,1.0,False
38295,0.002619602279340079,0.6093655086611138,0.36095435140029863,-0.17135279555940952,0.3696549170898536,3.6337414307325786,1.5668914570129027,-0.7308644676278894,0.08956273198123188,0.10555221978517162,0.0070866155385221645,0.06713847944595969,227,0.00539763617885165,0.10988554577015225,0.00881057268722467,0.031435227352080944,0.3559952101476123,0.024818069053135067,0.0,,0.1701585051431289,,True,0.1701585051431289,60150.47577092511,True,SPB,SPECTRUM BRANDS HOLDINGS INC NEW,1.0,False
38659,0.003019630141984498,1.2770158377084069,0.027405409058172462,0.30762230018483855,0.5559889947669031,9.93627839325989,0.15522949169022213,1.7120434596396223,0.3263180898838729,0.08089395246507265,0.00543109696487872,0.06713847944595969,227,0.009211261381596786,0.09790093162806042,0.004405286343612335,0.03623556170381398,0.28938789605590093,0.03732825569733751,0.0,,0.3259289252800098,,True,0.3259289252800098,254629.91629955947,True,GNTX,GENTEX CORP,3.0,False
38682,-0.010048965612251343,1.345340117372401,0.17016866858070692,1.2055259426248612,-1.700596646705031,9.621151986161149,0.8859007357420006,6.166532792752668,0.3778461201280694,0.08801334776438295,0.005909082339849127,0.06713847944595969,227,-0.0007046609063614752,0.11084033905894355,0.0,-0.12058758734701612,0.9547935951635076,-0.1141754730106737,0.0,,-0.022022821335408553,,True,-0.022022821335408553,311414.4052863436,True,RRD,DONNELLEY R R & SONS CO,1.0,False
38703,0.0004809368392149964,0.9286831772134025,-0.27044599047450846,1.4323408295045814,0.13523852873598077,11.035575726713283,-2.339475184686637,12.174280133692527,0.5549906227109807,0.052968308740192906,0.003556211707640688,0.06713847944595969,227,0.007830578900261757,0.07887325008944913,0.0,0.005771242070579956,0.44627263813601753,0.009079709181842472,0.0,,0.34391788071490925,,True,0.34391788071490925,4606089.78414097,True,WFC,WELLS FARGO & CO NEW,1.0,False
38746,0.006911323135313215,0.6908960663853061,0.8152303901133708,0.6287709156518091,0.6305889259263178,2.6638691302914586,2.2881843188882116,1.734051981383596,0.07341763043120075,0.16324630421202704,0.01096010863996806,0.06713847944595969,227,0.013273926517183085,0.16846106953581616,0.013215859030837005,0.08293587762375858,0.26447751769855826,0.04233678164215388,0.0,,0.272954638208667,,True,0.272954638208667,3998.9603524229074,False,AXR,AMREP CORP,1.0,False
38762,0.0075715591002845015,0.6759568163645033,-0.6278350369110449,0.46069097787285457,2.065440031064897,7.792220784935926,-5.268637573872192,3.798582007776298,0.2993098901749529,0.05460107905085782,0.003665833423583238,0.06713847944595969,227,0.010345874987327992,0.06479424649064586,0.004405286343612335,0.09085870920341402,0.02001867362059035,0.13867050307251294,0.0,,0.5531226026185855,,True,0.5531226026185855,436130.28193832596,True,NI,NISOURCE INC,1.0,True
38850,0.004002959222160699,1.1261473480242243,0.3708679693386211,0.4323121072262131,0.3790086291759575,4.505864988180021,1.0802213620632095,1.2372283324164983,0.10532920577453986,0.15731153431310657,0.010561657213092887,0.06713847944595969,227,0.010655803473133154,0.16520650690303634,0.004405286343612335,0.048035510665928385,0.3525210376634583,0.02544606305977138,0.0,,0.22343421402606162,,True,0.22343421402606162,11058.93832599119,True,SKY,SKYLINE CHAMPION CORP,1.0,False
39220,0.004772109595261538,1.4623591654003731,0.6414446551983679,1.201392903078796,0.5914688333545403,7.659325593649056,2.4457167047243216,4.500813779388371,0.2924758010390611,0.12017303870269602,0.008068235088899475,0.06713847944595969,227,0.015580621627759372,0.14191706003296833,0.0,0.05726531514313846,0.2774027106232313,0.03971031811109956,0.0,,0.3803126737055657,,True,0.3803126737055657,21240.81497797357,True,SMP,STANDARD MOTOR PRODUCTS INC,1.0,False
39490,0.0008287727180648127,1.022129540935972,0.05529730142857707,0.6684483680393429,0.13312885113892675,6.938373939505914,0.2732537802423432,3.245556183164658,0.21438902354543488,0.09272391518008612,0.006225342673467121,0.06713847944595969,227,0.007063641669573217,0.10391690454997064,0.004405286343612335,0.009945272616777752,0.4471057667192094,0.00893806863585506,0.0,,0.23546864316533223,,True,0.23546864316533223,676124.5991189427,True,APA,APACHE CORP,3.0,False
39538,-0.0006582992665834608,0.6648133987246783,0.21918961624546357,0.7709055179800313,-0.1252179324654049,5.343895356361378,1.2825923252392537,4.432296837104697,0.18741370789435852,0.07830425130473748,0.0052572283667543795,0.06713847944595969,227,0.004745889731018875,0.08628768301955471,0.004405286343612335,-0.00789959119900153,0.5497680847228147,-0.008406941585094157,0.0,,0.19052828523350712,,True,0.19052828523350712,756857.0308370044,True,MAT,MATTEL INC,3.0,False
39571,0.007838137236151085,1.00535415504666,0.4492584260022082,0.6495520135392093,2.0496669560845153,11.109756435017003,3.614033474419531,5.13415405771068,0.4495684003074437,0.05695843688482913,0.0038241028440660924,0.06713847944595969,227,0.014781389748389002,0.07626136864670187,0.0,0.09405764683381301,0.02078354558978385,0.13761152280214298,0.0,,0.671430856933479,,True,0.671430856933479,69296.70044052863,True,GGG,GRACO INC,1.0,True
39642,0.008817649148330983,0.5580849326388141,0.1559639340684814,-0.034047813014446565,2.392617241294518,6.399348105717321,1.3018774305689114,-0.2792506296867513,0.1875611190758043,0.05489187748083657,0.0036853571879972833,0.06713847944595969,227,0.011345128276143963,0.060493811348094756,0.0,0.1058117897799718,0.008778903105552247,0.16063668347670076,0.0,,0.6496644253275848,,True,0.6496644253275848,246739.00881057268,True,BDX,BECTON DICKINSON & CO,1.0,True
39693,0.0052281920466693225,1.2138159607009027,0.5371004668785976,0.8336363439290545,1.145803454518464,11.241556902589137,3.621092577590531,5.522297020339395,0.4582900790929677,0.06796258727336721,0.004562904768747206,0.06713847944595969,227,0.013741333342128086,0.09172436650439228,0.0,0.06273830456003188,0.1265522865651508,0.07692750168029752,0.0,,0.5189610660579788,,True,0.5189610660579788,53344.603524229075,True,B,BARNES GROUP INC,1.0,False
39731,0.0061408930740695505,1.3270621556663211,0.9833704377093884,0.9375786726818242,0.47634399053993975,4.350061968389463,2.3465607741696592,2.1982718635624563,0.1316216606294771,0.19201685125576615,0.012891719421313154,0.06713847944595969,227,0.016359316154141924,0.20468360843971556,0.004405286343612335,0.0736907168888346,0.31714785441529303,0.03198101121807216,0.0,,0.2768679619443148,,True,0.2768679619443148,845.4889867841409,False,GTN,GRAY TELEVISION INC,1.0,False
40125,0.002733448149478735,1.333807581480385,-0.44133651300096205,-0.18453574327374825,0.45886932149147913,9.462075057095364,-2.279153340981457,-0.9363607647738553,0.2886472339101067,0.08872588010172457,0.005956920677534319,0.06713847944595969,227,0.006760557709956008,0.10449752769491012,0.004405286343612335,0.03280137779374482,0.32338746861925965,0.030807788509337138,0.0,,0.22411304266130802,,True,0.22411304266130802,308363.7797356828,True,DXC,D X C TECHNOLOGY CO,1.0,False
40272,0.005564672099420663,0.7814027714907884,-0.46447425807195,0.17848367350340566,1.6041082561333824,9.51884087894805,-4.118900003067561,1.555167306956448,0.3050503787597665,0.051669517168508435,0.003469012816400565,0.06713847944595969,227,0.008309707262497046,0.061568128709130886,0.0,0.06677606519304796,0.05505275082159212,0.10769738918350533,0.0,,0.46754174526452474,,True,0.46754174526452474,110035.71806167401,True,IFF,INTERNATIONAL FLAVORS & FRAG INC,1.0,False
40416,-0.00924748064465741,1.0185739227113257,-0.20968299188328768,0.7531473987194252,-1.3491130964575144,6.279607574323499,-0.941052028342225,3.3211572111092873,0.1853045653764448,0.1020947880045713,0.006854488825984521,0.06713847944595969,227,-0.0033440428151224506,0.11235803680643772,0.004405286343612335,-0.11096976773588892,0.9106655589527708,-0.09057740189678785,0.0,,-0.10309991564654818,,True,-0.10309991564654818,863181.6696035243,True,AVP,AVON PRODUCTS INC,1.0,False
40440,-0.009727390492661556,0.9371026225076841,0.31394899801137616,0.7689541464223236,-1.5644877871595786,6.3690990699178185,1.5533182018353247,3.7381850502251632,0.2145548309306866,0.09260888854403403,0.0062176199600268,0.06713847944595969,227,-0.003008686535876748,0.10379894693303249,0.004405286343612335,-0.11672868591193868,0.940439497183913,-0.10503733114166833,0.0,,-0.10040945690034822,,True,-0.10040945690034822,130960.22466960353,True,DBD,DIEBOLD NIXDORF INC,1.0,False
40539,0.012579926011677066,0.7046899904311809,-0.3092514636192612,0.28111800416845295,3.0079418951572605,7.120401495042695,-2.274723544053378,2.031723215000119,0.200593376735007,0.06229269825149013,0.0041822370411910385,0.06713847944595969,227,0.01563079656653745,0.06920723268384985,0.0,0.15095911214012478,0.0014660947763455987,0.20194864510265673,0.0,,0.7823845215626962,,True,0.7823845215626962,756409.9867841409,True,TJX,T J X COMPANIES INC NEW,1.0,True
41080,0.009836906050869235,1.5257551039246227,-0.06948894832858395,0.5801441772168394,1.8365687117327982,12.037838520154526,-0.39910750983042365,3.273927980962406,0.4183342440717138,0.07977739319442691,0.0053561328732362745,0.06713847944595969,227,0.017627371457283728,0.10390616232379186,0.0,0.11804287261043082,0.0338023398537606,0.12330443070376512,0.0,,0.5876745379694178,,True,0.5876745379694178,345224.49339207046,True,CMI,CUMMINS INC,1.0,False
41187,0.005969024957875885,0.3396592660754701,-0.12924340569320647,0.46315591994282235,1.7630878091121869,4.239640563843259,-1.1743686373328295,4.135064550549035,0.14090379337436665,0.05042639845429355,0.0033855517161573605,0.06713847944595969,227,0.00841929819035388,0.05404247899295651,0.004405286343612335,0.07162829949451062,0.039627656641015654,0.11837103463350064,0.0,,0.5396736974877195,,True,0.5396736974877195,81705.55947136563,True,HE,HAWAIIAN ELECTRIC INDUSTRIES INC,1.0,False
41188,0.02663392230794541,0.7305081947832391,4.428053306324355,-1.6660782398629725,1.625243368364196,1.8837505424243726,8.312307821048433,-3.0730044744391916,0.3438287028837671,0.24408732327300794,0.01638765173658416,0.06713847944595969,227,0.034215469669556124,0.2993193698281556,0.01762114537444934,0.3196070676953449,0.052761571555832394,0.10911636848160186,0.0,,0.39598460939248253,,True,0.39598460939248253,6110.1233480176215,False,AMOT,ALLIED MOTION TECHNOLOGIES INC,3.0,False
41217,0.0010051684293986979,0.6506019723009914,0.9628869805708069,0.9942937927969265,0.16497887475549036,4.512527869199457,4.861724166059354,4.932745987421072,0.2436926520986612,0.0907484051761357,0.006092709935671608,0.06713847944595969,227,0.008559985084401265,0.10365447432235547,0.004405286343612335,0.012062021152784375,0.43455503163788434,0.011076430791789046,0.0,,0.2860721483591011,,True,0.2860721483591011,21196.528634361235,True,HVT,HAVERTY FURNITURE COS INC,1.0,False
41241,0.005727627572726523,0.5473784672573067,0.5425356788856548,0.6315419828601335,1.2366847202331597,4.994441805000223,3.603612054579055,4.12164873437057,0.21107902166676917,0.06898334906663958,0.004631437163424045,0.06713847944595969,227,0.010932239189208928,0.0771481888141665,0.013215859030837005,0.06873153087271827,0.10875249706919675,0.0830291316705064,0.0,,0.49087850297603963,,True,0.49087850297603963,4543.22026431718,False,HWKN,HAWKINS INC,3.0,False
41292,0.013912150350583385,0.20331449071264476,0.6994437598644123,0.6797880388192127,2.619226924115332,1.6175667865018963,4.050952650476236,3.868449295925829,0.12554763065900965,0.07911332453457133,0.005311548313165855,0.06713847944595969,227,0.018170673894209954,0.08403878550920453,0.004405286343612335,0.16694580420700061,0.004708859301070873,0.17585091300902145,0.0,,0.7490001242126463,,True,0.7490001242126463,55065.2731277533,True,HCSG,HEALTHCARE SERVICES GROUP INC,3.0,True
41355,0.004268865301644722,1.3068438474560249,-0.12401804666552145,0.5138412728177194,1.0363605875821114,13.407171317082732,-0.9262086380749204,3.770612893270224,0.46988379931512125,0.06135218887566028,0.0041190926717931545,0.06713847944595969,227,0.01085392167906296,0.08370332986648069,0.0,0.051226383619736665,0.15057821656435877,0.06957967400798429,0.0,,0.44919464588800523,,True,0.44919464588800523,251922.95594713656,True,PH,PARKER HANNIFIN CORP,1.0,False
41452,0.009693086452372488,0.9731186288677116,0.5488800752498884,1.0347798986208587,1.3577914669406017,5.760388828734891,2.3652331530980812,4.38130511655659,0.21671429724930336,0.10633041529055316,0.007138862401465162,0.06713847944595969,227,0.017816727852428552,0.1193426349383208,0.0,0.11631703742846985,0.08795108672979093,0.09116005449509104,0.0,,0.5171576424633613,,True,0.5171576424633613,45461.612334801765,True,HELE,HELEN OF TROY LTD,3.0,False
41574,0.020613046877244766,0.5826452113560786,0.5448063116172049,-0.6765145833755674,1.5040135445447722,1.7965063722783947,1.2228612684430569,-1.4920083226863812,0.04375422029778275,0.20413569063576997,0.013705359869936429,0.06713847944595969,227,0.022223142145890867,0.20736353540459798,0.013215859030837005,0.2473565625269372,0.06699640327110731,0.10097718244686417,0.0,,0.3712476373958922,,True,0.3712476373958922,4070.876651982379,False,IIN,INTRICON CORP,3.0,False
42059,0.0004936140229356662,0.36201298910490953,0.49893691437124277,0.24070929648082615,0.12884799199697017,3.993276141129193,4.006464563521353,1.8991862428187622,0.16382382544370588,0.057060862649548634,0.0038309795541654496,0.06713847944595969,227,0.0037248973081985205,0.06198514915191966,0.004405286343612335,0.005923368275227995,0.4487970308263203,0.00865065826234176,0.0,,0.20816958510380795,,True,0.20816958510380795,8977.431718061674,False,WMK,WEIS MARKETS INC,1.0,False
42200,0.005969523453190565,1.3485877687176637,0.19456311710747481,-0.5782062340138725,1.0697446170374088,10.212561563328247,1.072572025502404,-3.131898963461974,0.3797865477411111,0.08311665404855544,0.0055803257694558815,0.06713847944595969,227,0.010272642558796433,0.10483726269779864,0.00881057268722467,0.07163428143828678,0.14294539597086042,0.07182102698339209,0.0,,0.33943539504877573,,True,0.33943539504877573,194017.14537444935,True,PKI,PERKINELMER INC,1.0,False
42286,0.007643849512251805,0.7916398788679648,0.6377789548925867,0.47039824139306186,1.5887126570702337,6.953059006642352,4.077828105870713,2.9551766253150697,0.2827303575582022,0.07166304732159098,0.004811348029635472,0.06713847944595969,227,0.013593003668345,0.08405281415022041,0.0,0.09172619414702166,0.056771022149506405,0.10666375207224588,0.0,,0.5602137946021866,,True,0.5602137946021866,101904.5462555066,True,WWW,WOLVERINE WORLD WIDE INC,1.0,False
42358,-0.0012105866693591966,1.1024024818763705,-0.055101758141366516,0.8027445759996186,-0.1392065249211113,5.356966262800655,-0.19491921970576118,2.7901375308048255,0.14222025613301315,0.12952833829898294,0.00869633567855558,0.06713847944595969,227,0.0055059226290336645,0.1389233069738864,0.004405286343612335,-0.014527040032310359,0.5552937057122587,-0.009346114412159505,0.0,,0.13729212100921423,,True,0.13729212100921423,1958.5991189427314,False,BRN,BARNWELL INDUSTRIES INC,2.0,False
42439,-0.00032687733235753705,1.1891594691720877,0.5043797570304683,1.1816599935422303,-0.057852365878161595,8.893883609888757,2.7461197424503254,6.321401536853035,0.3754082730893151,0.08415737481702361,0.005650198179378665,0.06713847944595969,227,0.00901201305402984,0.10577725144987139,0.0,-0.003922527988290445,0.5230409842598394,-0.003884119877411092,0.0,,0.2951346206126559,,True,0.2951346206126559,41036.171806167404,True,HNI,H N I CORP,1.0,False
42550,0.01594810866559827,1.3980108561215205,0.20690794859386996,-0.21841114698817615,2.140854815667571,7.930555303896936,0.8544383014903915,-0.8862114479365973,0.25101303292232746,0.11095591747766619,0.00744941158498189,0.06713847944595969,227,0.021510525283680575,0.12735369514981526,0.00881057268722467,0.19137730398717923,0.016685419975650425,0.143733737038481,0.0,,0.5850999870086414,,True,0.5850999870086414,21816.86784140969,True,NEU,NEWMARKET CORP,1.0,True
42585,0.008168143318479943,0.38134064178065896,0.11153441702764902,0.2615186235394855,1.9001607253403696,3.7488244637258292,0.7981810133797603,1.8388831619446608,0.08055312941787096,0.0640267578484747,0.004298659165801256,0.06713847944595969,227,0.010720860640368418,0.06632792381137359,0.0,0.09801771982175932,0.029351012089742945,0.12757390180228426,0.0,,0.5599172795696455,,True,0.5599172795696455,123595.05286343613,True,SJM,SMUCKER J M CO,1.0,False
42614,0.002485370808266053,0.8675090726361828,0.6387691298485869,0.8134798726043241,0.6771530033710764,9.988141023297432,5.353835692521431,6.699261866948674,0.46182538420850616,0.054667961880639764,0.0036703238350758406,0.06713847944595969,227,0.009730804655651144,0.07402347860395213,0.039647577092511016,0.029824449699192634,0.2495053692570599,0.04546302299859889,0.0,,0.4553757369953079,,True,0.4553757369953079,126.58590308370044,False,MOGB,MOOG INC,1.0,False
42796,-0.0012854790983134177,0.9817057431152574,0.45672683945682085,0.8505459863052564,-0.2795887945777799,9.0230029221285,3.0558833971896417,5.591612511982597,0.3719725900632581,0.06848157762095264,0.004597748991531222,0.06713847944595969,227,0.006151610917571806,0.08583860859328267,0.004405286343612335,-0.015425749179761012,0.6099739234149772,-0.018771166538080926,0.0,,0.24825431894206104,,True,0.24825431894206104,74140.51101321586,True,MDP,MEREDITH CORP,1.0,False
42877,0.012460259067307501,1.0312299463573562,0.15824664460396054,0.5870403607166456,2.339120935035048,8.180806946859551,0.9138725174872997,3.3310265282057374,0.27375996938703295,0.07934195457891637,0.005326898186698844,0.06713847944595969,227,0.018716811127800596,0.09248280963061505,0.0,0.14952310880769001,0.010106759363863077,0.15704502281846458,0.0,,0.7010701331091378,,True,0.7010701331091378,237941.40969162996,True,JBHT,HUNT J B TRANSPORT SERVICES INC,3.0,True
42906,-0.003945005026964031,1.1018637940762757,0.28933913235752295,1.5281608601543937,-0.6969412771766694,8.226054130049365,1.5724661449311692,8.160226706158943,0.38321696764699975,0.08431015213061908,0.005660455415907303,0.06713847944595969,227,0.0055727998899929715,0.10663797169550097,0.004405286343612335,-0.04734006032356838,0.7567172858356261,-0.046791577612766706,0.0,,0.1810306853443145,,True,0.1810306853443145,1712762.651982379,True,HBAN,HUNTINGTON BANCSHARES INC,3.0,False
42922,0.011674626689000173,1.2814050777991686,0.8246550130754076,0.6753586039589549,1.1409391180099715,5.292013372472062,2.4792326046308406,1.9949794735474446,0.1682694527100731,0.15240844452552083,0.010232471220167367,0.06713847944595969,227,0.020619632412638148,0.1660029923014932,0.004405286343612335,0.1400955202680021,0.12755952058068423,0.07660091752360385,0.0,,0.4302844241171193,,True,0.4302844241171193,9548.140969162996,False,HURC,HURCO CO,3.0,False
43123,0.001528935295842714,1.8713284902824256,0.3307748846475265,1.1276481074694757,0.16675215516468506,8.624767624427397,1.10978890538814,3.7174100671019183,0.2997857034578596,0.1365671196799664,0.009168908757627341,0.06713847944595969,227,0.013153016933261324,0.16211711814931745,0.0,0.01834722355011257,0.43385808405905535,0.011195486142093687,0.0,,0.2810522893731603,,True,0.2810522893731603,345346.4317180617,True,ATI,ALLEGHENY TECHNOLOGIES,1.0,False
43334,0.006449728870683893,1.1973854721482595,-0.06141618321806508,-0.03059095422057014,0.8260739869020336,6.480768327095622,-0.24198353362417033,-0.11842817544349403,0.16623716963172253,0.11629231363794065,0.007807689108903976,0.06713847944595969,227,0.011158169656850164,0.12651090363279216,0.01762114537444934,0.07739674644820671,0.20482252080464325,0.05546135139046415,0.0,,0.3055312421328457,,True,0.3055312421328457,4396.31718061674,False,SYNL,SYNALLOY CORP,3.0,False
43350,0.004049850294821354,1.1345628120170275,0.07978971832491052,0.6264166051017813,1.0336876731191917,12.237534700612967,0.6265024919902594,4.832792575810967,0.4490888721397921,0.058355007762155124,0.00391786648920827,0.06713847944595969,227,0.010678605880310792,0.07809721928125034,0.0,0.048598203537856245,0.15120094711524096,0.06940021859525476,0.0,,0.47366316263049274,,True,0.47366316263049274,208126.4537444934,True,SWK,STANLEY BLACK & DECKER INC,1.0,False
43449,0.007043598881627945,0.6807052577840149,-0.5336640337759777,0.19451889492736962,2.2096808218077832,9.024207230170848,-5.1502506816421025,1.8445110041323562,0.3034103493360879,0.04747812596370636,0.0031876091841469842,0.06713847944595969,227,0.009274270727709205,0.05650713278045398,0.0,0.08452318657953534,0.014072163750421711,0.14835461043707315,0.0,,0.5685479801621629,,True,0.5685479801621629,1292133.947136564,True,MCD,MCDONALDS CORP,1.0,True
43481,0.0032565314512437537,0.7892745068904459,0.8895071968125311,1.0384441400633528,0.5967944523923029,6.112411726416007,5.014694377130838,5.752242238644558,0.3139254182831086,0.08127537806637981,0.005456705299772244,0.06713847944595969,227,0.011353308696795952,0.09747013005901321,0.0,0.03907837741492504,0.275625009386069,0.0400678720754034,0.0,,0.40349812778454947,,True,0.40349812778454947,9119.88986784141,False,SXI,STANDEX INTERNATIONAL CORP,1.0,False
43553,0.009553902232679354,0.8155675823061652,-0.13420481349647426,0.4290731016856778,2.3891507521599396,8.618620147068677,-1.0324198768403352,3.243236188760353,0.2767597582090986,0.05956151523739649,0.003998869566536159,0.06713847944595969,227,0.013853863394294728,0.06957010490207169,0.0,0.11464682679215225,0.008860032086756824,0.1604039486671892,0.0,,0.6898248986059108,,True,0.6898248986059108,235332.81497797355,True,VFC,V F CORP,1.0,True
43634,0.013472672975540447,1.053841995884318,0.43016026462014,-1.2179634042779093,1.0482991912895907,3.465149751487743,1.029644434428961,-2.8645093770549463,0.11119971588662969,0.19142427738615794,0.01285193491274825,0.06713847944595969,227,0.01522921402592151,0.20169407287150537,0.004405286343612335,0.16167207570648537,0.1478178009395484,0.07038121370761234,0.0,,0.26156219740816367,,True,0.26156219740816367,30615.603524229075,True,TLGT,TELIGENT INC,3.0,False
43757,0.017106603082404755,1.8712897147679155,1.9283539588896996,-0.6891275165966471,1.1717004461076916,5.416376825390649,4.063170750309871,-1.4267140375492453,0.23848844549588,0.21745814667170393,0.014599809310674682,0.06713847944595969,227,0.026901711703857772,0.2475344478899705,0.004405286343612335,0.20527923698885706,0.12128384005061113,0.07866618631782306,0.0,,0.3764739160859226,,True,0.3764739160859226,181308.27312775332,True,IMMU,IMMUNOMEDICS INC,3.0,False
43772,0.0037601045632145932,0.6876958588358006,-0.17429216854894583,0.4577732896327731,1.0649644422341518,8.230886604559629,-1.5185830981565096,3.9189539496530936,0.2726777640552055,0.05258880637563296,0.0035307324959379873,0.06713847944595969,227,0.007531593984502904,0.06125310280299552,0.0,0.04512125475857512,0.14402187658789067,0.07150009331561553,0.0,,0.42594098408680764,,True,0.42594098408680764,136110.5154185022,True,BMS,BEMIS CO INC,1.0,False
43837,0.00868364844952639,0.7187835963357114,0.4329681036391303,0.676738719322146,1.1843285575267508,4.142696809583401,1.8165668098227556,2.7898157379099384,0.12110394793103274,0.1092090251695007,0.007332127891655818,0.06713847944595969,227,0.014491489685329586,0.11571455395322693,0.00881057268722467,0.10420378139431669,0.11877189463469759,0.07951401851677284,0.0,,0.4338260928266094,,True,0.4338260928266094,2181.885462555066,False,IHC,INDEPENDENCE HOLDING CO NEW,1.0,False
44134,0.0006841719801050619,1.3978694879650373,0.15123878222470677,0.8616827598353338,0.1394200119780826,12.037643610430584,0.9480876877845754,5.3075214983484305,0.4504304974910327,0.07309180166559802,0.004907272423793914,0.06713847944595969,227,0.009220341520927128,0.09793897780021775,0.0,0.008210063761260742,0.44462204590148247,0.00936044760854595,0.0,,0.32612347680327075,,True,0.32612347680327075,128357.80616740088,True,KMT,KENNAMETAL INC,1.0,False
44206,0.0061744167774917,0.46442786610406617,-0.26312024440735526,0.07472755302584529,1.9834915622668012,6.304747673543725,-2.6002444796860114,0.7256040594008021,0.15790824093441147,0.04636540768972973,0.003112902971180461,0.06713847944595969,227,0.007743490769688209,0.050189467299834124,0.004405286343612335,0.0740930013299004,0.024269642668817135,0.13316860748448411,0.0,,0.5344595255779866,,True,0.5344595255779866,245515.57709251103,True,ES,EVERSOURCE ENERGY,1.0,False
44230,0.00448838764962557,0.5923118062968423,0.17061845237176052,0.04594892536379085,0.5487757838097985,3.060342218068197,0.6417355249611345,0.16981047041514014,0.04953645472915558,0.12182149330682107,0.008178909824456123,0.06713847944595969,227,0.00741658886968149,0.12412361016387571,0.00881057268722467,0.05386065179550684,0.29185417507903666,0.03684397168175458,0.0,,0.20698574145850582,,True,0.20698574145850582,1024.1674008810573,False,PFIN,P & F INDUSTRIES INC,3.0,False
44274,-0.0047055238427540355,1.4075495585477087,0.35028041347139793,0.6145874328379176,-0.7314534907771186,9.246075972555799,1.6750203796340533,2.887665873365968,0.3246559526083094,0.09581858658955329,0.006433114206283632,0.06713847944595969,227,0.0035832340326824243,0.11582049965097753,0.004405286343612335,-0.05646628611304842,0.7673649389913375,-0.04910867515621504,0.0,,0.10717176007215569,,True,0.10717176007215569,52547.46696035242,True,AEGN,AEGION CORP,3.0,False
44329,0.007233123427091467,0.8522451398715121,-0.017809474263640192,0.4439388309290697,1.7586464469129162,8.756533637194043,-0.1332076802516021,3.2625736422181313,0.2869868170190164,0.06125983686741337,0.004112892298385676,0.06713847944595969,227,0.011972178250131194,0.07206514554605989,0.0,0.08679748112509761,0.04000460452885308,0.11807284832877288,0.0,,0.5754909908076091,,True,0.5754909908076091,49138.71806167401,True,TFX,TELEFLEX INC,1.0,False
44506,0.004364440455689924,1.9158153587364104,0.6273573209248643,-0.6434645361719921,0.584352225200529,10.839638633000602,2.5839648576544123,-2.604085695626226,0.4257257284797319,0.11124547878067338,0.007468852290572185,0.06713847944595969,227,0.011727577102556017,0.1458212785087904,0.0,0.05237328546827909,0.27978702180390935,0.03923251986082652,0.0,,0.2785980153106932,,True,0.2785980153106932,557497.396475771,True,IDTI,INTEGRATED DEVICE TECHNOLOGY,3.0,False
44601,-0.001200716705933216,1.0310356750668361,0.10242148011542412,0.5825306642970812,-0.31471510019551574,11.419990555233733,0.8258355586870144,4.615091817193403,0.41859097381687815,0.056826573628227885,0.0038152497455230926,0.06713847944595969,227,0.004924303867463059,0.074030178750192,0.0,-0.014408600471198593,0.6233638790553631,-0.021129493285809778,0.0,,0.23042344714943205,,True,0.23042344714943205,162526.64317180618,True,AVY,AVERY DENNISON CORP,1.0,False
44644,0.004900090973637598,0.8453394762598564,-0.38052005721083815,0.04552213162598101,1.5362640696968222,11.199739074738606,-3.6699892047424383,0.431388781426589,0.3620334525517829,0.04750800227830774,0.00318961503448077,0.06713847944595969,227,0.0077047214787138284,0.0590834745696974,0.0,0.05880109168365118,0.06294561562309428,0.10314243366690648,0.0,,0.45173271059261294,,True,0.45173271059261294,494975.3920704846,True,ADP,AUTOMATIC DATA PROCESSING INC,3.0,False
44768,0.00218425080172918,1.7126940724339368,0.9889809890820689,1.0299473678405675,0.2820817065786346,9.346892275845487,3.9290347067302642,4.020425112117327,0.38084358108788485,0.11533366162163972,0.007743326670211727,0.06713847944595969,227,0.014265283032261475,0.14559756182990174,0.0,0.02621100962075016,0.3890712374431961,0.01893853685921089,0.0,,0.3394039664632997,,True,0.3394039664632997,74606.57268722467,True,TILE,INTERFACE INC,3.0,False
44813,0.0010861074031397638,1.554383497752071,1.3594567754261189,-0.9480996084650953,0.057952666397909317,3.504885620965,2.231472583557471,-1.5291114566358697,0.11369123921242541,0.2791437125508142,0.018741284407561717,0.06713847944595969,227,0.007635552009866283,0.294532715248064,0.004405286343612335,0.013033288837677164,0.4769191137015541,0.003890853901794593,0.0,,0.08980438056794092,,True,0.08980438056794092,175717.00440528634,True,CVM,CEL SCI CORP,2.0,False
44943,0.009739405235805515,1.9043110485335895,0.6694725418300496,-0.30391691078253746,1.2780073471367186,10.559754596824103,2.7024594534343986,-1.2054253119286544,0.4026342144767001,0.1135082909228668,0.007620774057070905,0.06713847944595969,227,0.018116078113712786,0.145883315271487,0.00881057268722467,0.11687286282966619,0.1012877645695994,0.08580347000752404,0.0,,0.43017897788301684,,True,0.43017897788301684,54007.39207048458,True,DIOD,DIODES INC,3.0,False
45225,0.011069982733824178,0.8553411730755974,0.425354996441189,0.6254797866233728,0.903823103522353,2.9511473695774466,1.0683499569301176,1.5435983324235119,0.057459539276904725,0.1824282129381234,0.012247952824709354,0.06713847944595969,227,0.017276775383871908,0.18665525209213982,0.0,0.13283979280589014,0.18353226685792765,0.060681308858618985,0.0,,0.3206366005822299,,True,0.3206366005822299,13003.1718061674,True,VHI,VALHI INC NEW,1.0,False
45306,0.012449303250449661,1.3292556089294527,0.8913565410664154,-1.091144846811437,1.1573416828970928,5.222038563828179,2.5491389446226944,-3.0660799930418055,0.21491923469660767,0.16021823748548591,0.010756808844287183,0.06713847944595969,227,0.016675214638049538,0.17961929739355356,0.0,0.14939163900539593,0.1241854661121377,0.07770216078913886,0.0,,0.32159483306446374,,True,0.32159483306446374,130247.18502202643,True,IDCC,INTERDIGITAL INC,3.0,False
45356,-0.00060873285694351,1.4323796413813479,-0.6103415759683944,0.16304045897868458,-0.12641273237232048,12.570056754412994,-3.8990834711495514,1.0233966482959078,0.4179183088179138,0.07172398716558451,0.004815439438098872,0.06713847944595969,227,0.0044621268360952255,0.09338361166851925,0.0,-0.007304794283322121,0.5502404366825173,-0.008487158634086642,0.0,,0.16552434098110408,,True,0.16552434098110408,1535585.8942731277,True,JCI,JOHNSON CONTROLS INTL PLC,1.0,False
45495,-0.005892445125306251,1.5024868680678303,0.4519711119046035,0.5085267269792259,-0.8314936479959897,8.95960984222357,1.9620025599145914,2.1690107217358148,0.31259611986493163,0.10555167019906966,0.007086578640146954,0.06713847944595969,227,0.0026978732196555875,0.12646120976870945,0.004405286343612335,-0.07070934150367501,0.7967078684475167,-0.0558252191954248,0.0,,0.07390176793926449,,True,0.07390176793926449,522351.67841409694,True,RDC,ROWAN COMPANIES PLC,1.0,False
45728,-0.007897155988562245,0.6729054006325597,0.9490911861986236,0.7301828717091885,-1.1515374418744349,4.146449543656723,4.25736406825041,3.218277689583865,0.18759624983636713,0.10214595000190713,0.0068579237646910676,0.06713847944595969,227,-0.0010357397751037637,0.11257278335159533,0.0,-0.09476587186274694,0.8746278432960626,-0.07731247287253974,0.0,,-0.03187189408467722,,True,-0.03187189408467722,47815.53303964758,True,IVC,INVACARE CORP,1.0,False
45751,0.001807104912830116,0.8954401322141751,-0.6358907368423405,0.4993169604207007,0.48267169147322453,10.106948221127999,-5.224881720797891,4.031153225670634,0.3743836778824918,0.055764785642333684,0.0037439629146561676,0.06713847944595969,227,0.005577866605877707,0.07003323915809674,0.004405286343612335,0.021685258953961395,0.3149011686140623,0.032405843437121676,0.0,,0.2759017996415207,,True,0.2759017996415207,547130.4273127753,True,MMC,MARSH & MCLENNAN COS INC,1.0,False
45911,0.009695700999324597,1.6108445974396528,0.9693013996641615,-0.8744391021034483,0.9613846900072456,6.749733978533616,2.9566664323131113,-2.620789159123206,0.2753267093116909,0.15021403467191835,0.010085141879315265,0.06713847944595969,227,0.015864813145233966,0.17528211130900026,0.0,0.11634841199189516,0.1687000222065155,0.06454590624971178,0.0,,0.3135364152670481,,True,0.3135364152670481,755638.4008810573,True,SWKS,SKYWORKS SOLUTIONS INC,3.0,False
46042,0.02298394168396728,0.7221469760059587,0.948084122411941,0.09257611788334874,1.8026714123478889,2.39349586522795,2.287517562709193,0.21947019613224916,0.06342340503597577,0.1899050170632853,0.012749934084788004,0.06713847944595969,227,0.028220610893846244,0.194922961060459,0.004405286343612335,0.27580730020760735,0.03639498091410454,0.12102861756573786,0.0,,0.501526671079171,,True,0.501526671079171,471.63436123348015,False,ISRL,ISRAMCO INC,3.0,False
46068,0.009287018924246222,0.7885620871626478,0.17260378454505965,0.87739913938694,1.9475741910076287,6.988252641698177,1.1135083991320873,5.561595647842276,0.2715442684185563,0.07102493070925016,0.004768505850573702,0.06713847944595969,227,0.015406788575971568,0.08266229302269894,0.013215859030837005,0.11144422709095467,0.026360567477031416,0.13075716979244723,0.0,,0.6456472381603726,,True,0.6456472381603726,72.54185022026432,False,WSO,WATSCO INC,1.0,False
46077,0.003002148444098336,1.5124202040847388,-0.09800300189792999,0.47520108483989987,0.5331533880325504,11.350304307137744,-0.5354080450252775,2.5508326109666855,0.38459565988775835,0.08387035631285392,0.005630928193435858,0.06713847944595969,227,0.010377172291208457,0.10620046605700942,0.0,0.03602578132918003,0.29722916978890895,0.035795107783967155,0.0,,0.3384879617688397,,True,0.3384879617688397,62018.44933920705,True,AXE,ANIXTER INTERNATIONAL INC,1.0,False
46340,-0.013100175912847626,2.234192499839078,1.0759074166064289,0.037057636215502794,-1.3542534935455286,9.760194015699426,3.4215527626175852,0.1157937388515641,0.3777695056916661,0.14408065090708486,0.009673355819485809,0.06713847944595969,227,-0.0015326153328533295,0.18143799087519735,0.013215859030837005,-0.15720211095417153,0.91148690554628,-0.09092252034102556,0.0,,-0.029261430995309076,,True,-0.029261430995309076,71698.24669603525,True,SFE,SAFEGUARD SCIENTIFICS INC,1.0,False
46392,0.00014555555280291728,0.7978436168687105,0.7908685619038637,0.666207634852047,0.019804973380697397,4.587523309844461,3.310360568616584,2.739930941511014,0.169727061985679,0.10946694900721878,0.007349444505933075,0.06713847944595969,227,0.007003851669838177,0.11933580978097529,0.0,0.0017466666336350073,0.4921083296503092,0.001329675798247731,0.0,,0.20330908154225794,,True,0.20330908154225794,90029.13656387666,True,ITG,INVESTMENT TECHNOLOGY GP INC NEW,1.0,False
46463,-0.0019534274600441766,1.007554682228017,1.0573093408903675,0.9400381131783253,-0.3584155456985137,7.812197236140042,5.96783932555123,5.213381880584016,0.3868384378566774,0.08117811249213604,0.005450175037015079,0.06713847944595969,227,0.00711374537444205,0.10297924420332157,0.0,-0.023441129520530117,0.6398142878069146,-0.024063474747992086,0.0,,0.23929809382392603,,True,0.23929809382392603,40242.797356828196,True,GFF,GRIFFON CORP,1.0,False
46578,0.0066212908405643405,0.31086946714124,-0.1915452088368263,0.0416051892487054,1.814565718704498,3.600171006070481,-1.6148300912354008,0.3446371301755964,0.05812879887325606,0.05434986401374622,0.003648967227977604,0.06713847944595969,227,0.007614928068919296,0.05562895666820219,0.0,0.07945549008677208,0.035467180407579194,0.12182718320858499,0.0,,0.47419340937917437,,True,0.47419340937917437,241330.32599118943,True,CLX,CLOROX CO,1.0,False
46674,0.00502892980532986,0.679937364233825,-0.024446236855357437,0.509542509658983,1.5362795743423587,8.777657163496583,-0.2297376641634718,4.705000033002043,0.31095278196615717,0.048756645280782746,0.0032734470270377796,0.06713847944595969,227,0.00923295641951731,0.05834552288867283,0.0,0.06034715766395832,0.06294371543763914,0.10314347462523214,0.0,,0.5481808656745409,,True,0.5481808656745409,149228.70044052863,True,GPC,GENUINE PARTS CO,1.0,False
46690,0.0018744929947800135,1.3609440418528929,0.0413163584074259,1.130788493153146,0.34648759008738245,10.63063373639512,0.23493699088996373,6.317856675496437,0.41193865578613464,0.08057951261712361,0.005409985951610203,0.06713847944595969,227,0.010797094653133069,0.10437861551329852,0.0,0.02249391593736016,0.36465150982622235,0.02326264994536183,0.0,,0.3583323350552411,,True,0.3583323350552411,78711.22026431718,True,CBT,CABOT CORP,1.0,False
46886,0.0023901051689102183,1.811371375772044,0.7218013769954593,-0.42075361067477823,0.4409591306768782,14.122248631110256,4.096609218866213,-2.3463549222007267,0.559837392259773,0.08073227117096063,0.005420241928637184,0.06713847944595969,227,0.010160448491368325,0.12087564630868429,0.0,0.02868126202692262,0.32983489116892095,0.029605325531457838,0.0,,0.29118211239664965,,True,0.29118211239664965,968610.6167400881,True,KLAC,K L A CORP,3.0,False
46922,-0.0057607819138339855,1.4348763734787657,0.6799642168243077,1.1828739765554594,-0.4825496757633474,5.079139049019796,1.7521535196520657,2.9949087685096747,0.15615936005409992,0.17781479981618312,0.011938215282646247,0.06713847944595969,227,0.004962962243878504,0.19228079026608486,0.01762114537444934,-0.06912938296600782,0.6850555738056796,-0.03239765148789201,0.0,,0.0894119766259336,,True,0.0894119766259336,2297078.0660792952,True,RAD,RITE AID CORP,1.0,False
46923,0.014512616784320647,0.5923249657008149,0.17135001373417175,0.40499547593494306,1.68942227423545,2.9138524093533866,0.6136237140974501,1.4250404317821184,0.050164344233307956,0.127948739163037,0.008590283794434016,0.06713847944595969,227,0.018470206673369058,0.130409727767527,0.022026431718061675,0.17415140141184776,0.046268049187509895,0.11342524263430322,0.0,,0.4906280678938588,,True,0.4906280678938588,363.1762114537445,False,PNRG,PRIMEENERGY RESOURCES CORP,3.0,False
47002,0.00600205268722376,0.8275580724527316,0.7436824068236958,0.7608589876972773,1.07287781902363,6.251208245749223,4.08943654718974,4.110921318794461,0.2683880567409447,0.0833255205886742,0.005594348751366594,0.06713847944595969,227,0.01315393876374924,0.096768911144219,0.004405286343612335,0.07202463224668512,0.14224278574777127,0.07203138540054405,0.0,,0.47088036827258456,,True,0.47088036827258456,23058.466960352423,True,KAMN,KAMAN CORP,1.0,False
47379,-0.005078706603148877,0.9954352207778584,0.7888016858768959,0.948136805090038,-1.0384840596287201,8.60151076958243,4.961809012050774,5.860062420641805,0.39765633729619954,0.07284198776054075,0.004890500298063912,0.06713847944595969,227,0.003395088959906154,0.09323046016764983,0.004405286343612335,-0.06094447923778652,0.8499152784419152,-0.0697222406923396,0.0,,0.12614904107947553,,True,0.12614904107947553,29455.12334801762,True,KELYA,KELLY SERVICES INC,3.0,False
47466,-0.00625145732794125,1.1060947613367147,0.36817712688953935,0.8413626042752422,-1.1246006356521323,8.408613935021068,2.0375081804264634,4.574933493995636,0.31642741804938745,0.08279639834012872,0.005558824288158223,0.06713847944595969,227,0.0014841478257462174,0.09947577693782997,0.00881057268722467,-0.075017487935295,0.8690163300911184,-0.07550397666164389,0.0,,0.05168332471013332,,True,0.05168332471013332,250832.50220264317,True,NYT,NEW YORK TIMES CO,1.0,False
47511,0.0031649680941604023,0.8048862867994924,0.5895440836056058,0.7556215561748463,0.7114758566775168,7.646107211976791,4.076924036089083,5.13428173495283,0.33422811825800625,0.06625790012517489,0.004448454665686504,0.06713847944595969,227,0.009883277663637174,0.08066277435559872,0.0,0.03797961712992483,0.2387664896048406,0.04776740717984002,0.0,,0.4244421096468782,,True,0.4244421096468782,19498.414096916298,True,EBF,ENNIS INC,1.0,False
47571,0.007501600336162793,0.5041549078297286,0.19475306448766422,0.12870268192312667,1.2833911495414396,3.644887606450449,1.0249788896862988,0.6655447174935947,0.07277450895646542,0.08706094589495,0.00584513952651391,0.06713847944595969,227,0.010354979405947321,0.08981087176812287,0.01762114537444934,0.09001920403395351,0.1003435691034364,0.08616493031461453,0.0,,0.3994026578148873,,True,0.3994026578148873,874.1894273127754,False,KEQU,KEWAUNEE SCIENTIFIC CORP,3.0,False
47619,0.019451789583334145,2.0317196924998258,-0.630404527039092,-0.7982413960542761,1.0121461467921065,4.467478563209098,-1.0090867171118456,-1.2554587143432618,0.08868049345313966,0.28624956527946616,0.019218360554930335,0.06713847944595969,227,0.02419406174543037,0.2978569338718195,0.00881057268722467,0.23342147500000976,0.15628255379769068,0.06795395327270913,0.0,,0.28137900729601684,,True,0.28137900729601684,7446.8105726872245,False,KTCC,KEY TRONICS CORP,3.0,False
47626,-0.001913891478020967,1.276211512585857,-0.2630980019727377,1.1396782321894354,-0.49165339996484986,13.854135161843576,-2.0791450626824544,8.84929183832296,0.549591281888903,0.05798114143125144,0.0038927656722353558,0.06713847944595969,227,0.006043108402966828,0.08581863027675689,0.0,-0.022966697736251603,0.6882760162321748,-0.03300886168807626,0.0,,0.24393236656958936,,True,0.24393236656958936,54869.35242290749,True,CNA,C N A FINANCIAL CORP,1.0,False
47677,-0.012000189519621736,1.8504795912983762,-0.32097582522964463,0.13232233935685953,-1.4386412876204377,9.374837290436906,-1.183756133564802,0.4794928235971949,0.2867067785383336,0.12424075555842373,0.008341335413409734,0.06713847944595969,227,-0.004686615155740734,0.1461262527308718,0.01762114537444934,-0.14400227423546083,0.9241729038593778,-0.09658818851901374,0.0,,-0.11110194661893662,,True,-0.11110194661893662,271714.5242290749,True,CBB,CINCINNATI BELL INC NEW,1.0,False
47706,-0.0016075681768247814,1.2251098045760913,0.48546307229865776,0.9270645993296873,-0.27674811937468,8.912618509646435,2.5709698351034382,4.824027798891103,0.3481119349132318,0.08651934460193891,0.005808777239235179,0.06713847944595969,227,0.007110491162804604,0.10644491460688243,0.0,-0.019290818121897375,0.6088850688807808,-0.01858044792434495,0.0,,0.23140103980036972,,True,0.23140103980036972,58970.9295154185,True,FSS,FEDERAL SIGNAL CORP,1.0,False
47715,0.0004571521456980666,0.935178590335651,0.8143899649809383,0.9056605972926973,0.07201986936848427,6.225885747475976,3.9468396594336403,4.312623710946153,0.26672451370139805,0.09454464426669895,0.006347583655825337,0.06713847944595969,227,0.008615488075207288,0.10967346400728577,0.0,0.0054858257483767995,0.4713253231708831,0.004835304519296682,0.0,,0.2721253169731466,,True,0.2721253169731466,19849.04845814978,True,KBAL,KIMBALL INTERNATIONAL INC,3.0,False
47730,0.002434398311741127,0.7417674513787085,0.6884472072055177,0.5866838319587616,0.5755009805051218,7.410324504220063,5.006688540606385,4.192210447733083,0.3362395940728913,0.06300486265268654,0.004230050676202909,0.06713847944595969,227,0.008618207373751722,0.07681863922925443,0.0,0.02921277974089353,0.28276639239951945,0.038638260750772764,0.0,,0.38863414377738903,,True,0.38863414377738903,52641.55066079295,True,ABM,A B M INDUSTRIES INC,1.0,False
47861,0.00910475792868473,0.25981723839684945,0.37393818837487625,0.11713026332029144,1.825037491161646,2.200829371581856,2.305837562952487,0.7096709579477589,0.05802752830632474,0.07430621023429834,0.004988805968522599,0.06713847944595969,227,0.011298072326794452,0.0760508755608995,0.004405286343612335,0.10925709514421675,0.034666585995338256,0.12253024208846201,0.0,,0.5146248521997808,,True,0.5146248521997808,2066.0925110132157,False,SGC,SUPERIOR GROUP OF COMPANIES INC,3.0,False
47896,-0.0003556995772610941,1.4058342184781587,0.0004666793442908417,0.7526623494032381,-0.08789137574042225,14.679526507279006,0.0035473741382048185,5.621440671092497,0.5334648647306411,0.06027893706144061,0.0040470361769238275,0.06713847944595969,227,0.007582941717589035,0.08766406784596456,0.0,-0.004268394927133129,0.5349790568342854,-0.005900893323625458,0.0,,0.29964478373912046,,True,0.29964478373912046,4549606.911894273,True,JPM,JPMORGAN CHASE & CO,1.0,False
47941,-0.0075394001058476535,1.5148569200768662,0.44356304761402543,1.3176729280196244,-1.036938384997838,8.80446151154018,1.8767093679553897,5.4778269660119365,0.344813252231693,0.10829598080114913,0.007270827481097995,0.06713847944595969,227,0.0034002841087197987,0.13290092344826207,0.0,-0.09047280127017185,0.8495561712080317,-0.06961846644790397,0.0,,0.08862940427595295,,True,0.08862940427595295,533506.1497797357,True,TGNA,TEGNA INC,1.0,False
48144,0.0018377671422139432,2.069212856299463,1.6761265326298556,0.16125996430704398,0.183917869214464,8.750918447669665,5.160190660401664,0.4878030708476128,0.3822076334522554,0.1488315670783152,0.009992325107197437,0.06713847944595969,227,0.014349000233853245,0.18809272466755944,0.004405286343612335,0.022053205706567318,0.4271225074188075,0.012347966081999994,0.0,,0.2642653774810034,,True,0.2642653774810034,211589.9691629956,True,KLIC,KULICKE & SOFFA INDS INC,3.0,False
48347,0.004073441075495755,1.3603360847712358,1.384883939713487,1.6098515930890689,0.373155683530619,5.26610925332615,3.9027209914907393,4.457578400702246,0.23380635077687628,0.16259226330580626,0.010916197328028938,0.06713847944595969,227,0.017200583351554742,0.18451378361659732,0.0,0.04888129290594906,0.35469352061096626,0.0250531051888635,0.0,,0.32292746591356886,,True,0.32292746591356886,89946.1806167401,True,LZB,LA Z BOY INC,1.0,False
48486,0.005571418378607973,1.6833348462846842,0.8693763910090578,-0.5515366390400818,0.8334414523135164,10.641304294033214,4.000761568878691,-2.493837889426501,0.44798741701918243,0.09956786034589626,0.006684834745311141,0.06713847944595969,227,0.012752157587175524,0.13311987394893116,0.0,0.06685702054329568,0.20274379834718445,0.055955991815561816,0.0,,0.3318420336784024,,True,0.3318420336784024,598025.0925110133,True,LRCX,LAM RESH CORP,3.0,False
48506,0.010335261403308883,0.9553965026751554,0.006713863822864177,0.21797019762486589,2.177213648168061,8.505077081087865,0.04350885095967636,1.3879097507734417,0.26060032456066196,0.07070480294767817,0.00474701295943332,0.06713847944595969,227,0.014903556120367175,0.08167845240282853,0.0,0.12402313683970659,0.015257039365689,0.14617481376699426,0.0,,0.6320814279540907,,True,0.6320814279540907,361570.9339207048,True,MCO,MOODYS CORP,1.0,True
48523,0.007753124298156036,0.3205324521784092,0.16510347440776496,0.47104679556440343,1.966550337501496,3.4357009185799967,1.2882793234728889,3.6114108696918694,0.10788367482319905,0.05872191067398804,0.0039424997928130265,0.06713847944595969,227,0.01076854494216796,0.061757207006501454,0.004405286343612335,0.09303749157787243,0.025237724763279682,0.13203119941378927,0.0,,0.6040320755263501,,True,0.6040320755263501,25931.273127753306,True,LANC,LANCASTER COLONY CORP,3.0,False
48653,0.014420667981153677,0.7894236442586279,-0.03469076971100159,1.0178101510735065,2.2395730035206354,5.180897497244817,-0.16573692809754492,4.777835028981107,0.1830338193223381,0.09590663488583147,0.006439025635013557,0.06713847944595969,227,0.020508405811143684,0.10540102287973828,0.004405286343612335,0.17304801577384413,0.013052695755973969,0.15036152606459638,0.0,,0.6740276304087017,,True,0.6740276304087017,340813.3700440529,True,HUM,HUMANA INC,1.0,True
48725,0.008934618586822268,0.8069268317258791,0.07274326997677691,0.5558496654548113,2.4927572754337928,9.513781127351946,0.6243416356639551,4.687549317099504,0.344960032012262,0.05338564865139003,0.003584231274690575,0.06713847944595969,227,0.013998718537148422,0.06552225505626154,0.00881057268722467,0.10721542304186721,0.006701417945035233,0.16735993310047817,0.0,,0.740099428091349,,True,0.740099428091349,588246.1145374449,True,UNP,UNION PACIFIC CORP,1.0,True
48961,0.0020004536947481797,0.7278984529465943,0.4895586527306245,0.4730750774143964,0.2886064524323348,4.437755326111088,2.1727400386821722,2.062966277748359,0.12960606621989845,0.10324070593167323,0.00693142401318001,0.06713847944595969,227,0.007382230396019751,0.10992367758936722,0.0,0.024005444336978154,0.3865753233158309,0.019376598374599648,0.0,,0.2326413817203353,,True,0.2326413817203353,3713.2026431718064,False,LAWS,LAWSON PRODUCTS INC,3.0,False
49015,-0.002184780226609208,1.9195736368799448,-0.13850281076825988,1.4410906807013788,-0.3984707687362456,14.794780015894451,-0.7770926500073556,7.944463006592804,0.5609445252173785,0.0816657185794125,0.005482912168283415,0.06713847944595969,227,0.009544567305545752,0.12242730833345979,0.0,-0.026217362719310494,0.6546677719123752,-0.026752721516614186,0.0,,0.2700651633120625,,True,0.2700651633120625,504031.08370044053,True,LNC,LINCOLN NATIONAL CORP,1.0,False
49138,0.0013769548915187175,1.3457395403848085,0.5194489309700965,0.26004478244566304,0.1314273004922599,5.428025903973849,1.5252261210528741,0.7502371148119316,0.14798661662850576,0.15604958730796664,0.01047693201002641,0.06713847944595969,227,0.008753592183467176,0.16793361159733936,0.013215859030837005,0.016523458698224608,0.44777789411708924,0.008823829112737559,0.0,,0.1805673833402288,,True,0.1805673833402288,1933.6079295154184,False,SIF,SIFCO INDUSTRIES INC,2.0,False
49154,0.0010680757040809812,0.8773457579156045,-0.15647628076128237,0.593213672391512,0.2484013089010992,8.622588260953206,-1.119504547146117,4.170110107478879,0.2924612278916938,0.06404373547740794,0.004299799017992432,0.06713847944595969,227,0.0060450269241200385,0.07563098302480276,0.004405286343612335,0.012816908448971775,0.4020262607632068,0.016677286172005933,0.0,,0.27687842592933226,,True,0.27687842592933226,1236892.2599118943,True,TGT,TARGET CORP,1.0,False
49322,0.008326287985996748,0.0716954392886069,0.15077644646291144,0.2258001413700894,0.742175490449156,0.27006091474333277,0.4134416134621456,0.60836457324882,0.002573941118599987,0.1670987952585427,0.011218759030910297,0.06713847944595969,227,0.009585808376174574,0.16620005970645738,0.004405286343612335,0.09991545583196097,0.22938100501146,0.049828533910815716,0.0,,0.1997966447001053,,True,0.1997966447001053,1123.7136563876652,False,ARL,AMERICAN REALTY INVESTORS INC,1.0,False
49373,0.005298767607514723,0.4485530444830329,0.2094481494015662,0.2566431633317625,0.9838689094348618,3.5195828845441954,1.1963669164836175,1.440378367377884,0.07498686849583658,0.08021694804141585,0.005385643917296214,0.06713847944595969,227,0.008320671435045675,0.08284959649293809,0.0,0.06358521129017668,0.16312310836601093,0.06605546255361124,0.0,,0.3479033402368974,,True,0.3479033402368974,546437.5550660793,True,HRB,BLOCK H & R INC,1.0,False
49429,0.004326524799636006,1.353548521426895,0.3886239556308898,1.2835681917092172,0.5303076365909934,7.010960763745755,1.4653580510806605,4.755455874629772,0.2576955166553714,0.12151777674197843,0.008158518756110037,0.06713847944595969,227,0.014389062057009759,0.14010285498695565,0.0,0.051918297595632074,0.298213154075012,0.035604048359299874,0.0,,0.35577557014556016,,True,0.35577557014556016,186606.85462555065,True,DDS,DILLARDS INC,1.0,False
49656,-0.0010452098025877338,1.1078027718029135,-0.5207207573225253,0.48787549761556165,-0.2747963657186314,12.307928996369368,-4.211510656039791,3.877046806454228,0.43461768788641186,0.05665274900377706,0.003803579424547199,0.06713847944595969,227,0.0038094616151520475,0.07484246647646337,0.004405286343612335,-0.012542517631052805,0.6081364465421037,-0.018449410151624757,0.0,,0.17632184981508472,,True,0.17632184981508472,1182954.6211453744,True,BK,BANK OF NEW YORK MELLON CORP,1.0,False
49680,0.008191863973439182,0.8914252029569958,-0.16652503781059802,0.11586521669799117,2.6196882305537974,12.04666433569871,-1.6382188577212946,1.1199650787143067,0.39928990085405924,0.0465759393036222,0.003127037743612505,0.06713847944595969,227,0.011839088320208078,0.05969354451135167,0.004405286343612335,0.09830236768127018,0.004702688711866872,0.17588188442185862,0.0,,0.6870391984177164,,True,0.6870391984177164,455101.2202643172,True,DHR,DANAHER CORP,1.0,True
50017,0.009356693574834834,0.7396468779867376,0.12324985273436248,0.7259282486788916,1.0377045811076937,3.466496609167245,0.42049732687236113,2.4334899121826017,0.07720715235878683,0.13430035843468185,0.009016721854351907,0.06713847944595969,227,0.01473748403783304,0.138874744787356,0.00881057268722467,0.11228032289801801,0.15026574615971988,0.06966990768967711,0.0,,0.36761286104752144,,True,0.36761286104752144,500489.82378854626,True,RRC,RANGE RESOURCES CORP,1.0,False
50243,0.008769342651155872,0.5232720941387946,0.37841006186224213,0.03670968778374805,0.9439537767905876,2.3802703524766398,1.2530600018364926,0.11943975549159339,0.0411013062142872,0.13837091423229989,0.009290012781103916,0.06713847944595969,227,0.011825649687573872,0.14036429826901545,0.030837004405286344,0.10523211181387046,0.17310742411777463,0.06337562124099087,0.0,,0.291849513643889,,True,0.291849513643889,597.5022026431718,False,SVT,SERVOTRONICS INC,2.0,False
50286,-0.0015606800533879519,1.6985931796995015,0.24502527362027787,1.5846531625377605,-0.1073907057879337,4.939206877953752,0.5186676995700018,3.295881318966503,0.1410388854355592,0.21645901710113505,0.014532729270537193,0.06713847944595969,227,0.010480049218911186,0.23199954983649282,0.022026431718061675,-0.01872816064065542,0.5427122091582179,-0.007210048693230291,0.0,,0.15648287012427167,,True,0.15648287012427167,57487.06167400881,True,LEE,LEE ENTERPRISES INC,1.0,False
50550,0.005377061908434177,1.1303891374589812,0.8375691535584623,1.0596631649930848,0.5920339782401649,5.259501647979934,2.8369244716628166,3.5265817871003686,0.19258900564867276,0.13527791562239316,0.009082353557506313,0.06713847944595969,227,0.014828189144740619,0.14954702764096164,0.0,0.06452474290121012,0.2772137968926731,0.03974826107938706,0.0,,0.3434796048851365,,True,0.3434796048851365,57980.004405286345,True,TPC,TUTOR PERINI CORP,1.0,False
50606,-0.015683272576388033,1.1304479960672122,0.5074257743021237,1.084919960741336,-1.9719112390777547,6.00642812008794,1.9626763890892913,4.123185724779825,0.21396045519350082,0.1184616635653042,0.007953335964413367,0.06713847944595969,227,-0.0068563958464962676,0.1327253384253495,0.0,-0.1881992709166564,0.9750720798778644,-0.13239112219407873,0.0,,-0.17895039641756308,,True,-0.17895039641756308,205701.52863436122,True,TDW,TIDEWATER INC NEW,1.0,False
50623,0.005314379523123213,0.8811646865314,0.6898054164229772,0.7273119969323284,0.9864976236545091,6.912188698382833,3.939087070774662,4.080832365401,0.28889159259368125,0.08023891020396293,0.00538711842349497,0.06713847944595969,227,0.012477043377298968,0.09451817485179564,0.0,0.06377255427747856,0.16247905664741713,0.06623195042921634,0.0,,0.45728502674979504,,True,0.45728502674979504,18846.740088105726,True,MTSC,M T S SYSTEMS CORP,3.0,False
50788,0.0074037472710102945,1.0953251293099853,0.2779531191559402,0.7656786287479576,1.2332701295436463,7.7101832978286815,1.424307241554872,3.8551180284935587,0.2683771228423374,0.08941736581989629,0.006003345977210965,0.06713847944595969,227,0.014687975985097069,0.10384281321511844,0.0,0.08884496725212354,0.1093866923195775,0.08279988124368214,0.0,,0.48997749346096886,,True,0.48997749346096886,42131.77533039648,True,ESL,ESTERLINE TECHNOLOGIES CORP,1.0,False
50789,0.007910022174166406,0.24849053992463027,0.20386891092443557,0.23647156450358514,2.665352329988846,3.5383583064466144,2.1132624252797467,2.408465203045473,0.10190701879582964,0.044202982537430095,0.0029677210345393653,0.06713847944595969,227,0.010039419901126525,0.04633286274701016,0.00881057268722467,0.09492026608999687,0.0041266467083148515,0.1789477026231969,0.0,,0.7506026744868617,,True,0.7506026744868617,11855.88986784141,True,MGEE,M G E ENERGY INC,3.0,True
50876,0.004527076986598204,0.5279403867659358,-0.3641867268430395,0.07046256269013688,1.0358236787070172,5.104672272481132,-2.5634070309756165,0.48731627418563156,0.11307503466367119,0.06509693551154748,0.004370509266836994,0.06713847944595969,227,0.006131902737997238,0.06866182086126368,0.0,0.054324923839178446,0.15070316635106887,0.06954362676250943,0.0,,0.30936456260727413,,True,0.30936456260727413,1050418.255506608,True,LLY,LILLY ELI & CO,1.0,False
50948,0.0029651764253057987,1.4586566064351074,0.5643014809628226,-0.6324956239906699,0.4345957074417307,9.034476265380201,2.5443191518975836,-2.802056869191941,0.3581972479374349,0.1016233728834719,0.0068228387315660746,0.06713847944595969,227,0.008346034232130713,0.1260059431865009,0.004405286343612335,0.03558211710366958,0.3321380753759092,0.029178094971378944,0.0,,0.2294456113131678,,True,0.2294456113131678,183021.07488986783,True,SMTC,SEMTECH CORP,3.0,False
51086,-0.0005808178146286555,1.6442862600194839,1.4204629551984544,1.7051866978231354,-0.07698912040055099,9.210471887543102,5.792217276373028,6.83196907428465,0.4482969320861012,0.11236707330739905,0.007544154441651457,0.06713847944595969,227,0.014062391998971557,0.1502742544197049,0.0,-0.006969813775543866,0.5306493850011529,-0.005168932477574909,0.0,,0.32416434221848967,,True,0.32416434221848967,76672.56387665198,True,WGO,WINNEBAGO INDUSTRIES INC,1.0,False
51263,0.0012637684324940217,1.9395888315129712,0.8603387243053174,1.3709618779603234,0.15002181259349479,9.729972308237919,3.1418241940841827,4.919226395243439,0.38977469593222713,0.12547048983541487,0.008423897902889495,0.06713847944595969,227,0.014982831701128858,0.15954922507974528,0.004405286343612335,0.01516522118992826,0.44044150304042606,0.010072236381253968,0.0,,0.32530431576384117,,True,0.32530431576384117,357824.5859030837,True,MTW,MANITOWOC CO INC,1.0,False
51369,-0.003714763718178884,1.7919471392891175,0.7821301122947186,-0.0006868588673567128,-0.5275286953334692,10.753630544063745,3.416798777837431,-0.002948267797657698,0.4172020344714982,0.10488505388636031,0.007041823034537775,0.06713847944595969,227,0.005305467359250946,0.1364749060786152,0.004405286343612335,-0.044577164618146606,0.7008245239891637,-0.03541747446880005,0.0,,0.13466708698561008,,True,0.13466708698561008,682122.2466960353,True,TER,TERADYNE INC,3.0,False
51423,0.005177574626247203,0.9111557169537162,0.4632572146860621,0.885555289383214,0.9173977789196397,6.822427758186885,2.525102500176751,4.742764110639698,0.26601575935380695,0.0840615089961583,0.005643761893934929,0.06713847944595969,227,0.012438444965844937,0.09746574934137221,0.004405286343612335,0.062130895514966436,0.17996267031430394,0.0615926919237653,0.0,,0.4420838867720635,,True,0.4420838867720635,16032.409691629957,True,MCS,MARCUS CORP,1.0,False
51625,0.01157532148722518,1.1101539207400288,0.40835211949354144,0.48473139666097104,1.2674355795510657,5.136781040700151,1.3754764211993076,1.6042738686570395,0.13640879758079794,0.13603030321607074,0.00913286771649983,0.06713847944595969,227,0.018391540399941897,0.1454051448407229,0.004405286343612335,0.13890385784670217,0.1031607411974989,0.08509369760676723,0.0,,0.43815619367594066,,True,0.43815619367594066,238229.47136563878,True,SCI,SERVICE CORP INTERNATIONAL,1.0,False
51633,0.009309334521534346,0.41996640542897584,-0.36434789770821474,0.041851652836464644,2.884813680649531,5.499569662963923,-3.473288861151915,0.3920092120531231,0.13789507486390717,0.04806504646325291,0.003227014134042203,0.06713847944595969,227,0.010387751947132172,0.05142182846929937,0.0,0.11171201425841215,0.002150236880464348,0.19368200400371186,0.0,,0.6997850789999572,,True,0.6997850789999572,65723.81497797357,True,VVC,VECTREN CORP,1.0,True
51692,-0.009182368382568121,2.3328080741412256,1.754364667135773,2.7145557154858344,-0.6383449080859577,6.8532207378656995,3.7518551388710732,5.704058522400935,0.30911044155227796,0.21425344436463012,0.014384650470700786,0.06713847944595969,227,0.011887281818227121,0.2560481897845611,0.013215859030837005,-0.11018842059081746,0.7380479061085294,-0.042857506490962094,0.0,,0.1608242268018611,,True,0.1608242268018611,357950.1718061674,True,PIR,PIER 1 IMPORTS INC,1.0,False
51925,-2.366341785022311e-05,0.7542169046925844,0.3811721458551529,0.7325334017661741,-0.0026026836715453056,3.5055422137996035,1.2897055687886794,2.435319091726061,0.08719871454292516,0.13542055334084677,0.009091930037034927,0.06713847944595969,227,0.005980334490294266,0.14079741276983856,0.004405286343612335,-0.00028396101420267734,0.501037156002535,-0.0001747402241863794,0.0,,0.14713683979944725,,True,0.14713683979944725,3199.7312775330397,False,MLP,MAUI LAND & PINEAPPLE CO INC,1.0,False
51960,-0.004840212232112577,0.9661373036913279,1.75123337342286,0.5416330041647824,-0.5148172477841082,4.3425273145371115,5.73004736421168,1.7413189648874823,0.23725114983493834,0.1400360381085007,0.009401806666241201,0.06713847944595969,227,0.004380704285509143,0.159274865264884,0.0,-0.05808254678535093,0.6964046913489509,-0.034564047208778884,0.0,,0.09527683332606056,,True,0.09527683332606056,42952.17621145374,True,MXWL,MAXWELL TECHNOLOGIES INC,3.0,False
52038,0.00435820652527031,0.5924744272277812,-0.13206883633328892,0.4333822021302704,1.4129368066161099,8.117075132153186,-1.3171668327995543,4.246885285740849,0.27453291743928565,0.045942388179643134,0.003084502084497272,0.06713847944595969,227,0.007757282276822176,0.05358002638936493,0.00881057268722467,0.05229847830324372,0.0795342509117572,0.09486242874943561,0.0,,0.5015304372741591,,True,0.5015304372741591,637250.5903083701,True,SYY,SYSCO CORP,1.0,False
52090,0.010170125799002396,0.2929908219156333,-0.052180809920005095,0.2725355636700171,3.2537450161539705,3.9611950818190405,-0.5135627429622902,2.6355114021493047,0.09266720933188266,0.04655553351676678,0.003125667730111134,0.06713847944595969,227,0.012045406031358875,0.04854966266698659,0.0,0.12204150958802876,0.0006579250501583974,0.21845149288944715,0.0,,0.8594603586523794,,True,0.8594603586523794,128652.25110132158,True,MKC,MCCORMICK & CO INC,1.0,True
52230,0.001863608300103167,1.1597718454644523,0.3608571180998432,0.532448971351749,0.3563552993249374,9.37165238454373,2.122703642054296,3.077450698537092,0.3388147935929171,0.07789326592144086,0.0052296354330453295,0.06713847944595969,227,0.008920290838256064,0.09515608407546702,0.0,0.022363299601238004,0.36095571249683167,0.023925152939186123,0.0,,0.32473797341002747,,True,0.32473797341002747,243285.59911894274,True,RHI,ROBERT HALF INTERNATIONAL INC,1.0,False
52329,0.006120385526702411,1.005372959762349,0.029428586629959674,0.5087468682343419,1.2271286859012875,8.518312208091887,0.1815123739546221,3.083170941208098,0.27713187508773984,0.07428774402681519,0.004987566175431046,0.06713847944595969,227,0.011774571520795673,0.0867932287066405,0.0,0.07344462632042893,0.11053407115685833,0.08238755405593112,0.0,,0.4699480919255468,,True,0.4699480919255468,198593.6255506608,True,J,JACOBS ENGINEERING GROUP INC,1.0,False
52337,-0.002617116725375434,1.1576675214417906,0.27296685499694107,1.490260847981443,-0.2558639039726694,4.782828434660811,0.820958773177837,4.40385232514152,0.163776836588442,0.1523500390070143,0.010228549962463584,0.06713847944595969,227,0.006987199797839195,0.16549302143649952,0.0,-0.031405400704505204,0.6008541071154254,-0.017178313457832065,0.0,,0.1462561375391426,,True,0.1462561375391426,978291.0660792951,True,THC,TENET HEALTHCARE CORP,1.0,False
52396,-0.008163702067385755,1.0225763942401118,0.3796229952556954,0.8139758578772005,-1.3250038178618777,7.013596388793596,1.8954310791630173,3.993245705143158,0.24955516536774414,0.09176953182283641,0.006161266826052846,0.06713847944595969,227,-0.0008259015104825629,0.10522945998608499,0.013215859030837005,-0.09796442480862906,0.9067370291504079,-0.08895874159133779,0.0,,-0.027188267969689116,,True,-0.027188267969689116,40328.79295154185,True,SUP,SUPERIOR INDUSTRIES INTL INC,1.0,False
52476,0.006609882214589019,0.965388557550263,-0.27800336890870775,0.31948078882394165,1.6647634514422063,10.274861658312913,-2.1539438319940563,2.4321372901242935,0.333909746240291,0.05913841584226727,0.003970463316492678,0.06713847944595969,227,0.010908944054122372,0.07197826254416648,0.004405286343612335,0.07931858657506824,0.04868215390301619,0.11176968676703747,0.0,,0.5250153224266094,,True,0.5250153224266094,168202.23348017622,True,EFX,EQUIFAX INC,1.0,False
52695,0.00638792623565262,0.897029902223372,-0.1724770407217103,0.3475788985517834,1.5110163997873938,8.96667089282177,-1.2550646017770244,2.485119141103233,0.2808692499483001,0.06296790054118737,0.0042275690962397415,0.06713847944595969,227,0.010708937428451568,0.07375874108510376,0.0,0.07665511482783144,0.06609999424742462,0.10144734349963393,0.0,,0.5029484898543133,,True,0.5029484898543133,129487.55066079296,True,GWW,GRAINGER W W INC,1.0,False
52708,0.0034965371574415677,1.182003788396063,0.5264147640544946,1.1615942826658932,0.6106724016980631,8.723766606328965,2.828288513639421,6.132098714518678,0.367068890566568,0.08528219180603251,0.005725716681675706,0.06713847944595969,227,0.012795058813560726,0.10648252580947734,0.0,0.04195844588929881,0.2710191849507308,0.04099961648962025,0.0,,0.4162503055303495,,True,0.4162503055303495,756261.7488986785,True,LEN,LENNAR CORP,1.0,False
52716,0.004387501492727943,0.8680179195871409,0.05987270232154684,0.7278246530515483,0.9571728144442292,8.002336197297362,0.40181619932517554,4.799371480159181,0.2864824311895652,0.06827401147597083,0.0045838133161726835,0.06713847944595969,227,0.010168032790285745,0.08028812156205052,0.0,0.05265001791273531,0.16975828451533048,0.06426312732879527,0.0,,0.43870871713420767,,True,0.43870871713420767,77713.80176211454,True,HRC,HILL ROM HOLDINGS INC,1.0,False
52898,0.008967342026420357,0.14555414385543294,-0.030165048151667817,0.27248112912240036,2.145074943755546,1.4713579276979243,-0.22197714502931648,1.9701518096785664,0.027015186799587476,0.062265827412607645,0.0041804329739270315,0.06713847944595969,227,0.010282428469885002,0.06270395647453195,0.0,0.10760810431704429,0.016513926465729994,0.14401707002137484,0.0,,0.5680562929794446,,True,0.5680562929794446,121620.10572687225,True,WTRG,ESSENTIAL UTILITIES INC,1.0,True
52936,0.0038454687197324324,0.5789945428674964,-0.15392299370979098,0.7353281014439116,0.9803433774392624,6.237613065968641,-1.2071408339403362,5.666235569700913,0.24522428301100696,0.05842511320149748,0.003922573261806606,0.06713847944595969,227,0.008007304834981598,0.0668018999696352,0.004405286343612335,0.04614562463678919,0.1639895049617445,0.06581876369618861,0.0,,0.41522947138282684,,True,0.41522947138282684,37666.154185022024,True,MCY,MERCURY GENERAL CORP NEW,1.0,False
52978,0.006613699789240448,0.8816211491728422,0.14047994571440292,0.15841411059405497,1.4676866063426521,8.26772223743458,0.9590222593799095,1.0625937160854537,0.26123405850703885,0.0671180986777659,0.00450620708852908,0.06713847944595969,227,0.010990348512383124,0.0775683269792183,0.0,0.07936439747088538,0.07179917859790709,0.09853824705304647,0.0,,0.490814814697153,,True,0.490814814697153,296915.3656387665,True,HAS,HASBRO INC,3.0,False
53065,-0.006390410079166804,1.5380910257792917,0.10082360388831575,0.6715040873333418,-1.1175387778341586,11.366609392739857,0.5424023890863282,3.549499018473886,0.4025169693502657,0.08517156459531815,0.005718289338962995,0.06713847944595969,227,0.0020717808655239434,0.10945359981010384,0.0,-0.07668492095000165,0.8675167207925942,-0.07502985426568157,0.0,,0.06556988034129947,,True,0.06556988034129947,958598.5286343612,True,IPG,INTERPUBLIC GROUP COS INC,1.0,False
53074,0.01978793094757448,0.312583907544193,0.4986088513752988,-0.27459078441581475,3.36932672779332,2.2491808695743782,2.6117297011110474,-1.4132312264993219,0.08712278505740545,0.08747536392538273,0.005872962922932152,0.06713847944595969,227,0.021340112717817994,0.09094478199026314,0.00881057268722467,0.23745517137089375,0.00044387791412460757,0.22621147326067442,0.0,,0.8128483824495796,,True,0.8128483824495796,1680.9030837004404,False,MLAB,MESA LABORATORIES INC,3.0,False
53110,0.011899730396123818,0.7059644344141296,0.22050660120928722,0.3384356972794488,1.9556008881444553,4.902763569524075,1.114782653434546,1.6811396652399486,0.12361770637637925,0.09063279954316977,0.006084948349258888,0.06713847944595969,227,0.016238011530870382,0.0961693785769242,0.0,0.14279676475348582,0.02588058895660175,0.13129607003318702,0.0,,0.5849067842912189,,True,0.5849067842912189,15385.44052863436,True,BMI,BADGER METER INC,1.0,False
53197,0.004207297352397171,1.1582887542034337,1.6637581932832233,0.26426272278311275,0.5073524681146108,5.9025331429269965,6.171948317675165,0.9632233501191272,0.3088089101005338,0.12351563302442416,0.008292651789065,0.06713847944595969,227,0.013240048481655439,0.14757781463492048,0.004405286343612335,0.05048756822876605,0.3062044517064075,0.034062873252369716,0.0,,0.31078433735630095,,True,0.31078433735630095,55542.08810572687,True,MEI,METHODE ELECTRONICS INC,1.0,False
53225,0.0004323789413474643,0.6624972368389396,0.03410754445221294,0.4291445074603906,0.11682523050235269,7.564342907819479,0.28349674032739247,3.5047754453542908,0.2442505321610754,0.0551259879913045,0.0037010750116924173,0.06713847944595969,227,0.0044581011671405,0.06298913915603623,0.0,0.0051885472961695715,0.45355184725928194,0.007843468336851707,0.0,,0.2451742579825206,,True,0.2451742579825206,5381.533039647577,False,GHC,GRAHAM HOLDINGS CO,1.0,False
53373,0.014798502712930787,0.555702555392849,0.7365545052100096,-0.4730506155365952,0.9992228775940424,1.585630570872386,1.5299420659688083,-0.9654654362468066,0.038044545848329836,0.22058902774131747,0.014810011905014674,0.06713847944595969,227,0.017284890464896775,0.22341104387548716,0.004405286343612335,0.17758203255516944,0.15938487345481164,0.06708630462928031,0.0,,0.26801099864292693,,True,0.26801099864292693,2779.251101321586,False,SIEB,SIEBERT FINANCIAL CORP,3.0,False
53604,0.0054968452008858585,0.9077252302512826,0.5855888492184163,0.8936762144729208,1.047892728762425,7.312615708365662,3.4341686674283456,5.149535370845435,0.30878764407039827,0.07813132309671059,0.005245618229814139,0.06713847944595969,227,0.013025040098831653,0.09335071406710664,0.004405286343612335,0.06596214241063031,0.14791121771960805,0.07035392443158667,0.0,,0.4833392319973201,,True,0.4833392319973201,7729.022026431718,False,GRC,GORMAN RUPP CO,1.0,False
53613,0.003833491873337244,1.5936455096601823,0.6975522885425939,-0.41572442627970635,0.4408654074971333,7.744942964061241,2.4678215216967088,-1.4451121261207154,0.28411446539944973,0.1295140912349116,0.00869537915233726,0.06713847944595969,227,0.010671402649393997,0.15205245656310487,0.00881057268722467,0.04600190248004693,0.3298687666259921,0.02959903309968093,0.0,,0.24311888139873014,,True,0.24311888139873014,4679998.911894273,True,MU,MICRON TECHNOLOGY INC,3.0,False
53859,0.005682735919873757,0.3881131479684053,0.1835549517080353,0.4161283894483342,1.5564174344521673,4.49202321393543,1.5465366640436369,3.4449306559967146,0.13997579106683178,0.05438258990631607,0.003651164394643256,0.06713847944595969,227,0.008857896547185407,0.05825091615762245,0.0,0.06819283103848509,0.060513450189458556,0.10449549993230015,0.0,,0.5267668864262636,,True,0.5267668864262636,6664.378854625551,False,MSEX,MIDDLESEX WATER CO,3.0,False
54114,-0.002035483619076039,1.1616234438706525,0.27615426330830195,0.8356898020706228,-0.3874780674485807,9.34458256993023,1.6171740686377827,4.808494705233823,0.3508120504060821,0.07824362906726877,0.005253158281910118,0.06713847944595969,227,0.0057180878030513305,0.09646326837201984,0.0,-0.024425803428912467,0.6506140566576272,-0.026014688267156715,0.0,,0.2053427955359963,,True,0.2053427955359963,86951.88986784141,True,MLHR,MILLER HERMAN INC,3.0,False
54148,0.005311527533584902,1.0655290880311952,0.32192110256515777,1.2167738278705056,0.7778303068076817,6.5939516413845265,1.4502416486053977,5.385918899928962,0.2564293129012257,0.10170986439955196,0.006828645640440666,0.06713847944595969,227,0.013857268044566187,0.11716560971379707,0.004405286343612335,0.06373833040301882,0.21874675080948305,0.052222344066052064,0.0,,0.4097019998601674,,True,0.4097019998601674,1106174.0044052864,True,PHM,PULTE GROUP INC,1.0,False
54199,0.004679706220706929,0.5024005395174764,0.2641299820323319,0.20915669415704635,1.0713580428697593,4.860502439399407,1.8601983257297356,1.4473459141020437,0.13429666301871235,0.0650597596750091,0.004368013337699675,0.06713847944595969,227,0.00790259748967767,0.06945861525724706,0.0,0.05615647464848315,0.14258329620093765,0.07192934994047492,0.0,,0.39412534537851635,,True,0.39412534537851635,9810.718061674008,True,SJW,S J W GROUP,1.0,False
54244,0.008672737667201221,0.5496999280873757,0.031041086476059652,0.1405469644117178,1.4946027051886341,4.003227378501705,0.1645629146556479,0.7321086703387469,0.0739261906915919,0.08642889189908536,0.005802704382303813,0.06713847944595969,227,0.011401852181973935,0.08921427611425298,0.022026431718061675,0.10407285200641465,0.06821592281699253,0.10034535300218285,0.0,,0.44272258072862086,,True,0.44272258072862086,443.9251101321586,False,BDL,FLANIGANS ENTERPRISES INC,2.0,False
54253,0.010050127752203904,0.6674771062917088,0.6813513438801747,0.8392437388577663,1.847532030820702,5.185274985326181,3.8531597428121818,4.663296510005322,0.23356010178355713,0.08102295991201702,0.00543975832870377,0.06713847944595969,227,0.016636322167261023,0.0919321176906994,0.0,0.12060153302644686,0.032997281192668725,0.12404049127700785,0.0,,0.6268746107149803,,True,0.6268746107149803,28552.823788546255,True,MSA,M S A SAFETY INC,1.0,False
54594,0.0024938565846187536,1.0872284140369943,1.6562037089940824,0.599608373413378,0.3238303122651791,5.965980670962392,6.615844363675701,2.35341349416434,0.32484420532292857,0.11470503319989926,0.00770112151383956,0.06713847944595969,227,0.012178290994534272,0.13866877760657687,0.0,0.029926279015425043,0.37318500526456205,0.021741474763994434,0.0,,0.3042273699381257,,True,0.3042273699381257,60719.77092511013,True,AIR,A A R CORP,1.0,False
54704,-0.004995232509146124,2.07524925310119,0.7646235193594058,1.443207745160347,-0.5740480585371864,10.078080779014314,2.703122331108883,5.013094851806578,0.3967277482101019,0.12960923707271868,0.00870176709921324,0.06713847944595969,227,0.00928668499515421,0.1657591424315441,0.00881057268722467,-0.059942790109753494,0.7167430849420503,-0.03854071377909195,0.0,,0.19407689988668322,,True,0.19407689988668322,43114.828193832596,True,MOD,MODINE MANUFACTURING CO,1.0,False
55001,0.0022054233672268385,1.6910159261440114,0.5781485502209089,1.1337126084110583,0.345375093251578,11.190816265250588,2.78524874683102,5.366443315106647,0.44233341824772043,0.0951107169598898,0.006385588915702051,0.06713847944595969,227,0.013627221143392569,0.126514515705294,0.0,0.02646508040672206,0.3650689812424029,0.02318795859941748,0.0,,0.3731277672724017,,True,0.3731277672724017,235449.42290748897,True,TRN,TRINITY INDUSTRIES INC,1.0,False
55212,0.002895833920094065,1.3794010369468592,0.5419653212393922,0.2042910160107483,0.5124035612853084,10.314402166692416,2.9500915252301,1.0926278933018998,0.38663881958078006,0.084176334502191,0.005651471103811577,0.06713847944595969,227,0.010298867294149373,0.10676528880693546,0.004405286343612335,0.03475000704112878,0.30443786433092423,0.03440199596739022,0.0,,0.33415657117048614,,True,0.33415657117048614,124286.06167400882,True,SPXC,S P X CORP,1.0,False
55511,0.006845762322392687,0.7455698953073614,-0.14798942426965137,0.29031048316923264,1.4674673469060178,6.753828329456759,-0.975894371839737,1.8810219977420433,0.18141839269820048,0.06948352925372386,0.004665018500633879,0.06713847944595969,227,0.010431467992145069,0.07628674593085838,0.004405286343612335,0.08214914786871225,0.07182895351167362,0.09852352630786668,0.0,,0.4736820882699423,,True,0.4736820882699423,116071.55066079296,True,PNM,P N M RESOURCES INC,1.0,False
55597,0.0012348858771775533,1.6120122813420736,0.9500615214795893,1.123082045532207,0.17043834179711576,9.402077935233855,4.033831087677055,4.685290107981539,0.39166734357820054,0.10791654244087706,0.007245352566545861,0.06713847944595969,227,0.013086208592793976,0.1374407982893968,0.00881057268722467,0.014818630526130638,0.4324099768481328,0.011442971107549108,0.0,,0.32982896553667945,,True,0.32982896553667945,31153.920704845816,True,MTRN,MATERION CORP,1.0,False
55678,0.004663014417305235,0.3113982349749939,0.03320210872758381,0.18473220449059785,0.844412587465646,2.3829729423930424,0.18496055119127736,1.011148820496305,0.030807641971571043,0.08225088101349741,0.005522199084336772,0.06713847944595969,227,0.0065428813273890425,0.08299153167172177,0.004405286343612335,0.05595617300766281,0.1996719298158352,0.05669257714747191,0.0,,0.2731026324892603,,True,0.2731026324892603,330.9295154185022,False,INTG,INTERGROUP CORP,3.0,False
55976,0.00310316327942645,0.4208195665538358,-0.4821592530847198,0.06529004443547809,0.9207597500267996,5.276581466166944,-4.401064239074176,0.5855624097223531,0.15123822145200316,0.050198044594209755,0.0033702203852157193,0.06713847944595969,227,0.004003534574445196,0.05412427661039438,0.0,0.0372379593531174,0.1790854328882231,0.06181840955184126,0.0,,0.2562371537161943,,True,0.2562371537161943,2380174.502202643,True,WMT,WALMART INC,1.0,False
55993,0.01710550962001431,0.5659607973015932,0.4123822577391446,0.32805486714510945,2.0140001865520487,2.8159495044153404,1.493650415626309,1.1674935790358545,0.057684010726905544,0.1265042190632616,0.00849330091140597,0.06713847944595969,227,0.021243115720780588,0.1294508605307788,0.004405286343612335,0.2052661154401717,0.022605392717854486,0.1352169101289837,0.0,,0.5684652166635662,,True,0.5684652166635662,7536.79295154185,False,NSSC,NAPCO SECURITY TECHNOLOGIES INC,3.0,False
56223,0.00045382107152277867,1.9679702838640112,0.7159497777426055,1.2327516408532029,0.055818801969415986,10.228911347159059,2.708968255732697,4.583064504123813,0.3972318074285125,0.12109679378932542,0.008130254600796243,0.06713847944595969,227,0.013589258101545274,0.15493719642495965,0.0,0.005445852858273344,0.4777680675863603,0.003747589488721729,0.0,,0.30383001644725327,,True,0.30383001644725327,387959.63876651984,True,LPX,LOUISIANA PACIFIC CORP,1.0,False
56274,0.0018489149433217572,0.5328636785795396,-0.3854190559885299,0.6236271450779302,0.45727787503268646,5.569220321109447,-2.932391438952569,4.662005628606677,0.21425764387729695,0.06022339609836414,0.00404330724111591,0.06713847944595969,227,0.0050126451292473425,0.06748750490037364,0.0,0.022186979319861085,0.3239582477255788,0.030700941213974143,0.0,,0.25729669683257145,,True,0.25729669683257145,661017.2731277533,True,CAG,CONAGRA BRANDS INC,1.0,False
56573,0.004252732524910026,0.9992663462431609,-0.09082534514063215,0.23146661346509548,1.3915517970233733,13.817440185656103,-0.9142476818906481,2.289307819919785,0.47488414699653614,0.04551946940317342,0.0030561079609159494,0.06713847944595969,227,0.008834263347353226,0.06239759317217533,0.0,0.051032790298920314,0.08272234810756376,0.09342667172244201,0.0,,0.4904481787570796,,True,0.4904481787570796,430119.29515418503,True,ITW,ILLINOIS TOOL WORKS INC,1.0,False
56710,0.004092783482693362,0.3537260754431973,0.6110713218878059,0.3657964282819568,0.6827149726111549,2.493462017924076,3.1357256815086307,1.8443555387029358,0.09138522722732889,0.08929103181441685,0.005994864104180758,0.06713847944595969,227,0.007884713873278916,0.09304995270404223,0.00881057268722467,0.04911340179232034,0.2477477844488464,0.04583644515610295,0.0,,0.2935353460113905,,True,0.2935353460113905,248.56828193832598,False,NSEC,NATIONAL SECURITY GROUP INC,3.0,False
56822,0.0011670193079004849,0.9023468420044041,0.32991171562888627,0.9250042418932937,0.28841202489945966,9.4237520155791,2.508179209923539,6.9097697036309045,0.4017315177195856,0.06026888772752799,0.00404636147992549,0.06713847944595969,227,0.008223142393379668,0.07740042162809387,0.0,0.01400423169480582,0.3866496301020845,0.019363544805679988,0.0,,0.368031597854692,,True,0.368031597854692,1085.0616740088105,False,NWLI,NATIONAL WESTERN LIFE GROUP INC,3.0,False
57007,-0.005137435158744288,0.7216166180572795,0.8556305654235675,0.5875784650704348,-1.0531941359544783,6.2514912683559265,5.396023995843423,3.6409312254091946,0.30042416884794854,0.07265515273645447,0.004877956478639509,0.06713847944595969,227,0.0013188938652164502,0.08628737027552298,0.0,-0.06164922190493145,0.8533040746102989,-0.07070985284938501,0.0,,0.0529484483546441,,True,0.0529484483546441,9375.044052863435,False,TRC,TEJON RANCH CO,1.0,False
57154,-0.0025988217118353405,0.972921514126125,0.5239184773022503,0.8642342935413895,-0.4673833817859991,7.394173066300644,2.8985847205114537,4.697997723555372,0.2936832372195701,0.08281933112604246,0.0055603639605339315,0.06713847944595969,227,0.004983129373229323,0.09788816198348417,0.00881057268722467,-0.031185860542024088,0.6796590052821663,-0.03137940957142243,0.0,,0.17634478123265368,,True,0.17634478123265368,44560.15859030837,True,GLT,GLATFELTER CORP,1.0,False
57568,0.012747601630036373,0.5379833772141269,-0.4296812555906967,0.31168350065189304,3.1602967658339836,5.6361593675397526,-3.2769611695865866,2.335596000737116,0.16424359935193777,0.060079888117813604,0.0040336723335133865,0.06713847944595969,227,0.01494601804771324,0.06528110116824118,0.0,0.15297121956043647,0.000897354725654572,0.2121775194560778,0.0,,0.7931012855547452,,True,0.7931012855547452,208227.17621145374,True,BLL,BALL CORP,1.0,True
57665,0.010903099066414379,0.8135130689017037,-0.6425089134103719,0.4191636066472238,2.4707889617932626,7.7904985780436355,-4.4790958316452825,2.8711361621911213,0.26528571837404424,0.06572684782264128,0.004412800621588122,0.06713847944595969,227,0.014093429440532735,0.07616961765039545,0.0,0.13083718879697254,0.007115447207116351,0.16588501392666102,0.0,,0.6409520382767204,,True,0.6409520382767204,755774.8237885463,True,NKE,NIKE INC,1.0,True
57808,-0.0013175635265087115,2.004099377907298,0.3088150777839555,0.1554029011422267,-0.17376187010902905,11.169074696594208,1.252872617962414,0.6194789685267762,0.39153167410316947,0.11293942721343844,0.007582581412607897,0.06713847944595969,227,0.00802323871145758,0.1438218281629383,0.004405286343612335,-0.01581076231810454,0.5688948785969614,-0.011666107744806566,0.0,,0.19324823313682554,,True,0.19324823313682554,331664.7621145375,True,VSH,VISHAY INTERTECHNOLOGY INC,1.0,False
57809,0.0076689356611478405,1.1822596019985536,0.12966682043336628,0.5044694061618613,1.6897732396349523,11.008324114344388,0.8789166638414304,3.359794334680543,0.39021814355693274,0.06759820519151492,0.00453844070983429,0.06713847944595969,227,0.01425008812872428,0.08598963944701285,0.004405286343612335,0.09202722793377409,0.04623440108572388,0.11344880591756396,0.0,,0.5740662900789026,,True,0.5740662900789026,47844.11013215859,True,NDSN,NORDSON CORP,3.0,False
57817,0.004780699605938609,1.4017562602319267,0.16716169189457525,0.7442125382436163,0.8126764582717052,10.069635538328475,0.874155077965662,3.823910618560501,0.357375918440449,0.08761980361136447,0.005882660383820617,0.06713847944595969,227,0.01303019947264331,0.10857303780613697,0.0,0.05736839527126331,0.2086351598403776,0.05456186168989019,0.0,,0.41573797648866584,,True,0.41573797648866584,499203.7356828194,True,JWN,NORDSTROM INC,1.0,False
57904,0.0038319109019715903,1.1518692031962674,-0.47497620332218254,0.9829944969183386,0.9008885458812778,11.443894721644746,-3.435207834488055,6.98539993132425,0.4546811721817876,0.06335382434650462,0.004253479433710741,0.06713847944595969,227,0.010381709082722925,0.08522083827896783,0.0,0.045982930823659084,0.18430973948899868,0.06048428712075068,0.0,,0.42200119040868883,,True,0.42200119040868883,550392.1982378855,True,AFL,AFLAC INC,1.0,False
57913,-0.009631404867069867,0.5236910015679345,2.008267658123833,-0.23622818856708988,-0.9349772496971124,2.148332705161383,5.997337668861042,-0.6931506746595242,0.20269035174942396,0.15343240575645006,0.01030121842022357,0.06713847944595969,227,-0.003914741363367793,0.17068753118822633,0.00881057268722467,-0.1155768584048384,0.8245943180833386,-0.06277295086122951,0.0,,-0.07944963399074788,,True,-0.07944963399074788,74603.95594713656,True,VXRT,VAXART INC,3.0,False
58246,-0.0010314130313989526,1.0235617293201362,-0.2030559768870986,0.44736278108688016,-0.29405298757076404,12.331674292007026,-1.78087838360831,3.8551151781877473,0.4293309048494395,0.05224389126782481,0.003507575420061809,0.06713847944595969,227,0.004031204411168403,0.06869759795058479,0.004405286343612335,-0.01237695637678743,0.6155045359289839,-0.019742270462042782,0.0,,0.20327496343793244,,True,0.20327496343793244,312434.2114537445,True,NTRS,NORTHERN TRUST CORP,3.0,False
58318,0.0004309496423645911,2.0536722440796757,0.24883723061383084,1.7421970842959942,0.05815190666251936,11.710719853825829,1.032947613480863,7.105902480181207,0.46653182187113973,0.11038017156204183,0.007410756879659649,0.06713847944595969,227,0.014391375739651933,0.15011877694983472,0.0,0.0051713957083750935,0.47683985166582993,0.003904230590204922,0.0,,0.3320916207600201,,True,0.3320916207600201,337364.59911894274,True,TEX,TEREX CORP NEW,1.0,False
58334,0.006224814662167195,0.19315933499458754,0.07657795426982088,0.22727134851568498,1.9890555888113108,2.608262041722638,0.7527482574410528,2.1950767539638263,0.05356751301370111,0.04661310181111958,0.003129532777858278,0.06713847944595969,227,0.007831605883198511,0.04759500707975546,0.004405286343612335,0.07469777594600634,0.023958622357236135,0.13354216776627945,0.0,,0.5700068190692597,,True,0.5700068190692597,24903.12334801762,True,NWN,NORTHWEST NATURAL HOLDING CO,1.0,False
58421,0.004395405182440458,0.9529609270044405,0.392067334307649,0.4142755088798235,0.65467753138489,5.99816817979137,1.7964481350319672,1.8651007898322558,0.1808432480395321,0.09999999508529638,0.00671384761463024,0.06713847944595969,227,0.010328932051046845,0.10975256604354268,0.02643171806167401,0.0527448621892855,0.25667503221078614,0.04395405398461607,0.0,,0.32601032933010543,,True,0.32601032933010543,5123.0881057268725,False,FRD,FRIEDMAN INDUSTRIES INC,2.0,False
58501,0.0029079916005941226,0.6500686745793244,0.7299686997536643,0.5947381733623056,0.43275883245765795,4.088152196300866,3.3418160019099794,2.6752423671356205,0.15263141932050495,0.10008654698675733,0.006719658577687485,0.06713847944595969,227,0.008825273527576415,0.10800347764740602,0.00881057268722467,0.034895899207129474,0.33280410985335884,0.029054769978015982,0.0,,0.28306166566891267,,True,0.28306166566891267,9220.325991189427,False,GPX,G P STRATEGIES CORP,1.0,False
58683,0.0033568375548742747,0.9787860746079057,0.157112248239791,0.6267428231232598,0.6496019484832983,8.004234427182602,0.9353034582244153,3.6659867376639967,0.27136012489713335,0.07696823102948379,0.005167529996964874,0.06713847944595969,227,0.009508909806266525,0.08956807695728054,0.0,0.040282050658491296,0.25830896178951945,0.043613287066301284,0.0,,0.36776305729772163,,True,0.36776305729772163,1266693.193832599,True,LUV,SOUTHWEST AIRLINES CO,1.0,False
58771,0.0014522368312670348,1.182606931400141,0.4984562986309694,0.6291815501042337,0.3499774212325359,12.04364717128153,3.6953465355679387,4.583139592370941,0.477871585734708,0.06180532850923706,0.004149515777768199,0.06713847944595969,227,0.00917017047211849,0.08496410109152996,0.0,0.017426841975204416,0.36334297897764406,0.023496951901970587,0.0,,0.3738802851492886,,True,0.3738802851492886,52472.37885462555,True,RBC,REGAL BELOIT CORP,1.0,False
58819,0.006420863517185509,0.4509836630345868,-0.1568867950281903,0.2033482871388193,1.8525415341999085,5.49857747958924,-1.3924718020116182,1.7733708278234295,0.13117865767518277,0.05162427716485923,0.003465975471345427,0.06713847944595969,227,0.008527030028315447,0.05501573955580413,0.004405286343612335,0.0770503622062261,0.03263475342838698,0.12437682171666718,0.0,,0.5369099594390415,,True,0.5369099594390415,134871.41850220264,True,LNT,ALLIANT ENERGY CORP,3.0,False
58975,0.0030693578760861056,1.1919728058184338,0.5472702432581958,0.5452109461355923,0.47071747265582314,7.724923053313332,2.5819042281779985,2.5273295983409345,0.2745334151519817,0.0971215731055098,0.006520594739703541,0.06713847944595969,227,0.01068847440655819,0.11326747348592317,0.0,0.03683229451303327,0.3191512995647655,0.03160325536275707,0.0,,0.3268896207852499,,True,0.3268896207852499,163959.5859030837,True,OII,OCEANEERING INTERNATIONAL INC,1.0,False
59010,-0.0018968163352568184,1.1499641784307986,0.29259404278241513,0.21973827610041943,-0.28589940224782817,7.324657173680994,1.3566847679543386,1.0011017155413624,0.22604774250784954,0.09881901772934029,0.006634558590691239,0.06713847944595969,227,0.004080295063535199,0.11157879294602037,0.0,-0.022761796023081822,0.6123897141820189,-0.01919485114142797,0.0,,0.12667780629845057,,True,0.12667780629845057,1339573.295154185,True,GPS,GAP INC,1.0,False
59045,0.004925083914457612,0.887289090976453,0.27105875163965504,0.5028336071913881,1.0948085247569648,8.334982686538986,1.8535891255468564,3.3785734005689245,0.29421455969992194,0.06700449879996964,0.004498580165468592,0.06713847944595969,227,0.01058656443876305,0.07922565299279857,0.0,0.05910100697349135,0.1373907980118764,0.07350377963665693,0.0,,0.46289217678537126,,True,0.46289217678537126,72084.0396475771,True,KEX,KIRBY CORP,1.0,False
59089,-0.004125997851644647,1.261530041658579,0.2689543891791919,1.1961209837934565,-0.4626417381136542,5.977621808324868,0.927726479714459,4.053922567039604,0.1979751446557838,0.13283505058619496,0.008918343313484267,0.06713847944595969,227,0.005055113232168214,0.1473387508775883,0.0,-0.04951197421973577,0.6779638523765403,-0.03106106282518664,0.0,,0.11885146173668158,,True,0.11885146173668158,74307.58149779735,True,BRS,BRISTOW GROUP INC,1.0,False
59176,-0.0011399630627133327,1.4257033741734013,-0.2129903502834587,0.8169793946024072,-0.2533923960824809,13.392048094658348,-1.456425350641254,5.48906569004789,0.4860597319733859,0.06700785257031408,0.004498805332509928,0.06713847944595969,227,0.00661400761832174,0.09284693864974924,0.004405286343612335,-0.013679556752559992,0.599900772943204,-0.017012380176146116,0.0,,0.2467673657996653,,True,0.2467673657996653,1403035.898678414,True,AXP,AMERICAN EXPRESS CO,1.0,False
59185,0.005189234238609385,0.4871612854597565,0.27058242025661666,0.47489228052818383,0.9185378659003037,3.6440269600467414,1.473393907511768,2.5408172304865064,0.09565498607089629,0.0841462389729701,0.005649450535741565,0.06713847944595969,227,0.009123737541668765,0.08789533932564875,0.0,0.06227081086331262,0.1796648840490868,0.06166923563008322,0.0,,0.3595816819944276,,True,0.3595816819944276,1994.2555066079294,False,ODC,OIL DRI CORP OF AMERICA,1.0,False
59248,0.0037263481544394946,0.6669963561559422,-0.3245256150161994,0.35259795691644674,0.8081806581737325,6.113128278216319,-2.1652074286122733,2.311475749613054,0.16588584732228284,0.06867576015622714,0.004610786111684513,0.06713847944595969,227,0.0067945381439922,0.07469455463615826,0.0,0.04471617785327393,0.20992394331225686,0.05426002050741931,0.0,,0.3151095909650775,,True,0.3151095909650775,237018.62995594714,True,TAP,MOLSON COORS BEVERAGE CO,1.0,False
59328,0.0016708554799929512,1.3873374268862004,-0.12856362828820173,-0.6408116092511431,0.3345276925740549,11.737897542547062,-0.7918388599745112,-3.8780025019756947,0.42351993948084743,0.07439355478194815,0.004994670148639702,0.06713847944595969,227,0.005272183547050501,0.09732880206662463,0.0,0.020050265759915413,0.36914790827638644,0.022459680611987505,0.0,,0.1876461967356639,,True,0.1876461967356639,10588113.955947137,True,INTC,INTEL CORP,3.0,False
59396,0.005151931421679234,0.7722632665555208,-0.17592880384466858,0.8997064260748211,1.2048805481604528,7.632280472263114,-1.2657162991490565,6.360031525845875,0.30964011991445295,0.06368755541129653,0.004275885629944751,0.06713847944595969,227,0.010532905800758456,0.07614037629856243,0.0,0.06182317706015081,0.11476326372988545,0.0808938479175072,0.0,,0.47920771829952313,,True,0.47920771829952313,267058.77092511015,True,ORI,OLD REPUBLIC INTERNATIONAL CORP,1.0,False
59408,-0.00315135735121988,1.5053340260371029,-0.005190414469087528,1.6689016974760653,-0.5648548690717383,11.402159872222404,-0.028619811270688956,9.041791876336124,0.48928003415030163,0.08309775202948674,0.0055790567166371504,0.06713847944595969,227,0.007807437842442031,0.11550374592802833,0.004405286343612335,-0.03781628821463856,0.7136298738565534,-0.03792349701712316,0.0,,0.23415481309968578,,True,0.23415481309968578,18101351.933920704,True,BAC,BANK OF AMERICA CORP,1.0,False
59459,0.00559388925469178,0.9182342587717627,-0.76498079205738,0.5580781604014752,1.4930411299975819,10.356819890089412,-6.281074452178447,4.502331426962669,0.40700371591803397,0.05580467604069555,0.003746641095346677,0.06713847944595969,227,0.009354171378018914,0.07198513397559231,0.0,0.06712667105630137,0.06841994035094719,0.10024051121831506,0.0,,0.4501457230024424,,True,0.4501457230024424,537742.3392070484,True,TRV,TRAVELERS COMPANIES INC,1.0,False
59483,-0.02065855908479889,2.106368009650959,0.7569524420697593,1.5922742803414982,-1.179036036516822,5.080147559297523,1.3289882775124262,2.7468153079747997,0.1457098651246438,0.26097652633018403,0.017521567148897015,0.06713847944595969,227,-0.005838108909584829,0.2804768120875634,0.004405286343612335,-0.24790270901758668,0.8801798735356683,-0.07915868670373041,0.0,,-0.07210507832187266,,True,-0.07210507832187266,777187.154185022,True,YRCW,Y R C WORLDWIDE INC,3.0,False
59600,0.007009853610452446,1.4905063330520707,0.6018084695414688,0.8708664623663508,0.834605330270286,7.499305663261237,2.2042254078759416,3.1340671528237865,0.26289251529057966,0.1250997072443542,0.00839900412352065,0.06713847944595969,227,0.016904348230747584,0.1447401754596213,0.0,0.08411824332542936,0.20241657604897292,0.05603413281184,0.0,,0.40457585340788804,,True,0.40457585340788804,8033.757709251101,False,TWIN,TWIN DISC INC,3.0,False
59619,0.0028867692595773878,0.7080182383703657,0.2659574743224945,0.505444660686306,0.7726505785538333,8.008119246191278,2.1898217515593306,4.089113842721794,0.29560320848933963,0.05564900924590979,0.003736189863444535,0.06713847944595969,227,0.0078074987637717285,0.06586382737072931,0.0,0.03464123111492865,0.2202736700935931,0.0518745849871454,0.0,,0.41063464055214055,,True,0.41063464055214055,50925.18942731278,True,SXT,SENSIENT TECHNOLOGIES CORP,1.0,False
59627,-0.0008592197734861788,0.7420597192312147,0.42832737775433366,-0.0026871978428629857,-0.10510037451832763,3.835781696057031,1.611763580399592,-0.009935372835292453,0.09160511138426641,0.12176668932338101,0.008175230368340374,0.06713847944595969,227,0.003089682743438571,0.12690810794520052,0.022026431718061675,-0.010310637281834146,0.5418046827197557,-0.0070562793343614035,0.0,,0.08433641597139242,,True,0.08433641597139242,2097.3876651982378,False,VIRC,VIRCO MFG CORP,3.0,False
59774,0.0012279543861578824,1.240023474230653,0.7471511286193537,1.136060767761663,0.16739785296582702,7.1435251737596435,3.1332973306229803,4.681162716690604,0.28846322553627,0.10925991294445772,0.00733554441948882,0.06713847944595969,227,0.011157938143204777,0.12866498886070762,0.00881057268722467,0.01473545263389459,0.4336043584933526,0.01123883731064396,0.0,,0.3004098619658501,,True,0.3004098619658501,13637.643171806167,True,LDL,LYDALL INC,1.0,False
60038,0.008837051432298713,0.6810677113377276,0.319741919964747,0.09477324151721696,1.6560531543701449,5.393518902032782,1.8432828024481183,0.5368304612260747,0.15365328318349647,0.0794806864436066,0.005336212433144849,0.06713847944595969,227,0.01258486215934791,0.08581943763634124,0.01762114537444934,0.10604461718758455,0.0495587419079054,0.11118489066609667,0.0,,0.5079879632539352,,True,0.5079879632539352,1465.6387665198238,False,ACU,ACME UNITED CORP,2.0,False
60097,0.0018266614573578992,0.7336385900652828,-0.19047257658540345,0.0939339123008709,0.5459556590716645,9.26608966582268,-1.7512867690288185,0.8486062850040789,0.2804208401507985,0.04983439522023129,0.0033458055191953303,0.06713847944595969,227,0.004711483308344683,0.0583563493563132,0.0,0.02191993748829479,0.2928210809679296,0.036654632794988325,0.0,,0.2796791971766088,,True,0.2796791971766088,1136866.7621145374,True,MDT,MEDTRONIC PLC,1.0,False
60098,0.0045530940908573925,0.5470968436753881,0.4352054696585353,0.6194321242597141,1.0300123531332968,5.230160801610941,3.0286958061513936,4.235591410286176,0.2079316674144912,0.06584043488457378,0.004420426684211004,0.06713847944595969,227,0.009495353859498111,0.07348684082533632,0.01762114537444934,0.054637129090288714,0.15206002875582383,0.06915346319992441,0.0,,0.4476021866169449,,True,0.4476021866169449,20505.09691629956,True,OTTR,OTTER TAIL CORP,3.0,False
60186,0.0008534899831198544,0.48283060960677165,0.8894758098056553,0.16575927405417126,0.1556152349552149,3.720176143285567,4.988997990378698,0.9135157652997566,0.1899742389177883,0.0816911132624105,0.005484617128685912,0.06713847944595969,227,0.005191487604305287,0.09016201541610006,0.004405286343612335,0.010241879797438253,0.4382385429612881,0.010447770253518883,0.0,,0.19946138639476593,,True,0.19946138639476593,88804.67841409691,True,OMI,OWENS & MINOR INC NEW,1.0,False
60206,0.00501829787382959,1.3259447949689922,-0.2619373655075414,0.5656199473758251,1.3349392285301331,14.905464893173363,-2.1435223559644516,4.5479355588516635,0.5225969213295238,0.05599167244470359,0.0037591957495736396,0.06713847944595969,227,0.011539059545777577,0.08049687932803405,0.0,0.06021957448595508,0.09162873478007241,0.08962578995627563,0.0,,0.49657173226314016,,True,0.49657173226314016,83648.80176211454,True,SNA,SNAP ON INC,1.0,False
60442,0.0006829824163251308,1.0146335681331016,-0.1666571411771544,1.148278915452343,0.1972973335876486,12.386138837732782,-1.4810206843975238,10.02636729319875,0.5343635228317528,0.05156046265888506,0.0034616910624477265,0.06713847944595969,227,0.007792105891416091,0.0750570550209751,0.0,0.008195788995901569,0.4218872888321267,0.013246242975816997,0.0,,0.35962837332527436,,True,0.35962837332527436,567430.4801762115,True,PNC,P N C FINANCIAL SERVICES GRP INC,1.0,False
60468,0.014459415932697985,1.4059064736277538,0.6732761609931505,0.1667056929833177,1.5976412168848415,6.564474420946261,2.2884806581462542,0.5567541502225627,0.21324753009662067,0.13480313530496524,0.009050477528923332,0.06713847944595969,227,0.022141034580741927,0.15096599987557718,0.013215859030837005,0.17351299119237582,0.05576941734328255,0.10726320200184096,0.0,,0.508053427362336,,True,0.508053427362336,9399.801762114537,False,GHM,GRAHAM CORP,1.0,False
60506,0.006643041449530123,1.185642946416066,0.25675626798242296,0.4953640927411491,1.5469098295599981,11.667209142527629,1.8392662192732006,3.486639821790846,0.42865769549799304,0.0639632411193469,0.004294394749188235,0.06713847944595969,227,0.013480278889252146,0.08405827683698418,0.0,0.07971649739436147,0.061651470910551266,0.10385717379666692,0.0,,0.555531919400706,,True,0.555531919400706,420580.2422907489,True,PCAR,PACCAR INC,3.0,False
60580,0.010529040423569657,0.7720598942551586,0.42927781559624184,0.7444294156134575,2.7101615849364658,8.397933072221726,3.3991500841255244,5.791811834894019,0.35865292370606394,0.05786581934384421,0.003885023122640301,0.06713847944595969,227,0.016742021767064158,0.07177509221822574,0.0,0.1263484850828359,0.0036239844346974016,0.18195612786548646,0.0,,0.8080249408475373,,True,0.8080249408475373,60312.48017621145,True,TTC,TORO CO,1.0,True
60599,-0.0001914176591555376,0.8298522939043028,-0.49435888319691923,-0.06644270566906105,-0.03882920277597664,7.11364676229973,-3.0849229295554497,-0.40738807164473156,0.18978072190571182,0.07342636451147158,0.004929734464544979,0.06713847944595969,227,0.0019887332702032178,0.08103058077698082,0.0,-0.002297011909866451,0.5154693496052398,-0.0026069336324779082,0.0,,0.08501943423496025,,True,0.08501943423496025,768000.5903083701,True,LUMN,CENTURYLINK INC,1.0,False
60628,0.0025151593231351153,0.999007330370176,0.07956974846633952,0.44512490148837575,0.6363880151729,10.68169542694138,0.6193412121898451,3.404261461597874,0.3747937371883021,0.05886701405884522,0.0039522418134348,0.06713847944595969,227,0.008066864488672738,0.07395347050736419,0.0,0.030181911877621384,0.2625881013640667,0.04272612367634083,0.0,,0.37786513753301076,,True,0.37786513753301076,432241.3259911894,True,FDX,FEDEX CORP,1.0,False
60687,0.0059303493855033815,1.0505711089357561,-0.24866136131413083,0.5793353707205205,1.7261196279667903,12.922040207425876,-2.2265088235063244,5.096889069239086,0.4648979755604047,0.05117264772343704,0.0034356537573753134,0.06713847944595969,227,0.011385599461330704,0.06948927863520699,0.0,0.07116419262604058,0.04285547298819646,0.11588904716351593,0.0,,0.5675821401220358,,True,0.5675821401220358,75802.4449339207,True,AFG,AMERICAN FINANCIAL GROUP INC NEW,1.0,False
60871,0.003556224639193974,1.4728942819164736,0.6489029262114685,-0.730434062934573,0.6622778291425209,11.591446370119074,3.7175452689432857,-4.1116541217817915,0.4949788703923863,0.07997927609766693,0.005369686984385946,0.06713847944595969,227,0.008893854675787074,0.1117946206036738,0.004405286343612335,0.04267469567032769,0.25423851586419005,0.044464326419399944,0.0,,0.27558764617500764,,True,0.27558764617500764,707092.603524229,True,ADI,ANALOG DEVICES INC,3.0,False
60898,0.005647068324775748,0.21055551770663555,0.13450533767109366,0.1732224039200005,2.2112223310759185,3.4841032784185955,1.6202215024267597,2.0502081560818666,0.08662113500863511,0.038038127482565194,0.002553822040150998,0.06713847944595969,227,0.007292963337021974,0.03953592120560547,0.013215859030837005,0.06776481989730898,0.01401794901581542,0.14845810502538764,0.0,,0.6390028436048263,,True,0.6390028436048263,186.66960352422907,False,BWL,BOWL AMERICA INC,2.0,False
60943,0.0012448108623595196,1.0001065179681725,0.08729911150642185,0.7112778835458243,0.30825812612075565,10.465800369540048,0.6650380460272338,5.323962599865747,0.39168972970947324,0.06014746584641315,0.004038209399455971,0.06713847944595969,227,0.007579228657643585,0.0766042688389797,0.0,0.014937730348314235,0.37908683815411826,0.020695981864608397,0.0,,0.3427383177513165,,True,0.3427383177513165,237063.25991189427,True,LEG,LEGGETT & PLATT INC,1.0,False
60986,-0.003101578527790968,1.137037645503904,0.043562635991658695,0.6902163384955787,-0.5405460670922854,8.374131922935328,0.23355522350674,3.6359649853586125,0.27923386560055985,0.08546308553862772,0.005737861611823452,0.06713847944595969,227,0.0036435280318106887,0.09999530144083156,0.0,-0.037218942333491614,0.7053200119165378,-0.036291441015069745,0.0,,0.1262214439871799,,True,0.1262214439871799,623220.6079295154,True,NWL,NEWELL BRANDS INC,3.0,False
61146,0.011623328633894463,0.9836664556928104,0.8186524486255705,-0.35787628662272236,1.2994714098270537,4.64728276000752,2.815537266834645,-1.209354598983474,0.1654736705860258,0.1332270118153994,0.00894465899441482,0.06713847944595969,227,0.016373179353784385,0.14486733718646502,0.00881057268722467,0.13947994360673355,0.09756198643783907,0.0872445345392859,0.0,,0.39151929031027866,,True,0.39151929031027866,7126.277533039648,False,PAR,PAR TECHNOLOGY CORP,1.0,False
61188,0.005614821738454366,0.48423434726356435,0.03671980959658646,0.3449598639644078,1.7946036403594252,6.540383090262894,0.3610426394149974,3.33261899951645,0.20057260708072988,0.04660107414174531,0.0031287252584252107,0.06713847944595969,227,0.008671761887602002,0.051773154417321644,0.00881057268722467,0.0673778608614524,0.03703560948916426,0.12048695962191568,0.0,,0.5802208634767237,,True,0.5802208634767237,37280.80616740088,True,SWX,SOUTHWEST GAS HOLDINGS INC,1.0,False
61241,0.006289959989232799,2.54862070870838,0.32944646670757816,0.028152835009350088,0.5769847822583789,9.879539634072543,0.9296657543440584,0.07805902771854362,0.3331222584057708,0.16237233002701568,0.010901431342111375,0.06713847944595969,227,0.017550019602363028,0.19750910619837814,0.0,0.0754795198707936,0.2822658687988504,0.0387378809442857,0.0,,0.30780885205962333,,True,0.30780885205962333,5052975.281938326,True,AMD,ADVANCED MICRO DEVICES INC,3.0,False
61269,0.006856224756136432,1.8552111200253694,0.9589104614186356,1.0684457002387282,0.6748318067547748,7.716473355850256,2.9034480369397184,3.1786849085803053,0.28651697039872237,0.1513275499866014,0.010159901604382876,0.06713847944595969,227,0.019570260711909492,0.17796081619516943,0.004405286343612335,0.08227469707363719,0.25024083632555905,0.0453071813872853,0.0,,0.380945497948513,,True,0.380945497948513,8416.74449339207,False,PKOH,PARK OHIO HOLDINGS CORP,3.0,False
61313,0.006350062808298115,0.9058256455107688,0.25270244952068605,0.3285384858921807,1.702005526566886,10.259887088514429,2.0836170371035547,2.6616670154365143,0.37171967143487816,0.05557065987471202,0.0037309296057967695,0.06713847944595969,227,0.011550124656210256,0.06964132648725552,0.0,0.07620075369957738,0.045073963253569306,0.11427006306232067,0.0,,0.5745267572400763,,True,0.5745267572400763,78253.39647577092,True,DCI,DONALDSON INC,1.0,False
61399,0.006137050662459731,1.0234133541589767,0.23166665036400694,0.4720288713921077,1.4058062289475537,9.906764941380853,1.6325059666895414,3.2682768967737297,0.3546676346703984,0.06502236236932032,0.004365502539460355,0.06713847944595969,227,0.012187179485955945,0.08040244073977107,0.0,0.07364460794951677,0.08058671470785703,0.09438369260719742,0.0,,0.5250789373162741,,True,0.5250789373162741,1644970.5330396476,True,LOW,LOWES COMPANIES INC,1.0,False
61487,0.008629338154621717,1.1061728788889866,0.6252916613501224,0.5094609903293678,0.9848307507709692,5.334849144808993,2.1952917896688695,1.7574362276340598,0.1618220736021605,0.13051017920862343,0.008762254984286679,0.06713847944595969,227,0.015957836924557413,0.14160366314552322,0.013215859030837005,0.1035520578554606,0.1628872575953107,0.06612003911838576,0.0,,0.39038233500820196,,True,0.39038233500820196,1735.339207048458,False,AE,ADAMS RESOURCES & ENERGY INC,2.0,False
61496,0.012558944539278683,1.3025448110011895,0.8477885367500955,1.0184155265056676,1.0363038119939643,4.541942693561393,2.1520234344738896,2.540057168259787,0.13793500867774866,0.18050720674575263,0.012118979389947309,0.06713847944595969,227,0.022621756176253414,0.1931179992654181,0.0,0.1507073344713442,0.15059142613124024,0.06957586218132644,0.0,,0.40578331592856703,,True,0.40578331592856703,11243.14537444934,True,PATK,PATRICK INDUSTRIES INC,3.0,False
61508,0.009988972918762334,0.8271873814272385,0.9454170629123257,0.16741792740399514,2.0264873348452874,7.0915632866080225,5.900271518650889,1.0266195861278213,0.34138788610511805,0.07341848875830756,0.004929205698453055,0.06713847944595969,227,0.015866352041428264,0.08986463102717622,0.004405286343612335,0.119867675025148,0.02195270141759104,0.13605527827800795,0.0,,0.6116161064127047,,True,0.6116161064127047,42.69603524229075,False,BIO,BIO RAD LABORATORIES INC,1.0,False
61516,0.010166653954979695,0.795676711765714,1.0737688705640893,0.09615229324076645,2.0455806655048225,6.765349538870054,6.646222570318353,0.5847668455561266,0.35759018083905436,0.07402696262304487,0.004970057708514124,0.06713847944595969,227,0.015981303027587313,0.09174492649783053,0.0,0.12199984745975634,0.020985714673111368,0.13733717546604807,0.0,,0.6034214614710078,,True,0.6034214614710078,20303.920704845816,True,BIO,BIO RAD LABORATORIES INC,1.0,True
61567,0.01161709806068544,1.0456841137420951,0.7807627499989981,0.5820271137595978,1.3433347021135962,5.109778951077016,2.777353543800847,2.0342968270876516,0.16885772462780357,0.128807728093901,0.008647955005113138,0.06713847944595969,227,0.01923262439309899,0.14034677765137438,0.0,0.13940517672822528,0.0902645284294315,0.09018944928689807,0.0,,0.4747081930799112,,True,0.4747081930799112,125631.90748898678,True,HXL,HEXCEL CORP NEW,1.0,False
61621,0.0027626131868406733,0.7724866255786658,0.22617035290632076,0.10690866909378545,0.7335198245187813,8.667578197303698,1.8473660331663202,0.8580038264407164,0.2948193800274854,0.056096623765737194,0.0037662420216836804,0.06713847944595969,227,0.006723738650364543,0.06635669563833481,0.0,0.03315135824208808,0.2320059398906025,0.04924740566165815,0.0,,0.3510077422395962,,True,0.3510077422395962,568076.2202643172,True,PAYX,PAYCHEX INC,3.0,False
61735,0.007810121581068151,0.7422216341871108,-0.5619028840896398,0.4250635252678576,1.6199015661167688,6.505481763100403,-3.5852347320032525,2.6648280842985086,0.20352237704965803,0.07181210682317085,0.004821355657918518,0.06713847944595969,227,0.010894197215233924,0.07992986708677072,0.004405286343612335,0.0937214589728178,0.05333333850952271,0.10875772800120859,0.0,,0.47214648972145257,,True,0.47214648972145257,359544.9074889868,True,AON,AON PLC NEW,1.0,False
61743,0.0015378566710402613,1.2225044022339508,0.2365961214560418,0.9630644778574439,0.27481834409780126,9.231989745023785,1.30065759602975,5.201992818499137,0.349298091714488,0.08334866369898103,0.005595902544602244,0.06713847944595969,227,0.00982299812613903,0.10263744043244435,0.004405286343612335,0.018454280052483136,0.39185512109394616,0.018450885746582907,0.0,,0.33153460891934833,,True,0.33153460891934833,81427.44052863437,True,DLX,DELUXE CORP,1.0,False
61807,0.005922001145483911,0.831953563306715,0.8702924867582965,1.0384060829331272,1.2402587768373747,7.363053097330737,5.607051685415918,6.573483419702715,0.38288059624825,0.07111884205210385,0.004774810915335628,0.06713847944595969,227,0.014153682381218077,0.08992869431439136,0.0,0.07106401374580693,0.10809153979301545,0.08326908839636718,0.0,,0.5452074487539629,,True,0.5452074487539629,24883.894273127753,True,MOG,MOOG INC,1.0,False
61815,0.00459868939324398,0.9541967069200208,-0.043064985860140126,0.4105206360963589,0.8129188341283419,7.1279729992420195,-0.2341870740278593,2.1934746915878627,0.2040175620289515,0.08425882344157952,0.0056570092857732325,0.06713847944595969,227,0.00960817291541022,0.09381274840097638,0.0,0.055184272718927764,0.20856581308961705,0.05457813443635919,0.0,,0.35478853228490387,,True,0.35478853228490387,428369.6563876652,True,NBL,NOBLE ENERGY INC,3.0,False
61946,0.00430494975714672,0.7155595232215944,-0.026451223654093824,0.6866740589318721,0.9625344588971576,6.76096969438587,-0.18193634673349718,4.640698634525676,0.23329966330258356,0.06661626814817456,0.004472514949832756,0.06713847944595969,227,0.00915833083655456,0.07557282983975934,0.0,0.051659397085760644,0.16841187821405887,0.06462309998469473,0.0,,0.419798870971795,,True,0.419798870971795,57629.02643171806,True,BKH,BLACK HILLS CORP,1.0,False
62033,0.014199833684532348,0.8257547126273822,0.7698706618336153,0.5770083059145403,2.371977411530408,5.828990885150319,3.956130090588869,2.913358182872722,0.2354283902607488,0.08916639485027297,0.0059864961679253785,0.06713847944595969,227,0.020873290873603716,0.101295542769657,0.004405286343612335,0.17039800421438817,0.00927178549066564,0.159250956690315,0.0,,0.7138241096443421,,True,0.7138241096443421,18381.1718061674,True,RAVN,RAVEN INDUSTRIES INC,3.0,True
62092,0.01072550976708069,1.086796852531254,-0.47733378390602066,-0.25358210323767155,2.8595575124099164,12.24459116624044,-3.9149711794784285,-2.0435441215471877,0.40831983481682,0.055866003718371735,0.003750758542373808,0.06713847944595969,227,0.013462878200298626,0.07214434794499,0.004405286343612335,0.12870611720496827,0.002322413785536217,0.19198634327147276,0.0,,0.6464370314029012,,True,0.6464370314029012,404369.55947136565,True,TMO,THERMO FISHER SCIENTIFIC INC,1.0,True
62148,0.009062252277615236,1.0398072076871268,-0.09416603438207632,0.5338748438877196,2.1464009066576573,10.407407096018828,-0.686111153898249,3.8220703703523005,0.358761493354393,0.06288597573666861,0.004222068789435445,0.06713847944595969,227,0.014669163718249716,0.07800855238872902,0.004405286343612335,0.10874702733138283,0.016460357808693503,0.14410609315442435,0.0,,0.6514090080262919,,True,0.6514090080262919,1038825.9339207049,True,CSX,C S X CORP,3.0,True
62228,0.002938931170174517,0.9492454384520675,1.7546567629723295,-0.7130869317328303,0.3765736088552196,5.1398921741234185,6.916368802477002,-2.761769754896615,0.35845137979298736,0.11624332756098027,0.007804400258182832,0.06713847944595969,227,0.008505880761921623,0.14416221877062566,0.022026431718061675,0.0352671740420942,0.35342427957410627,0.025282579498017023,0.0,,0.20438944084527128,,True,0.20438944084527128,3249.4361233480176,False,FEIM,FREQUENCY ELECTRONICS INC,3.0,False
62308,0.003978858257512714,1.0365840595136524,-0.33905895663093255,1.0717458370699755,1.2309100274977918,13.551500693072066,-3.2267741260335945,10.021764037887321,0.5659564153722603,0.048146049432816855,0.0032324525502493333,0.06713847944595969,227,0.010595331797512885,0.07259257443886984,0.0,0.04774629909015257,0.10982659667503045,0.08264142758098617,0.0,,0.5056068926663102,,True,0.5056068926663102,128007.34361233481,True,GL,GLOBE LIFE INC,1.0,False
62341,0.008104524693032633,1.2933132720534983,0.6735624238631855,1.2869487321509459,0.897874293275504,6.054896812189663,2.295574236934162,4.309568225323804,0.22493578680646498,0.1344437170261528,0.009026346732198778,0.06713847944595969,227,0.018530335163817187,0.15169451600666406,0.013215859030837005,0.0972542963163916,0.18511047078093282,0.060281914784132994,0.0,,0.4231594236880856,,True,0.4231594236880856,98485.93832599118,True,PDCE,P D C ENERGY INC,3.0,False
62368,-0.008331921813015845,0.9118222292890692,0.6873111529809598,1.0530017188435277,-1.099084627425399,5.082895106875192,2.7891048578103645,4.19855217128078,0.1970081269897911,0.11291263726279589,0.007580782776057324,0.06713847944595969,227,-0.0001161029231134843,0.12516565840626995,0.004405286343612335,-0.09998306175619014,0.8635418413924791,-0.0737908706677704,0.0,,-0.003213280132911348,,True,-0.003213280132911348,582.4977973568282,False,PHII,P H I INC,3.0,False
62376,-0.009406506883003218,0.9720315390374049,0.7587593159286676,1.1021304473918354,-1.2603172221333938,5.50360015122234,3.127382723974464,4.463432999196562,0.22404624902063908,0.11116728664883077,0.007463602589735633,0.06713847944595969,227,-0.000651577349391903,0.1253595138151653,0.004405286343612335,-0.11287808259603861,0.8955639286704441,-0.08461578191359187,0.0,,-0.018005256080872046,,True,-0.018005256080872046,6231.114537444934,False,PHIIK,P H I INC,3.0,False
62498,0.008844385526577313,0.7159719282699875,0.38838870344575277,0.44572211036709786,2.1229741092846437,7.26253187615583,2.867933819786251,3.2338936753738357,0.2677713008863756,0.06205138312050407,0.004166035510229332,0.06713847944595969,227,0.013885274697308216,0.07203213793117283,0.0,0.10613262631892775,0.017429162500276027,0.14253325360051164,0.0,,0.6677575300005206,,True,0.6677575300005206,40867.308370044055,True,WST,WEST PHARMACEUTICAL SERVICES INC,1.0,True
62958,0.0030347078748373174,0.2954116201796357,0.3702772921127821,0.3906572096753229,0.5633259232430257,2.317316981373132,2.1144403003160335,2.191912511105988,0.06584657890425161,0.08023902694652628,0.00538712626141316,0.06713847944595969,227,0.006149704687269047,0.08246596797158495,0.022026431718061675,0.036416494498047805,0.286889474870088,0.03782084591902814,0.0,,0.25832719197729304,,True,0.25832719197729304,148.60352422907488,False,SENEB,SENECA FOODS CORP NEW,3.0,False
63125,6.047993504224806e-05,1.5649469268233525,1.273740650377515,0.48731625018944674,0.007521912803508194,8.224918747230173,4.8733038552675785,1.8319448642268865,0.35073451018424384,0.11975992636397849,0.008040499354637616,0.06713847944595969,227,0.010581425684983294,0.14763814248417392,0.004405286343612335,0.0007257592205069767,0.49700258158462346,0.000505009788152636,0.0,,0.24827685575724442,,True,0.24827685575724442,30784.06167400881,True,AGYS,AGILYSYS INC,3.0,False
63132,0.0045887148510358605,0.9375065649408466,0.8726368154463733,0.756147294943039,0.583336648123756,5.036368890798256,3.4126144507700253,2.905488227565277,0.19048597879912021,0.11716565046764237,0.007866323615694304,0.06713847944595969,227,0.012451571418772017,0.12935592688797898,0.0,0.055064578212430326,0.28012808981519144,0.03916433556013181,0.0,,0.333448259391504,,True,0.333448259391504,11301.5859030837,True,DCO,DUCOMMUN INC DE,1.0,False
63467,0.009603198530052426,0.5843458030661973,-0.0686385874410651,0.47421983093359815,2.28235999722657,5.868852476090324,-0.5018363086894541,3.4066889141886714,0.17202343034475298,0.0626700814724437,0.00420757397681428,0.06713847944595969,227,0.013219610026972483,0.06841470326963163,0.0,0.11523838236062911,0.011705509890810054,0.15323417976207662,0.0,,0.6693600974259287,,True,0.6693600974259287,126223.52863436124,True,BRO,BROWN & BROWN INC,1.0,True
63546,-0.020533783189108604,1.8436328931212855,0.20458522596797554,-0.43171843645574903,-1.6293557509798795,6.182105580394344,0.49939790599872846,-1.035456997963745,0.1695342272511895,0.18770746871434388,0.012602394030131097,0.06713847944595969,227,-0.01375373676906909,0.20460625019141074,0.00881057268722467,-0.24640539826930324,0.9476752587508233,-0.10939246759731884,0.0,,-0.23285868203605756,,True,-0.23285868203605756,15022.273127753304,True,USAU,U S GOLD CORP,3.0,False
63715,0.006062915656463214,0.7317877462082862,1.0415460017876212,0.6662721859952732,0.7716411154554489,3.9358087835008893,4.077911466396112,2.5631265162638313,0.16842629626884253,0.11702931563588544,0.007857170302394623,0.06713847944595969,227,0.013178738358337558,0.12748013173081496,0.0,0.07275498787755857,0.2205719619653155,0.05180681116966306,0.0,,0.3581145407740407,,True,0.3581145407740407,10061.960352422908,True,POWL,POWELL INDUSTRIES INC,3.0,False
63765,0.008475868677849647,0.4568452531299897,0.6757573145236178,0.9589343457500517,0.9725483229092607,2.215190656122927,2.3853012096636066,3.3258324788673437,0.08758345043510962,0.1298080210002881,0.008715113149848545,0.06713847944595969,227,0.014526410372252437,0.13499048691319213,0.0,0.10171042413419576,0.16591578280504043,0.06529541558784596,0.0,,0.3727741323359566,,True,0.3727741323359566,1211539.6299559472,True,SWN,SOUTHWESTERN ENERGY CO,1.0,False
63773,-0.0018775300005947988,0.8892211752163172,-0.01894952052683619,-0.14987805468783777,-0.39446202073201964,7.894836316010711,-0.12247347451335189,-0.951789444054246,0.23482558091566186,0.07089411557551467,0.004759723121406182,0.06713847944595969,227,0.0013113918416802343,0.08050598715408343,0.0,-0.022530360007137585,0.6531915273898421,-0.026483580271128425,0.0,,0.05642803420506289,,True,0.05642803420506289,86156.72246696035,True,TDS,TELEPHONE & DATA SYSTEMS INC,1.0,False
63781,0.001080448521186085,1.4222452610619665,0.6512645141685578,1.293083793090945,0.12821933641004693,7.132453763225295,2.377564807759717,4.638319281920156,0.2733164276416441,0.12551020918566752,0.008426564599670039,0.06713847944595969,227,0.012007141482720519,0.146252936298094,0.0,0.012965382254233021,0.449045477130338,0.008608451282140526,0.0,,0.28439742309653543,,True,0.28439742309653543,97482.85462555067,True,UNT,UNIT CORP,1.0,False
64020,-0.010190602104917418,0.9774464355929734,0.5904338189898007,0.967964156477515,-1.235755543735134,5.008881001178717,2.202568637297533,3.5479421075034137,0.17076569017863563,0.12282754632774547,0.008246454694523,0.06713847944595969,227,-0.0021527191396582975,0.13398474583404113,0.030837004405286344,-0.12228722525900902,0.8910751902828852,-0.08296674817329203,0.0,,-0.055657364591825235,,True,-0.055657364591825235,15256.436123348018,True,LUB,LUBYS INC,1.0,False
64186,0.00753667330993925,0.9122515952198946,0.26732293565876075,0.5952993342743802,1.2855127864894904,6.575463417612368,1.4026794527105615,3.069139534400105,0.21013404745917075,0.08732363155892127,0.005862775842565192,0.06713847944595969,227,0.013557644523604197,0.09760078340908984,0.0,0.09044007971927101,0.0999732643722532,0.08630737379324302,0.0,,0.48119550531504074,,True,0.48119550531504074,416565.33920704847,True,CI,CIGNA CORP NEW,1.0,False
64194,0.012765084692296771,0.5616949980956598,0.323717645164267,0.07812088262029745,2.4879090730415,4.6262210884076955,1.940897850337151,0.46021680285211003,0.12593520627687604,0.07642187617806756,0.005130848563002865,0.06713847944595969,227,0.015982559857700283,0.08119776842821322,0.0,0.15318101630756126,0.006790900972266084,0.1670344321638134,0.0,,0.6818563180839589,,True,0.6818563180839589,33276.40088105727,True,CHE,CHEMED CORP NEW,1.0,True
64282,0.004014449829974758,1.231677295235013,0.22225262535745646,0.42729918464927963,0.6681438183876963,8.662751966830793,1.1379320324950457,2.14961414096706,0.2859165296854449,0.08949207520738076,0.006008361851887012,0.06713847944595969,227,0.010773394769553237,0.10519819805707988,0.0,0.04817339795969709,0.2523663685564338,0.04485816001776737,0.0,,0.3547602041764664,,True,0.3547602041764664,678290.1762114537,True,LB,L BRANDS INC,1.0,False
64311,0.007987549932821332,0.9159115764671738,-0.0651381281623672,0.6774651999000607,1.6842401630688435,8.16129367560929,-0.4225238329728577,4.317794322718009,0.2786929208154545,0.07063794650090474,0.0047425243192557925,0.06713847944595969,227,0.013557098125761932,0.08261828586755049,0.004405286343612335,0.095850599193856,0.046767181445881295,0.11307732357025733,0.0,,0.5684354864166746,,True,0.5684354864166746,487474.3436123348,True,NSC,NORFOLK SOUTHERN CORP,1.0,False
64390,0.010376756112881304,0.7968604411691188,-0.47789416715782307,0.46571570243725663,2.4673567817032267,8.006959567512679,-3.4956470554098433,3.3471544388692718,0.26709988377316773,0.06264092397342154,0.004205616386665485,0.06713847944595969,227,0.013979272623551524,0.07268318864373312,0.004405286343612335,0.12452107335457566,0.007182144792973147,0.16565458257423132,0.0,,0.6662561422705439,,True,0.6662561422705439,625473.731277533,True,PGR,PROGRESSIVE CORP OH,1.0,True
64450,0.008995401109116126,0.22278570356409888,-0.059038791684713744,0.11715879822895224,2.920276829569834,3.0563693191441432,-0.5896121884983268,1.1496427996932248,0.045827846411006345,0.04588016908492739,0.0030803247890855527,0.06713847944595969,227,0.010122632791852612,0.046656252502694597,0.00881057268722467,0.10794481330939351,0.001928109355904193,0.19606294589858664,0.0,,0.7515783356513219,,True,0.7515783356513219,48208.45374449339,True,NJR,NEW JERSEY RES,1.0,True
64629,0.004728659536764071,1.4828243432134187,0.7291914081529922,1.040912807050312,0.44253144391484095,5.86422763324418,2.0992933729954886,2.944455309898692,0.19194337392382876,0.1591557780683492,0.010685476934547584,0.06713847944595969,227,0.015347171066984704,0.1758732236890204,0.0,0.05674391444116886,0.32926680142800074,0.02971088825146741,0.0,,0.3022868346061716,,True,0.3022868346061716,558587.1629955947,True,MDR,MCDERMOTT INTERNATIONAL INC,1.0,False
64929,0.007413615383411726,1.5691862364201725,0.48259500093794205,1.4520761051007864,1.362997852017738,12.191429584006114,2.7294393111342674,8.06935877836874,0.510759369758413,0.08101461615267586,0.005439198141388741,0.06713847944595969,227,0.019043908007257613,0.11505363177337302,0.0,0.08896338460094072,0.08712892938387466,0.09150960327258009,0.0,,0.5733850506902767,,True,0.5733850506902767,10528.955947136565,True,KWR,QUAKER CHEMICAL CORP,1.0,False
64936,0.007310244731041411,0.3874886933949566,-0.3747705703933889,0.24150364719521228,2.3930218346933567,5.360296384912973,-3.7740332989366885,2.3895876497845543,0.16662020889392437,0.04550024697906698,0.003054817396590178,0.06713847944595969,227,0.008804577028681,0.04950972152111479,0.0,0.08772293677249693,0.00876947694317771,0.16066384726229266,0.0,,0.6160396093654268,,True,0.6160396093654268,472015.97797356825,True,D,DOMINION ENERGY INC,1.0,True
64961,0.012357826537367571,0.831901074311501,1.0932388945297906,0.27898886181651283,1.6375456369308787,4.658413402964169,4.456479312695433,1.1174361287256833,0.20155867837968622,0.112402813384218,0.007546553976064362,0.06713847944595969,227,0.01888596283679344,0.12495507256839454,0.0,0.14829391844841086,0.051463400038075945,0.10994232408690477,0.0,,0.523571336654287,,True,0.523571336654287,64234.02643171806,True,NXGN,NEXTGEN HEALTHCARE INC,3.0,False
64995,-0.00286166472202108,0.7735190025543844,-0.07513312612476605,1.1862629967946812,-0.6073466299541865,6.937514242202644,-0.4905404653859351,7.609977738075437,0.3241630852795485,0.07017955701104983,0.004711748745912925,0.06713847944595969,227,0.003557495891089462,0.0847984432964309,0.004405286343612335,-0.03433997666425296,0.7278805856531481,-0.04077632923175204,0.0,,0.14532728176494272,,True,0.14532728176494272,1725253.7885462556,True,KEY,KEYCORP NEW,1.0,False
65008,0.017694951349093758,2.493353645252898,1.2534590867605122,-1.2879726656362391,0.9247010570753456,5.506186108611615,2.015058446726159,-2.0344318845127334,0.18899341325360808,0.28502077570504436,0.019135861491344608,0.06713847944595969,227,0.026910375332678316,0.3143855228206755,0.00881057268722467,0.2123394161891251,0.1780604845061454,0.06208302291411029,0.0,,0.2965157995111202,,True,0.2965157995111202,19409.977973568282,True,ASYS,AMTECH SYSTEMS INC,3.0,False
65270,-0.000784661574236314,0.7845214805052442,0.6596027711178902,-0.19241017889915343,-0.09189699292640992,3.8827441914649135,2.376440198137872,-0.6811323149617721,0.11814812167278699,0.12717729502287334,0.008538490207885933,0.06713847944595969,227,0.0032839450860707763,0.13452715984116026,0.022026431718061675,-0.009415938890835768,0.5365688101763351,-0.006169824370735276,0.0,,0.08456225114774826,,True,0.08456225114774826,4350.444933920705,False,RCMT,R C M TECHNOLOGIES INC,3.0,False
65285,-0.0073790110658197745,1.8744109357748193,1.2412412522551697,2.730048035965377,-0.689995413172527,7.406753230964741,3.5705058258259266,7.716189006322837,0.36871451812676226,0.15928704545185365,0.010694290027076921,0.06713847944595969,227,0.010766314174498637,0.1991433313546703,0.00881057268722467,-0.0885481327898373,0.7545427431854462,-0.046325242865090155,0.0,,0.18728021705400968,,True,0.18728021705400968,452801.436123348,True,HOV,HOVNANIAN ENTERPRISES INC,1.0,False
65294,0.009744966208045944,0.46120213017022715,0.19801109392680027,0.48185398727825896,2.720679598720322,5.441309024610312,1.7006388215386123,4.066277804445125,0.18798765185560484,0.05334963301809988,0.0035818132398351913,0.06713847944595969,227,0.01343944367582877,0.05880961435563007,0.004405286343612335,0.11693959449655134,0.003514319059332043,0.18266229131772618,0.0,,0.7916324406152881,,True,0.7916324406152881,22950.837004405286,True,RLI,R L I CORP,1.0,True
65306,0.0072560364902555866,0.7448681251785925,0.5978134638269801,0.7469105173651791,1.4767656656816759,6.406289237404043,3.7428577653729027,4.594785370745176,0.27283110346592576,0.07318403833177799,0.004913465053310402,0.06713847944595969,227,0.0137199692655647,0.08525050006359162,0.0,0.08707243788306704,0.07057461250500324,0.09914780129186816,0.0,,0.5575025091586623,,True,0.5575025091586623,12890.91629955947,True,UNF,UNIFIRST CORP,1.0,False
65307,0.005988773389007353,1.0182320706623091,0.3191585874231396,0.47427458133350436,1.500627307562467,10.781936283404177,2.4601806743223444,3.5921076297163217,0.40483337324927393,0.05944201646263189,0.003990846600502808,0.06713847944595969,227,0.012208674753630267,0.07653718063286204,0.00881057268722467,0.07186528066808824,0.06743324440615954,0.1007498356448285,0.0,,0.552569216465018,,True,0.552569216465018,139596.1321585903,True,RPM,R P M INTERNATIONAL INC,1.0,False
65330,-0.003556640095033603,1.5175813015691313,0.4320534993466908,0.5369714000944148,-0.7592252988296218,13.68982013302973,2.8372250212507004,3.4647063539434018,0.513371779261524,0.0697746630356489,0.004684564780067677,0.06713847944595969,227,0.005135158436788446,0.09935673561021402,0.0,-0.04267968114040324,0.775740211783032,-0.05097323212032516,0.0,,0.1790387991877464,,True,0.1790387991877464,291936.2599118943,True,LM,LEGG MASON INC,1.0,False
65365,0.0008185180763368909,1.2923231630127598,0.9989009110554932,1.2172683779490987,0.11542392124408624,7.701116654639424,4.333267122595143,5.188459317848293,0.34272922766083125,0.10562359608403366,0.007091407634696242,0.06713847944595969,227,0.011727442252985897,0.12941571057632556,0.0,0.009822216916042691,0.4541064932675401,0.007749386564018154,0.0,,0.3139112822476351,,True,0.3139112822476351,25462.189427312776,True,MYE,MYERS INDUSTRIES INC,1.0,False
65402,0.010334792956928442,0.6523156861431169,0.36920950401238123,0.5617150378610586,1.8761802756031059,5.004326438479644,2.061916910092828,3.0822890419848266,0.16032459831966916,0.08204567900775502,0.005508422133691966,0.06713847944595969,227,0.015405379268359673,0.08894022221186758,0.0,0.1240175154831413,0.030968403967700814,0.12596389087049412,0.0,,0.6000187303131524,,True,0.6000187303131524,89831.20264317181,True,AOS,SMITH A O CORP,1.0,False
65541,0.012192723658711296,0.5651483758550385,0.16857166734623838,0.24584152848586072,2.1155433446589478,4.143799226300507,0.8997695311788045,1.2893207458221982,0.09003874240922083,0.0858434773815951,0.005763400541753927,0.06713847944595969,227,0.01557706755478676,0.08939105496556192,0.004405286343612335,0.14631268390453556,0.017746526075132826,0.14203436336242156,0.0,,0.6036459117350739,,True,0.6036459117350739,99387.4845814978,True,COO,COOPER COMPANIES INC,1.0,True
65752,0.010059138464907125,0.7677664138448582,0.7822028041996303,1.018377120089648,1.329157277637896,4.28706157435158,3.1795119307801825,4.067323790755728,0.17622706590599446,0.11272309684089478,0.007568057320337338,0.06713847944595969,227,0.01778352213616098,0.12336937491115786,0.00881057268722467,0.1207096615788855,0.09257716661064232,0.08923759856513962,0.0,,0.49934538291270564,,True,0.49934538291270564,25889.0,True,TISI,TEAM INC,1.0,False
65875,0.0036596257345569085,0.7553111524299394,-0.8435089460976238,-0.12401852301222037,0.9721194210540117,8.478594558763506,-6.892839131241402,-0.9957585126397246,0.29982903255296844,0.05607193612116156,0.00376458453076577,0.06713847944595969,227,0.004631419487025478,0.0665643529549806,0.0,0.0439155088146829,0.16602219666713158,0.06526661976945299,0.0,,0.24102551911285383,,True,0.24102551911285383,2716355.6475770925,True,VZ,VERIZON COMMUNICATIONS INC,1.0,False
66093,0.0011176636097201095,0.6726410993680759,-0.6079256684621942,0.14705332319414402,0.29350300755209185,7.464485331852884,-4.911084754301452,1.1672417544452178,0.23709123775817886,0.05671880261055159,0.0038080141632679623,0.06713847944595969,227,0.0030225548883158235,0.06450434422233019,0.0,0.013411963316641315,0.38470533326490214,0.01970534563986347,0.0,,0.16232142806333177,,True,0.16232142806333177,4425481.885462555,True,T,A T & T INC,1.0,False
66157,0.0020933219943857473,0.8809535998795971,-0.35721641650368025,1.1588560742728389,0.612499652830639,10.892758346745719,-3.215338664062641,10.249055340192996,0.5123041775383288,0.05090479450273116,0.0034176704994224173,0.06713847944595969,227,0.00828062051193264,0.07240730490762076,0.0,0.025119863932628966,0.27041564737727203,0.0411222953522273,0.0,,0.3961604554447328,,True,0.3961604554447328,1836359.2202643172,True,USB,U S BANCORP DEL,1.0,False
66181,0.002484489956327125,1.0081217853128275,0.1523781058370792,0.29329861260107115,0.6567354721145434,11.26111135374073,1.239085579815916,2.34340722134287,0.39794976945072147,0.05634758014464281,0.0037830908513706673,0.06713847944595969,227,0.007792745075709678,0.07213684075031496,0.0,0.029813879475925502,0.2560140877665182,0.0440922209959949,0.0,,0.37421739741222054,,True,0.37421739741222054,2100941.1585903084,True,HD,HOME DEPOT INC,1.0,False
66245,0.004328712367317504,0.9774638564988998,0.41236934291482197,0.8520399653835198,0.7543264172937242,7.198074216300128,2.2106116903577564,4.487919732534503,0.2703721172384791,0.08547279590021231,0.005738513550735111,0.06713847944595969,227,0.011659009595931495,0.09939748852805705,0.0,0.05194454840781004,0.22572452662889647,0.0506443286630191,0.0,,0.40632811321759404,,True,0.40632811321759404,129910.3744493392,True,MDC,M D C HOLDINGS INC,1.0,False
66325,0.0028667277430746447,0.848348268148786,0.004237496682577221,0.8789717551250609,0.41715731249874827,5.216781093360563,0.018969168130845825,3.8660979904654265,0.16047221422796776,0.10235641993169438,0.006872054395746082,0.06713847944595969,227,0.008881589610643911,0.11096748983152149,0.00881057268722467,0.034400732916895736,0.3384823283244093,0.02800730765092899,0.0,,0.27725894279427643,,True,0.27725894279427643,794445.6167400881,True,SLM,S L M CORP,3.0,False
66376,0.009630384012154405,0.8018495915495074,0.04430915230339081,0.867109755030022,1.9666277195029893,6.919687594977623,0.2783540187434186,5.352259351442973,0.2583445049348735,0.07293734452767023,0.004896902406413868,0.06713847944595969,227,0.015504584815132345,0.0841292563774773,0.0,0.11556460814585286,0.025233229886684437,0.132036394723706,0.0,,0.6384159282135187,,True,0.6384159282135187,46483.898678414094,True,WSO,WATSCO INC,1.0,False
66384,0.017299687698200027,1.7420465460757846,-0.0920672621659392,-1.0049545562280058,1.7212717589132933,7.324634515332113,-0.2818005989953001,-3.0223317257765046,0.2357321385670853,0.1496984552032551,0.01005052665775566,0.06713847944595969,227,0.021394816195049845,0.1700954639063889,0.004405286343612335,0.20759625237840032,0.043294194588946115,0.11556356860671103,0.0,,0.43571895237391917,,True,0.43571895237391917,762221.9427312776,True,WDC,WESTERN DIGITAL CORP,3.0,False
66683,0.011116194892821946,1.1444969220494559,0.3601760617165992,1.0304158723192955,1.3662493399693094,5.944337591616434,1.361802606158269,3.8279907436304113,0.1971656728279223,0.12118662371469736,0.008136285645394458,0.06713847944595969,227,0.01953406190080117,0.1343506992962475,0.0,0.13339433871386336,0.08661841534243793,0.09172790322958546,0.0,,0.5036667150615733,,True,0.5036667150615733,156379.2422907489,True,RES,R P C INC,1.0,False
66800,-0.008466564058134358,2.119009758091464,-0.5588154554294427,1.7221110799633812,-0.6283397145906275,6.645616758171654,-1.2757959644493824,3.86307374791139,0.21103825726082326,0.20069714155766694,0.013474500913332283,0.06713847944595969,227,0.004000531127635549,0.2244457709539269,0.0,-0.1015987686976123,0.7347877907861297,-0.042185773013123026,0.0,,0.061744296993218546,,True,0.061744296993218546,2997892.1629955946,True,AIG,AMERICAN INTERNATIONAL GROUP INC,1.0,False
66852,0.002750422706630028,0.9106843224466752,0.825139909820431,-0.12000422234022698,0.39376950228815477,5.50966909407312,3.6340904164383834,-0.51930641227915,0.21570954521491492,0.10403653203375555,0.006984854567577224,0.06713847944595969,227,0.007894664149004454,0.11669321740839678,0.00881057268722467,0.03300507247956034,0.3470637346235586,0.026437085635819056,0.0,,0.23435739828670288,,True,0.23435739828670288,11038.563876651982,True,RELL,RICHARDSON ELECTRONICS LTD,3.0,False
67360,0.004232407230992106,0.2537234845609849,0.03101358198209197,0.03357562004765419,1.4704438417565875,3.725089284276508,0.3314655724484707,0.3525896527014606,0.06575893450961634,0.042871383983222655,0.0028783195323774393,0.06713847944595969,227,0.005437706944285646,0.044059162649626796,0.0,0.050788886771905274,0.07142556552310807,0.09872336364621263,0.0,,0.42753353163204627,,True,0.42753353163204627,6081.1233480176215,False,UTL,UNITIL CORP,1.0,False
67467,0.0024122619306627107,0.9983718691458691,0.2027032779948081,0.777897419206261,0.33667140133968754,5.888289082133087,0.8702981066007988,3.2816224991669456,0.17904453499171258,0.10672022574850638,0.007165033682884274,0.06713847944595969,227,0.009173814947825503,0.1169998077344053,0.0,0.02894714316795253,0.3683406197574761,0.022603605958887055,0.0,,0.2716160632492404,,True,0.2716160632492404,273195.6431718062,True,BIG,BIG LOTS INC,1.0,False
67774,0.007099881148904001,0.5617827428215694,-0.23563286825596647,0.510287961202314,2.0942411402797534,7.00259527448094,-2.1381441487239723,4.5496234833047104,0.24506026770273237,0.05049552487263671,0.0033901927587744658,0.06713847944595969,227,0.010374269409937534,0.057729123194057534,0.0,0.085198573786848,0.01868397921699986,0.1406041657515554,0.0,,0.6225198206810477,,True,0.6225198206810477,103768.39647577092,True,TRP,T C ENERGY CORP,1.0,True
67838,-0.002875722947682204,0.697832178173377,0.3416677849020051,0.5068963941020547,-0.5557813510601196,5.699318699189982,2.0313579698523876,2.9611516889375857,0.18437189073006488,0.07706755334971893,0.005174198346520506,0.06713847944595969,227,0.0021670523854119164,0.08476639066465536,0.00881057268722467,-0.034508675372186444,0.7105412461848016,-0.03731431481459754,0.0,,0.08855974177420835,,True,0.08855974177420835,5755.929515418502,False,CSS,C S S INDUSTRIES INC,1.0,False
67847,0.021229341881376873,0.2423941937491516,0.24407900925350398,0.06816117125339363,2.1797071303138646,1.0517168950286562,0.7709346199539194,0.21153546265421855,0.010121588838826079,0.14506641718319735,0.009739538668353108,0.06713847944595969,227,0.02293672990136263,0.144835215794556,0.004405286343612335,0.2547521025765225,0.01516307657496407,0.14634222236678918,0.0,,0.5485900832984794,,True,0.5485900832984794,123016.7577092511,True,RGLD,ROYAL GOLD INC,3.0,True
68144,-0.003847986058188375,1.040750604920378,-0.025424265599633483,1.4523338355773523,-0.8693080420317418,9.935778556254304,-0.1766908774465092,9.917248352773745,0.47059577120381735,0.06593079179250967,0.004426493109617258,0.06713847944595969,227,0.00453703013381175,0.09001042251966672,0.004405286343612335,-0.0461758326982605,0.80719332843269,-0.05836402011215556,0.0,,0.1746101504082145,,True,0.1746101504082145,804386.9955947136,True,STI,SUNTRUST BANKS INC,1.0,False
68196,0.005079796095613553,1.2982252137889811,-0.475515056997097,0.7058133925068552,0.9870685910834719,10.660218748412442,-2.842436878523987,4.145486199845002,0.3729932247945542,0.07665269808604568,0.0051463455949273314,0.06713847944595969,227,0.01143706914970957,0.09615891209161381,0.0,0.060957553147362634,0.16233938651087448,0.06627028431421007,0.0,,0.4120176575646426,,True,0.4120176575646426,152403.51982378855,True,SEIC,S E I INVESTMENTS CO,3.0,False
68292,0.005932262774248687,0.744948377113522,0.46745260379236353,0.9599733733257535,1.4627012353136062,7.762050259463296,3.545670175784988,7.15449462130819,0.36646078505752355,0.06040783220425206,0.004055690000820159,0.06713847944595969,227,0.012731293765493633,0.0753884322215785,0.0,0.07118715329098424,0.0724785387957179,0.09820353682268239,0.0,,0.5850034812531387,,True,0.5850034812531387,36575.348017621145,True,SIGI,SELECTIVE INSURANCE GROUP INC,3.0,False
68419,0.006233978000168757,0.5592090631115204,0.01526760992740952,0.7350830540744508,1.3426787280654573,5.089745519382288,0.10115873782455015,4.785505068343113,0.18068609141858516,0.06915469268555663,0.004642940913460902,0.06713847944595969,227,0.010670811055619586,0.07589177385810295,0.004405286343612335,0.07480773600202509,0.09037056964483298,0.09014540818675,0.0,,0.48707220734773876,,True,0.48707220734773876,3200.458149779736,False,WTM,WHITE MOUNTAINS INS GROUP INC,1.0,False
68830,0.009519442227051419,1.243604214799233,0.49855596131281643,0.724694680665329,1.1515078875032436,6.3570060392324175,1.8552174957867924,2.649689681366412,0.20367418226828637,0.1231326097516849,0.008266936188940872,0.06713847944595969,227,0.01776191967348677,0.1370647878186087,0.013215859030837005,0.11423330672461703,0.12537821948687025,0.07731048863699698,0.0,,0.4489051900791622,,True,0.4489051900791622,13127.528634361233,True,REX,REX AMERICAN RESOURCES CORP,1.0,False
69032,-0.0029302784356888996,1.6500418819329674,-0.016180536497868634,0.012074315483992964,-0.6067405372453664,14.437902830450549,-0.10306531697634569,0.07556856375504331,0.5005117536075072,0.0719340274289931,0.0048295412220065535,0.06713847944595969,227,0.003857840086400857,0.10110437563058491,0.004405286343612335,-0.035163341228266795,0.7276798379523488,-0.04073563708887857,0.0,,0.1321797399063476,,True,0.1321797399063476,2667534.4669603524,True,MS,MORGAN STANLEY DEAN WITTER & CO,1.0,False
69446,0.022448732400125952,-0.418141353020431,-0.02607734541423304,-0.2189871696919386,1.2040250653383182,-0.9477239361372644,-0.0430261600024887,-0.3550151626007199,0.004800136370436858,0.2777056999004458,0.01864473842479193,0.06713847944595969,227,0.020046741587331846,0.27652082998166067,0.048458149779735685,0.2693847888015114,0.11492816717923174,0.08083641210163693,0.0,,0.25113460680532124,,True,0.25113460680532124,72252.16740088105,True,VGZ,VISTA GOLD CORP,2.0,False
69550,0.0039863520117647665,0.7772935670161173,-0.44373266394102984,0.23710767990032486,0.690001553546244,5.685576665632883,-2.362769329057915,1.240522283023299,0.13751907260503338,0.08605063439255028,0.005777308748476029,0.06713847944595969,227,0.006926074408173287,0.09204019675150546,0.004405286343612335,0.0478362241411772,0.24545532981443086,0.04632565512044475,0.0,,0.26067551342478973,,True,0.26067551342478973,926117.4889867841,True,MYL,MYLAN N V,3.0,False
69586,-0.004843278518919366,0.6532977579238748,0.9173919448888206,1.5082908385667972,-0.7901257828138278,4.503840283567651,4.6040201409582675,7.437490236654177,0.29699236754758684,0.09130019596604737,0.006129756330278563,0.06713847944595969,227,0.004097951939434171,0.10816578378602285,0.00881057268722467,-0.0581193422270324,0.7848531458815414,-0.05304784362916899,0.0,,0.1312404111103494,,True,0.1312404111103494,31210.066079295153,True,SBCF,SEACOAST BANKING CORP FLA,3.0,False
69649,0.006931904681177582,1.2838381961208005,0.20037749244274553,0.2741126331796112,1.5245147890222182,11.93175634310715,1.3556684847986387,1.8221857138610529,0.42427746470494465,0.06772506637980971,0.004546957977117109,0.06713847944595969,227,0.013420747646847343,0.08866271719016337,0.0,0.08318285617413099,0.06439853821017241,0.10235360482782976,0.0,,0.5243560661476997,,True,0.5243560661476997,144760.40969162996,True,RJF,RAYMOND JAMES FINANCIAL INC,1.0,False
69796,0.012538198254065606,0.6686036555975204,0.11151969839123459,0.36544805250301676,2.403630289592552,5.41646955584847,0.6576724126217965,2.117594077767919,0.14138246767959006,0.07769551743370835,0.005216358900266231,0.06713847944595969,227,0.016570089556324042,0.0832902756104073,0.004405286343612335,0.15045837904878728,0.008525489560385222,0.16137608279349566,0.0,,0.6891617727804352,,True,0.6891617727804352,304768.73127753305,True,STZ,CONSTELLATION BRANDS INC,1.0,True
69892,0.011694704301472332,0.36617319524216524,0.03656106001946753,-0.03240319801131271,1.4455947817741388,1.9127530383698352,0.1390277865928263,-0.1210681002418194,0.018373882766728356,0.1204955954732643,0.008089891060010429,0.06713847944595969,227,0.013185423841140657,0.12080817726950245,0.00881057268722467,0.14033645161766797,0.07484737553521653,0.0970550355433296,0.0,,0.3780840755711149,,True,0.3780840755711149,1223230.9911894272,True,GG,GOLDCORP INC NEW,1.0,False
70033,-0.0037041374097738712,1.4951930430127494,0.26524023164568056,0.8116839951469815,-0.6943092145274327,11.843447297010302,1.5294340041003909,4.5987240366694415,0.44116458814526105,0.07946257948918894,0.00533499675975785,0.06713847944595969,227,0.0053298719232360795,0.10558905709097716,0.0,-0.044449648917286456,0.7558945012399607,-0.04661486492869046,0.0,,0.17485919892107077,,True,0.17485919892107077,498216.50660792954,True,HOG,HARLEY DAVIDSON INC,1.0,False
70092,-0.0009081416925823462,1.2584149548869403,0.8866841767175248,1.34306365518205,-0.1330597405273173,7.791695153257978,3.9965708757790255,5.948044113519137,0.35125953298901613,0.10165656745096699,0.006825067364353561,0.06713847944595969,227,0.009984550100704379,0.12537130848423073,0.0,-0.010897700310988155,0.5528669369504926,-0.00893342865447802,0.0,,0.27588047495431783,,True,0.27588047495431783,633809.9251101322,True,KBH,K B HOME,1.0,False
70228,0.004255838224986886,0.9301866584482783,0.49666101939013946,1.1911111952745117,0.7758730152395273,7.166228746578367,2.7854227293892113,6.563603975039715,0.321727107993663,0.08170017042223382,0.005485225212624549,0.06713847944595969,227,0.0125401670828644,0.09854144904251012,0.004405286343612335,0.05107005869984264,0.21932301388713507,0.05209093448633378,0.0,,0.44083391778730563,,True,0.44083391778730563,558080.7444933921,True,TOL,TOLL BROTHERS INC,1.0,False
70332,0.0026816611548137197,1.1570233110475387,-0.15573987975805753,0.554374574435727,0.45820868971062306,8.354424779730806,-0.818624537830957,2.86317075973039,0.26104050383445054,0.08717040802839758,0.00585248864771049,0.06713847944595969,227,0.008699484899009497,0.10072956849816041,0.004405286343612335,0.03217993385776464,0.3236243563484661,0.030763434696096784,0.0,,0.29917630085028774,,True,0.29917630085028774,885998.8854625551,True,APC,ANADARKO PETROLEUM CORP,1.0,False
70519,-0.012573263527265401,1.9020417757006185,-0.24738669416367579,1.4269446401398853,-2.369344937247134,15.146606705173404,-1.4341088421406567,8.127779705780254,0.5713745937642802,0.07904023552151186,0.005306641227964837,0.06713847944595969,227,-0.0011863372182860218,0.11992438024532985,0.0,-0.15087916232718482,0.9906636293786891,-0.15907421636975536,0.0,,-0.03426820022380459,,True,-0.03426820022380459,18517270.06167401,True,C,CITIGROUP INC,1.0,False
70578,0.00790546515446017,0.6704937173814813,-0.44536680773141984,0.3156597865503225,2.532002920237205,9.074997424146416,-4.388136448835409,3.055909990769314,0.31125071966811013,0.046504151565462455,0.003122218024029595,0.06713847944595969,227,0.010627260418808647,0.05566207066202341,0.0,0.09486558185352205,0.0060148390676947475,0.1699948260174555,0.0,,0.6613823298959952,,True,0.6613823298959952,241836.33920704847,True,ECL,ECOLAB INC,1.0,True
71175,-0.0023211957007185776,1.3094475652179272,-0.4536607263234108,1.4572940875190175,-0.4681225461397807,11.159659342396452,-2.814520964427104,8.883406389077857,0.4842843150875502,0.07385513526370015,0.004958521480880504,0.06713847944595969,227,0.006279522275003064,0.10215831939303115,0.004405286343612335,-0.02785434840862293,0.6799229204084591,-0.03142903594219598,0.0,,0.21293325286061354,,True,0.21293325286061354,459365.91189427313,True,UNM,UNUM GROUP,1.0,False
71176,0.003186433079489529,0.940352225909349,-0.12882955613002894,0.3646612648089078,0.9732351972881848,12.137202167309278,-1.2104699667739633,3.366566249329216,0.4186425102473499,0.048765815808411515,0.0032740627223184922,0.06713847944595969,227,0.007826677828763015,0.06353193310557814,0.0,0.03823719695387435,0.16574545643598718,0.06534153128921731,0.0,,0.4267524374352829,,True,0.4267524374352829,82259.88546255506,True,SON,SONOCO PRODUCTS CO,1.0,False
71271,0.00326888741846498,0.4492148808480409,0.12061364615086284,0.3219619946815725,1.142092749712037,6.632397844579735,1.2963532489760774,3.400091046606537,0.21576762145349782,0.04263115390695428,0.0028621908503395936,0.06713847944595969,227,0.006293000888733106,0.047819267073335246,0.0,0.03922664902157976,0.12732013768269,0.07667837060192118,0.0,,0.4558747106954189,,True,0.4558747106954189,6215.744493392071,False,Y,ALLEGHANY CORP DE,1.0,False
71298,0.004316045085818302,0.19034696638029483,-0.0235636765308734,0.21156454939432842,0.5486250296149647,1.0224701273155608,-0.09214211996286638,0.8128624618762627,0.007638413247829434,0.11717605011889429,0.007867021832466126,0.06713847944595969,227,0.005654949420516154,0.11684283714127434,0.004405286343612335,0.05179254102981963,0.2919058246516437,0.036833850274343334,0.0,,0.16765528722524023,,True,0.16765528722524023,1877845.603524229,True,GOLD,BARRICK GOLD CORP,1.0,False
71475,0.008730902289883935,0.20926613373254285,0.0523311339528539,0.46603089980118567,2.169504071940927,2.1974313514258488,0.40002486773750356,3.5002622255717797,0.0715714057541249,0.059941437962792186,0.004024377000626191,0.06713847944595969,227,0.011036239032822573,0.0617946839486105,0.0,0.10477082747860722,0.015550753912565902,0.14565720454193176,0.0,,0.6186722063412488,,True,0.6186722063412488,22771.502202643172,True,AWR,AMERICAN STATES WATER CO,1.0,True
71563,-0.0007323456718357244,0.8031143553575026,-0.10052854566466732,1.380870907562261,-0.1956342621758609,9.066114726379412,-0.8261210729083943,11.149782708805779,0.48402777779119877,0.055757038875140115,0.00374344280848617,0.06713847944595969,227,0.006312037035383882,0.07710539253822624,0.0,-0.008788148062028694,0.5774627078734702,-0.013134586890019527,0.0,,0.28357987644304433,,True,0.28357987644304433,806322.731277533,True,TFC,TRUIST FINANCIAL CORP,1.0,False
71837,0.006718065067064299,0.16316492369418795,0.5058219615477241,-0.12744266610641897,1.2390580813360963,1.271713510134493,2.869925633590055,-0.7104717816541994,0.06336978144233663,0.08075716046694248,0.005421912958123885,0.06713847944595969,227,0.008092031864805255,0.08288866966769058,0.02643171806167401,0.08061678080477158,0.10831326122796227,0.08318847552613373,0.0,,0.3381839853987255,,True,0.3381839853987255,940.5859030837005,False,EEI,ECOLOGY & ENVIRONMENT INC,3.0,False
71985,0.013065262938977001,0.8612124436877104,0.9938693646403716,0.8112976932944456,1.1584370760057374,3.2268562202369644,2.7108725596872763,2.1742979775994073,0.10331835968968128,0.1679864314663601,0.011278353576204334,0.06713847944595969,227,0.02102801286680747,0.1762192212321821,0.01762114537444934,0.15678315526772402,0.12396240068903028,0.07777570381684885,0.0,,0.41336678726476084,,True,0.41336678726476084,36788.132158590306,True,SHYF,SHYFT GROUP INC,3.0,False
72119,0.01294859856544303,0.6270943420065492,1.311842790848722,-0.7313148710013919,1.2493480592279627,2.5568696373101587,3.893749207679249,-2.1327974387010156,0.1532572444299406,0.15437174713408272,0.0103642843719985,0.06713847944595969,227,0.016203559686520718,0.1666442321350424,0.022026431718061675,0.15538318278531635,0.10642376948692861,0.0838793289953262,0.0,,0.3368300034265278,,True,0.3368300034265278,1370.6299559471365,False,INS,INTELLIGENT SYSTEMS CORP NEW,2.0,False
72304,0.014967587284750544,1.4144098012245416,1.0032940273318034,0.2962207133840314,1.0880316093212758,4.3449020912501375,2.243589728985279,0.6508631188856324,0.122532140895947,0.20489850314484562,0.013756573941898123,0.06713847944595969,227,0.023751456273451373,0.21728081864805562,0.013215859030837005,0.1796110474170065,0.13887783466640274,0.07304878783897092,0.0,,0.3786687593993605,,True,0.3786687593993605,35004.25550660793,True,STAA,STAAR SURGICAL CO,3.0,False
72338,0.012650978741149429,0.44513183618998803,0.790357130349486,0.9235035499689543,1.5548723125270631,2.311927893902962,2.988267579721478,3.430786557626959,0.10426413087357866,0.12118751903739039,0.008136345755998683,0.06713847944595969,227,0.018793784100420242,0.12719385314172538,0.00881057268722467,0.15181174489379315,0.060697260595634975,0.10439176279569004,0.0,,0.5118453152313464,,True,0.5118453152313464,3750.3656387665196,False,NHC,NATIONAL HEALTHCARE CORP,2.0,False
72611,0.014940967217806056,0.4018575351574145,0.8012382885114612,0.44611543819132604,1.053139280464358,1.1970002441154004,1.737377914507552,0.9504710155220989,0.026780247357853892,0.2113106569271295,0.014187076196814322,0.06713847944595969,227,0.019562172689579438,0.21277184265097057,0.013215859030837005,0.17929160661367266,0.14670846580311442,0.07070616993518906,0.0,,0.31848835431076095,,True,0.31848835431076095,5492.612334801762,False,OBCI,OCEAN BIO CHEM INC,3.0,False
72726,-0.0009032068434214825,1.3339222306289138,-0.3585785098959277,0.6767624262509063,-0.2058256714207595,12.845702383919836,-2.5137499940841144,4.661579404845166,0.45682641932165546,0.06536062216756076,0.004388212787971916,0.06713847944595969,227,0.005764554563838341,0.08809374449947703,0.004405286343612335,-0.01083848212105779,0.5814425676482615,-0.013818822610133515,0.0,,0.22667900982754408,,True,0.22667900982754408,626896.3788546255,True,STT,STATE STREET CORP,1.0,False
72980,0.00435350018542951,0.740995998681726,0.8517932082832583,1.19946122283093,0.531061125017226,3.8197666342495613,3.1964331049885493,4.4225900293703475,0.1695641566655196,0.12210193741287743,0.008197738415306327,0.06713847944595969,227,0.012632998389187413,0.13309683370748832,0.0,0.05224200222515412,0.2979524727014145,0.035654636426517256,0.0,,0.3287981306917793,,True,0.3287981306917793,28406.68281938326,True,STC,STEWART INFORMATION SVCS CORP,1.0,False
72996,0.006185374584704045,1.0185699732318072,0.7580564971376406,0.854350492556339,1.1678218161600415,8.126741992427963,4.402888182029781,4.875634921683072,0.35531113325275543,0.07888926691056872,0.005296505424982045,0.06713847944595969,227,0.014420980130279435,0.09759802899165892,0.0,0.07422449501644854,0.12206286198005412,0.07840578100080427,0.0,,0.5118519408362217,,True,0.5118519408362217,53115.99118942731,True,SF,STIFEL FINANCIAL CORP,1.0,False
73139,0.008413724850158297,0.6915389447574318,-0.16113903809926353,0.3086222174663927,2.0962630332026033,7.280968253028657,-1.2350477259932506,2.324176919509002,0.20816439947006582,0.059782080979290296,0.004013678015064779,0.06713847944595969,227,0.011801830887034043,0.0667347024924488,0.0,0.10096469820189957,0.018593214648053105,0.1407399125679981,0.0,,0.6126159241061013,,True,0.6126159241061013,309804.45374449337,True,SYK,STRYKER CORP,1.0,True
73219,0.014729028626824986,0.2439015724364486,0.5666652950389254,-0.06579279062089852,1.865764690403233,1.3056067535532156,2.2081820850263547,-0.25191010990062346,0.040987894851651,0.1175833245716917,0.00789436561994413,0.06713847944595969,227,0.016740008696643684,0.11927018770774354,0.004405286343612335,0.17674834352189983,0.03169367730713107,0.1252646043176348,0.0,,0.48619937872118013,,True,0.48619937872118013,46277.88105726872,True,RGR,STURM RUGER & CO INC,1.0,False
74500,0.0035841373801714033,0.6468744898628778,0.022222692543056415,-0.46258912374343525,0.5110896066161935,3.8980504021722746,0.09748427864408193,-1.9938493697609445,0.08960939929049783,0.10445184061683967,0.007012737754346347,0.06713847944595969,227,0.004967872525646507,0.10874277880152071,0.01762114537444934,0.04300964856205684,0.304896971995019,0.03431377904884494,0.0,,0.15825616587655086,,True,0.15825616587655086,1410.6740088105728,False,TSRI,T S R INC,3.0,False
74740,0.01131168091234672,1.033985023737609,0.24412314874247723,-0.06476364482165206,1.041538572439987,4.023254309455552,0.6914848646138245,-0.18024532994017378,0.0816273845660227,0.16176340739590261,0.010860549202558212,0.06713847944595969,227,0.015894990160468275,0.16767527824827325,0.0,0.13574017094816065,0.14937675838502745,0.06992731603793627,0.0,,0.32838389572223003,,True,0.32838389572223003,6195.828193832599,False,TAYD,TAYLOR DEVICES INC,3.0,False
74908,0.007866328183222202,0.735073124665478,0.8498854189232845,0.4728997417834638,0.6191924080935451,2.445114101649256,2.0579719121579334,1.1251415549157535,0.059007972703244205,0.18922344164366484,0.012704174147486945,0.06713847944595969,227,0.01403761294194319,0.1937671615004315,0.03524229074889868,0.09439593819866643,0.26821083340882435,0.041571636763882765,0.0,,0.2509595397296242,,True,0.2509595397296242,3070.7797356828196,False,SSY,SUNLINK HEALTH SYSTEMS INC,2.0,False
75033,-0.010447619998912274,1.437661540617731,1.6350398631508314,0.27508425971921924,-1.22155035057595,7.1033903949478745,5.880954958901624,0.972174603812074,0.3413867429708016,0.12738975262162752,0.008552754288013028,0.06713847944595969,227,-0.00029526010010191974,0.15592561730391363,0.0,-0.12537143998694728,0.8884162482481137,-0.08201303310434827,0.0,,-0.006559608403891971,,True,-0.006559608403891971,31868.929515418502,True,VOXX,VOXX INTERNATIONAL CORP,3.0,False
75034,-0.00026087532667711487,1.094869673070236,0.1670875782433549,0.48527267667497864,-0.04468537425017066,7.925192943668193,0.880444654953667,2.5124808427177086,0.253124410386968,0.0869553094974913,0.005838047259414383,0.06713847944595969,227,0.005984812535669931,0.09994709700397221,0.0,-0.0031305039201253784,0.5178009602154989,-0.003000108080630099,0.0,,0.20742972424988926,,True,0.20742972424988926,853168.3348017621,True,BKR,BAKER HUGHES CO,1.0,False
75070,0.013373083919473836,0.6189311079927519,0.8310901291172322,-0.03508098924604647,1.6974109207726022,3.319806397105301,3.245107210707778,-0.13458968599622387,0.12066650774359888,0.11734729331929984,0.007878518840556814,0.06713847944595969,227,0.017572808689040424,0.12430668396521709,0.0,0.16047700703368603,0.045507040947172825,0.11396158821563886,0.0,,0.4897081397428732,,True,0.4897081397428732,76120.22026431718,True,INT,WORLD FUEL SERVICES CORP,1.0,False
75100,0.0008169251600513567,1.7868843805266519,0.1155018070037461,0.2736641464429433,0.16203046240877975,14.9770360889071,0.7047396094210433,1.6406533467409812,0.5259296361224031,0.07509553217963015,0.005041799843725503,0.06713847944595969,227,0.009194707154015705,0.10834051807239137,0.0,0.009803101920616281,0.4357142904589296,0.010878478870051203,0.0,,0.29399342434066894,,True,0.29399342434066894,358721.8986784141,True,TIF,TIFFANY & CO NEW,1.0,False
75104,-0.003544408025988159,1.589331963170742,0.27595161153981634,0.6072750979768419,-0.6685691389268963,12.668705956050974,1.6012570403117738,3.462363122650438,0.4623952306072675,0.07896340810484438,0.005301483152030021,0.06713847944595969,227,0.00531433189895861,0.106977523515882,0.0,-0.04253289631185791,0.7477690886983248,-0.04488671539204639,0.0,,0.17208648237054705,,True,0.17208648237054705,27419.361233480176,True,VIACA,VIACOMCBS INC,3.0,False
75107,0.01832292076857313,1.0293502909413463,1.0278385298114374,-0.5161401173803314,1.7766088009790277,4.217696461493903,3.065825996110262,-1.5126876043602755,0.16278930502378353,0.1536142105696114,0.010313424518935178,0.06713847944595969,227,0.023249162588132387,0.16676780841000485,0.0,0.2198750492228776,0.03849796834192938,0.11927881346804153,0.0,,0.4829317027069475,,True,0.4829317027069475,65019.92070484581,True,ABMD,ABIOMED INC,3.0,False
75175,-0.003887842958453804,1.6402418555057576,0.15997383996921702,2.1412810531629516,-0.33334810773610674,5.943088453999309,0.4219526830737056,5.549418537269945,0.23093746302937868,0.17371575927097824,0.011663011933253854,0.06713847944595969,227,0.009326719771703969,0.19676896565418486,0.0,-0.046654115501445645,0.6304076295858977,-0.022380485079590156,0.0,,0.164196141996693,,True,0.164196141996693,618962.973568282,True,MBI,M B I A INC,1.0,False
75182,0.0065541838061680775,1.161507528900362,0.8613714135435176,0.8281289483212807,1.25149661789547,9.372341768766729,5.0597262612142675,4.779622052345234,0.41350807789549504,0.07800410086670591,0.0052370767227399,0.06713847944595969,227,0.015520778367115327,0.10117765971039647,0.004405286343612335,0.07865020567401693,0.10603228360135805,0.08402357995726308,0.0,,0.5313974800723194,,True,0.5313974800723194,117262.11013215859,True,PII,POLARIS INC,1.0,False
75186,-0.00020597783511658817,1.563045632253848,0.05257095221632954,0.171113340518545,-0.04399653976536038,14.108625755028045,0.34543741798108984,1.1047561510631951,0.49251816513153546,0.06973173429848792,0.004681682609930154,0.06713847944595969,227,0.006824630989880932,0.09723406175693251,0.0,-0.002471734021399058,0.5175267338471414,-0.0029538607807299963,0.0,,0.24313717649545952,,True,0.24313717649545952,1766421.6299559472,True,SCHW,SCHWAB CHARLES CORP NEW,1.0,False
75233,0.009420121343597184,0.5661390418935973,0.19265545329074488,0.054192704770552165,1.4776245564705421,3.7527162912007883,0.9296391665197594,0.2569407316566641,0.07481457248740908,0.09495566859003798,0.006375179203909625,0.06713847944595969,227,0.012310765768935255,0.09806289632619265,0.00881057268722467,0.11304145612316621,0.07045960881580621,0.0992054659134428,0.0,,0.4348815421675496,,True,0.4348815421675496,82152.71365638767,True,VGR,VECTOR GROUP LTD,1.0,False
75241,0.010003090189163838,1.2244574788302944,0.05482863170425445,0.8499531069745115,1.494829820798179,7.7324354098862305,0.2520521925477768,3.8391675024125917,0.25647530369144644,0.09967148532064446,0.00669179196854836,0.06713847944595969,227,0.017588844903231125,0.11482103123530507,0.0,0.12003708226996607,0.0681862899062555,0.10036060119886613,0.0,,0.5306479604143794,,True,0.5306479604143794,320442.5682819383,True,PXD,PIONEER NATURAL RESOURCES CO,1.0,False
75261,-0.007480672360331518,1.522514643568812,0.6839959470538244,2.2189340060543685,-0.3949460745689228,3.3968288884655404,1.1109031527660278,3.5410012499558667,0.1033889110159727,0.2821183473546192,0.01894099686519622,0.06713847944595969,227,0.006577873672849857,0.29595623250291486,0.0,-0.08976806832397821,0.6533699078861046,-0.026516078909708085,0.0,,0.07699254251747134,,True,0.07699254251747134,83352.96916299559,True,MNI,MCCLATCHY CO,2.0,False
75285,-0.0013182643811225562,1.4683291753651584,0.13134915331541616,0.6910242142704948,-0.28404630342620785,13.369805098813108,0.8706415808599706,4.5005378246280445,0.4871808209317765,0.06912607129764332,0.00464101931699677,0.06713847944595969,227,0.006977254111134577,0.09588660836600385,0.0,-0.015819172573470673,0.6116807709928509,-0.01907043690428128,0.0,,0.25206770421318975,,True,0.25206770421318975,152751.04405286344,True,MAN,MANPOWERGROUP,1.0,False
75316,0.002842674302826137,1.7106476127687462,0.3918825955470002,0.2451394800097887,0.40260582241783205,10.238315948454158,1.707396656708678,1.0494233775241248,0.35984739523465425,0.10516604731512237,0.007060688506079167,0.06713847944595969,227,0.011408512745294785,0.13056657281550316,0.0,0.03411209163391364,0.34381194903971285,0.02703034273322331,0.0,,0.302682735520211,,True,0.302682735520211,179807.2114537445,True,BID,SOTHEBYS,1.0,False
75320,-0.0019835008093852585,0.8163240050017971,-0.06139200426332274,0.03901802043302993,-0.41568606074918896,7.229540104871382,-0.39579508300927235,0.24716264696871837,0.1968291943248841,0.07107148983288343,0.004771631759338778,0.06713847944595969,227,0.0013566945928416261,0.07877522900511953,0.0,-0.023802009712623102,0.660980267376317,-0.027908530045581376,0.0,,0.05965997166451784,,True,0.05965997166451784,23214.105726872247,True,USM,UNITED STATES CELLULAR CORP,1.0,False
75342,0.007851202323598507,1.13615307464948,1.1641931386987472,1.423308515071055,1.0425078363139002,6.375217870881105,4.755472751359658,5.712506837129795,0.3154218194804468,0.11217222641044101,0.00753107271726493,0.06713847944595969,227,0.019056358918098176,0.13467036135513993,0.004405286343612335,0.09421442788318209,0.14915257600402365,0.06999239094061269,0.0,,0.4901833116252282,,True,0.4901833116252282,96314.07929515418,True,MTH,MERITAGE HOMES CORP,1.0,False
75460,0.0022918870498611476,0.9161400563511637,0.666466591955761,0.8901036781539994,0.4144736684691434,7.001331330858445,3.707725909989498,4.865515454152702,0.29830078732660736,0.08236159804223679,0.0055296324572951085,0.06713847944595969,227,0.010015169423831152,0.09766691769256333,0.004405286343612335,0.02750264459833377,0.3394628313400485,0.027827131871407094,0.0,,0.3552232976797774,,True,0.3552232976797774,15583.207048458149,True,TNC,TENNANT CO,1.0,False
75470,0.017545770877981898,1.0530890226610374,0.7387836170872809,0.7426788875837342,2.573774171534471,6.527969165225257,3.3338092236275645,3.2929382671270666,0.24975361857903933,0.10153844645610777,0.00681713690036807,0.06713847944595969,227,0.025563032998947983,0.11644658902717325,0.004405286343612335,0.21054925053578277,0.005353693289244114,0.172799284314109,0.0,,0.7604597493088548,,True,0.7604597493088548,39030.56828193833,True,MIDD,MIDDLEBY CORP,3.0,True
75510,0.01159754525001776,1.3498055737767014,0.7381997363189731,-0.43880422866359065,1.8909113018488344,9.300179336972505,3.7025801696641505,-2.162521392488726,0.38765882235009197,0.09135312683259604,0.006133310028174397,0.06713847944595969,227,0.01745210450410368,0.11596445636091401,0.0,0.13917054300021314,0.029966284549118576,0.12695290957331085,0.0,,0.5213309775890534,,True,0.5213309775890534,988853.6828193832,True,ADBE,ADOBE INC,3.0,False
75517,0.0074412767453154605,0.5556490001984346,0.7916840636944644,0.5877530047526885,1.3205469275558048,4.166985065858392,4.321990307445832,3.1527226507075037,0.18952134980461133,0.08393094563958908,0.005634996068703511,0.06713847944595969,227,0.013080407907384243,0.092608220403394,0.004405286343612335,0.08929532094378553,0.09400307193891111,0.08865951275313061,0.0,,0.48928552952702864,,True,0.48928552952702864,21932.35242290749,True,MRTN,MARTEN TRANSPORT LTD,3.0,False
75556,0.003187620016702949,0.40444446632232617,0.020715906758838575,0.14433352027746657,0.6966005022262639,3.735004761061114,0.13926650881539274,0.9533864349470984,0.06610325889885171,0.06815712471987927,0.004575965717101325,0.06713847944595969,227,0.005308250655717246,0.07005837230774006,0.02643171806167401,0.03825144020043539,0.2433891555369973,0.04676869850076321,0.0,,0.26247140868836044,,True,0.26247140868836044,1512.6299559471365,False,NBN,NORTHEAST BANK,3.0,False
75573,-0.00639077095375558,2.318615902959121,1.0283399306307544,1.3425428571680862,-0.6557092215136656,10.05314330024409,3.2457886834899297,4.163616523176679,0.395390021241007,0.14516785513967762,0.0097463490585093,0.06713847944595969,227,0.009160707193981175,0.18545178454324776,0.00881057268722467,-0.07668925144506697,0.7436564252811041,-0.04402332009112147,0.0,,0.17111520746285344,,True,0.17111520746285344,1131600.2114537444,True,ODP,O D P CORP,3.0,False
75591,0.00724554203378178,1.0697861431366258,0.10329464025792288,0.36681732815992363,2.0825396756535244,12.993746695137682,0.9133257338432439,3.186814418222476,0.4647505096588401,0.05182103646762775,0.0034791855917501533,0.06713847944595969,227,0.01291432028244641,0.07036005588796572,0.004405286343612335,0.08694650440538136,0.019216758557195568,0.1398185472092597,0.0,,0.6358226579589817,,True,0.6358226579589817,65659.03083700441,True,IEX,IDEX CORP,1.0,True
75603,0.012497914790710907,1.4577157558511615,1.2370845986542442,-0.653019275871376,1.1451050436649963,5.644112221592357,3.486845234468738,-1.8084990937997905,0.23398117066610702,0.1625626351952229,0.010914208141735516,0.06713847944595969,227,0.01923610985048115,0.18450121061114738,0.013215859030837005,0.1499749774885309,0.12669655914281067,0.07688061143756714,0.0,,0.36116749034487333,,True,0.36116749034487333,341475.0308370044,True,CRUS,CIRRUS LOGIC INC,3.0,False
75605,-0.000246097400024767,0.5475250832670622,0.8440896354175185,1.007807857419672,-0.05365074397914901,5.044147379838256,5.660864948161733,6.640961914573104,0.31597988574569913,0.0683218748698446,0.0045870267916584915,0.06713847944595969,227,0.006672650674136548,0.0820584957023145,0.0,-0.0029531688002972043,0.5213692706754756,-0.0036020293719045415,0.0,,0.28168612865364145,,True,0.28168612865364145,16409.36563876652,True,FRME,FIRST MERCHANTS CORP,3.0,False
75607,0.008270858087968359,0.9742348958117868,0.40636345262097884,-0.5698292644577879,1.1576269398352756,5.762311891295488,1.7496782792971013,-2.4107231109988447,0.19936600721824105,0.10641686072023629,0.007144666216169139,0.06713847944595969,227,0.011505017646625131,0.11813855174005612,0.0,0.0992502970556203,0.12412734929633938,0.07772131250621987,0.0,,0.33735431512276937,,True,0.33735431512276937,1850466.40969163,True,NLOK,NORTONLIFELOCK INC,3.0,False
75649,-0.002932480360832836,0.6037061442677265,1.364830144190571,0.7922325789447644,-0.48026087846437404,4.178137408315159,6.876163706107764,3.9217447412062354,0.2860955194744569,0.09094658585620014,0.006106015485186701,0.06713847944595969,227,0.004699341883207755,0.10692138072863436,0.004405286343612335,-0.03518976432999403,0.6842436656002783,-0.032243985117478925,0.0,,0.15225203506322513,,True,0.15225203506322513,21873.281938325992,True,TG,TREDEGAR CORP,1.0,False
75654,0.006448029156428619,1.6373276433777375,0.11698012320841228,-0.26892481014734615,1.0047807976870178,10.781891383218275,0.5607663070657218,-1.2666590521022405,0.3735761064511771,0.0955837719532889,0.006417349108653185,0.06713847944595969,227,0.012660515450620408,0.1199632490187816,0.0,0.07737634987714342,0.15804571534849296,0.06745945493320482,0.0,,0.36558956496838707,,True,0.36558956496838707,94094.01762114538,True,CGNX,COGNEX CORP,3.0,False
75694,0.007498223669178842,0.5755079701472005,0.6957064251537837,-0.5178343561565482,1.4182759909805174,4.600115399302528,4.048124655018,-2.9605864488802816,0.2394509490127772,0.07874557143919941,0.00528685792953104,0.06713847944595969,227,0.009851675326377558,0.08969345150867945,0.0,0.0899786840301461,0.07875307437319064,0.09522089346914357,0.0,,0.38048713519085436,,True,0.38048713519085436,48519.290748898675,True,TECH,BIO TECHNE CORP,3.0,False
75825,0.012256324315254903,0.9593823099630905,-0.12324557352694648,0.6777877009951866,1.989925196332068,6.5823843450224535,-0.6155641799600796,3.3262486936837297,0.1971139722492029,0.09173857548939343,0.006159188464896262,0.06713847944595969,227,0.017882979358750262,0.1017005388568427,0.0,0.14707589178305883,0.023910318676752997,0.13360055189293785,0.0,,0.6091261499343947,,True,0.6091261499343947,549333.7444933921,True,EOG,EOG RESOURCES INC,1.0,False
75828,0.006025498458097395,0.9436921807754239,0.6646406215611262,-0.33157007555169266,0.9847478584609889,6.517446068560663,3.3415229596364573,-1.6379171109934991,0.26070754672788865,0.09113735777942329,0.006118823622032885,0.06713847944595969,227,0.010361158568690071,0.10528985049411202,0.004405286343612335,0.07230598149716874,0.16290757462256353,0.06611447385473593,0.0,,0.34088856584049193,,True,0.34088856584049193,944304.9647577093,True,EA,ELECTRONIC ARTS INC,3.0,False
75831,-0.002784871528001648,1.2478430893130517,1.1761868934590056,0.4259358821898575,-0.39012066587682737,7.387011822658471,5.068688831470741,1.8035265750043838,0.3243153353195216,0.1063248324768571,0.007138487579842577,0.06713847944595969,227,0.0060500190169486025,0.1284875026193211,0.00881057268722467,-0.03341845833601978,0.6515901541042999,-0.026192108307415477,0.0,,0.16311221107876273,,True,0.16311221107876273,24195.889867841408,True,DGII,DIGI INTERNATIONAL INC,3.0,False
75844,0.009541474940016318,0.8150078809930713,-0.2937208123739679,0.3496886435428149,1.5760060971535017,5.688780956227628,-1.4924596664200152,1.7458560574384028,0.13814605484015563,0.09017499347237713,0.006054211945784742,0.06713847944595969,227,0.013275221189518885,0.09648670920531514,0.004405286343612335,0.11449769928019582,0.058220976003160056,0.10581065296044753,0.0,,0.47661191414527015,,True,0.47661191414527015,867439.3524229075,True,NTR,NUTRIEN LTD,1.0,False
75853,0.010163005866766299,1.3917898359888319,1.3565560272812158,-1.668426242417717,0.7391317378419205,4.277483662342684,3.0350294753968186,-3.66767810959141,0.21306714155578832,0.2047994680058912,0.013749924873257003,0.06713847944595969,227,0.013975499123126527,0.22932858758321698,0.01762114537444934,0.12195607040119558,0.23030214417430464,0.04962418098895625,0.0,,0.21110560002560214,,True,0.21110560002560214,83361.9603524229,True,ZIXI,ZIX CORP,3.0,False
75854,-0.004485143848751842,1.8061458431638358,0.9831869394664297,-0.40051289891819525,-0.574129160839538,9.770146357055252,3.8716387988108734,-1.549652293269283,0.40235523773177984,0.11635773786269095,0.007812081591872641,0.06713847944595969,227,0.0038733168090794947,0.14951057871597054,0.0,-0.0538217261850221,0.7167704768081906,-0.03854615886435141,0.0,,0.08974323509082399,,True,0.08974323509082399,284514.00440528634,True,LSCC,LATTICE SEMICONDUCTOR CORP,3.0,False
75860,0.012685870426401017,1.811024289160101,1.6300860736265648,-1.3458806905116183,0.9773172461883355,5.895960843099073,3.863236820387947,-3.134053313658308,0.2817338689857172,0.1933362129784466,0.012980299361213121,0.06713847944595969,227,0.0197235596175805,0.2266046019025478,0.004405286343612335,0.15223044511681222,0.16473556704210773,0.06561559384539747,0.0,,0.30151380048720094,,True,0.30151380048720094,173453.46255506607,True,IMGN,IMMUNOGEN INC,3.0,False
75905,0.014238440568798806,1.6377376436504913,0.4194479248451955,1.0916799823660812,1.5182057195035386,7.379510448039799,1.3758520955430504,3.5184231505053605,0.24911352035733958,0.1396883870010005,0.009378465899505934,0.06713847944595969,227,0.024985799885872115,0.16012950907900275,0.0,0.17086128682558568,0.06518947591408171,0.10193002349362675,0.0,,0.5405209210842936,,True,0.5405209210842936,46044.81497797357,True,GIII,G III APPAREL GROUP INC,3.0,False
75906,0.004833613978905185,0.5216318763181259,0.9786917963633722,0.8336393348304519,0.8789521395573887,4.008412526233548,5.474755327059249,4.5820095331479305,0.24103640017178285,0.08190968111399706,0.0054992914418972045,0.06713847944595969,227,0.011431366954748291,0.09339485955989649,0.004405286343612335,0.05800336774686222,0.19018666553687053,0.05901151015565603,0.0,,0.42399996014534186,,True,0.42399996014534186,5076.8458149779735,False,GSBC,GREAT SOUTHERN BANCORP INC,3.0,False
75912,0.0030551098146941033,1.7384636469437442,0.7434725057463386,-0.5312060230271118,0.4450325455002885,10.701522887851612,3.3316192493659833,-2.3389043621829497,0.43324037303176255,0.10225005538670535,0.0068649132419285564,0.06713847944595969,227,0.010255098172650596,0.13491564407519177,0.004405286343612335,0.036661317776329236,0.32836395038655036,0.029878808408854235,0.0,,0.2633104736428963,,True,0.2633104736428963,355465.48017621145,True,PTC,P T C INC,3.0,False
75976,0.016822839343252016,0.8443301953118844,0.2915776721105604,0.06799378072626282,2.5927893030998144,5.499146300958623,1.3824444722209774,0.3167536627365546,0.1485004571676014,0.09664081193962679,0.006488317166049489,0.06713847944595969,227,0.021106155456936306,0.10403191008569575,0.00881057268722467,0.2018740721190242,0.005074878311090782,0.17407593133387103,0.0,,0.7028023146695511,,True,0.7028023146695511,17691.110132158592,True,NEOG,NEOGEN CORP,3.0,True
75985,0.008457997878683917,0.4699199847030747,0.6506965338722224,0.7945832162459648,0.9390722972528889,2.204806072085882,2.2224676778986527,2.6665846252083605,0.0721994216535855,0.13415196604046656,0.009006759014642946,0.06713847944595969,227,0.014038967768598195,0.13834642284369641,0.039647577092511016,0.101495974544207,0.17435482268922303,0.06304788612738323,0.0,,0.35152633456242455,,True,0.35152633456242455,6307.969162995595,False,HALL,HALLMARK FINANCIAL SERVICES INC,3.0,False
76052,0.0069297053487484975,0.4764384593583439,0.7369752742100673,0.08048673360938823,0.7852387199795102,2.281438538159821,2.5690074172028563,0.2756739739058677,0.06784899245901599,0.13144424046677214,0.008824966436868165,0.06713847944595969,227,0.010675447052370725,0.13523734515124483,0.00881057268722467,0.08315646418498197,0.2165735360151715,0.052719733661516055,0.0,,0.273451340937497,,True,0.273451340937497,3333.1321585903083,False,PPIH,PERMA PIPE INTL HOLDINGS INC,3.0,False
76076,-0.0008407490038805925,1.496043246998482,0.01166459332631475,-0.5906925783288206,-0.1744215060747296,13.115741333042996,0.07444384154590251,-3.7040744850692877,0.48127545288508966,0.07179510386976355,0.004820214105480661,0.06713847944595969,227,0.0036471877948495946,0.0990203917122658,0.0,-0.01008898804656711,0.5691537697238478,-0.011710394700531567,0.0,,0.12759219502546326,,True,0.12759219502546326,10420042.726872247,True,CSCO,CISCO SYSTEMS INC,3.0,False
76081,0.005292590034203271,1.3423618146448242,0.9312547398310589,1.1514289517401668,0.8120061952688631,8.70313462978311,4.395265229122252,5.3396496125739175,0.38193043329515863,0.09708170853473864,0.0065179182930382,0.06713847944595969,227,0.01607611488534493,0.12266394922898577,0.0,0.06351108041043925,0.20882700165896437,0.05451686125105049,0.0,,0.45399887978092224,,True,0.45399887978092224,95550.55947136563,True,THO,THOR INDUSTRIES INC,1.0,False
76082,0.013177056854986161,0.7930052608489228,0.015654284692033157,0.46161530818716706,1.883220341550614,4.789319490669709,0.06882424368956905,1.9941023514799983,0.11091315650028355,0.10421873133068968,0.006997087151329504,0.06713847944595969,227,0.017793646756469415,0.10979230484762918,0.0,0.15812468225983395,0.030486053409131613,0.12643655019340908,0.0,,0.5614145777686292,,True,0.5614145777686292,543622.3788546255,True,COG,CABOT OIL & GAS CORP,1.0,False
76095,0.015017007066811146,1.3976793356839776,0.5029302887172848,-0.4526445521720339,2.0541079170125776,8.07908988104356,2.1162801871155743,-1.8714649397430358,0.2951800869861343,0.10889015789856585,0.007310719627940168,0.06713847944595969,227,0.020532330568946665,0.1288391220523294,0.00881057268722467,0.18020408480173375,0.02056571411211596,0.137909682166132,0.0,,0.5520534318569931,,True,0.5520534318569931,421951.40969162993,True,HOLX,HOLOGIC INC,3.0,True
76123,-0.0048423743392908645,0.9185668599489807,0.2363067812202185,1.016910490637739,-0.9121915204725797,7.312291035215809,1.3693969589633772,5.790218135467537,0.2910034436425806,0.07906801346737787,0.005308506197012413,0.06713847944595969,227,0.0023459990066094344,0.09327751694647184,0.00881057268722467,-0.058108492071490374,0.8186735127201934,-0.06124315164802701,0.0,,0.08712473502667246,,True,0.08712473502667246,109386.37885462555,True,JOE,ST JOE CO,1.0,False
76127,-0.0015677578309497373,1.7193434783602568,0.9281384676942379,1.4024393387588845,-0.17247259671656348,7.993165277294706,3.141082905699993,4.663475880729611,0.32065944056204587,0.1353902454474521,0.0090898952111572,0.06713847944595969,227,0.011478493985308588,0.1631705642141105,0.004405286343612335,-0.018813093971396848,0.5683887840869035,-0.011579547889646291,0.0,,0.24368776160925917,,True,0.24368776160925917,135551.32599118943,True,TTI,TETRA TECHNOLOGIES INC,1.0,False
76128,0.0037790719545027036,1.4421417849041043,0.43947876784421264,0.16155696304571002,0.39769307540044896,6.413363452626406,1.4227423838610416,0.5138934414848291,0.18749753117835466,0.1415355806090444,0.009502483669592296,0.06713847944595969,227,0.011101565306946394,0.15597374436814607,0.004405286343612335,0.04534886345403244,0.34561843384828744,0.026700508368573534,0.0,,0.24656040967754173,,True,0.24656040967754173,21658.325991189427,True,VICR,VICOR CORP,3.0,False
76135,0.0026395945805186773,0.6473410338795784,0.7574600680635388,0.8333267159498913,0.4701343350914415,4.872287458512744,4.150209189037449,4.486261385525911,0.22742934790357006,0.08362646845993081,0.00561455393383526,0.06713847944595969,227,0.009286651303295026,0.09450893422846404,0.004405286343612335,0.03167513496622413,0.31935924426071527,0.03156410439337667,0.0,,0.3403900810181452,,True,0.3403900810181452,74546.77092511013,True,GVA,GRANITE CONSTRUCTION INC,1.0,False
76136,0.0013033861889866953,1.0367536560092654,0.08364052834386057,0.9830292253598228,0.28032691591703157,9.42285013431306,0.5533933741032614,6.390614789466753,0.37323392742512385,0.06925271665321814,0.004649522093598956,0.06713847944595969,227,0.008558739192289822,0.08689249883319691,0.0,0.015640634267840344,0.3897432902579574,0.018820722882444896,0.0,,0.3412071543306446,,True,0.3412071543306446,35079.947136563875,True,KMPR,KEMPER CORP DE,1.0,False
76185,0.017582195850719545,0.5251526190569984,0.7021478943773157,0.07098042476816789,2.412536250690607,3.04509814158935,2.963840548143733,0.2943905430048009,0.10033289055766281,0.10854948430250747,0.007287847320713421,0.06713847944595969,227,0.02142761281938013,0.11368025908538944,0.00881057268722467,0.21098635020863454,0.008325308806777228,0.16197401547962398,0.0,,0.6529491467855135,,True,0.6529491467855135,39795.88546255507,True,TYL,TYLER TECHNOLOGIES INC,1.0,True
76201,0.003837338644405238,1.4087616534234848,0.8560609051607164,-0.7296335537964005,0.6914794272023767,10.727578025851956,4.745470778276601,-3.9740969740179892,0.4879362374512295,0.08265694745379108,0.005549461767692123,0.06713847944595969,227,0.009350662557940257,0.11474018692490141,0.004405286343612335,0.046048063732862854,0.2449917748535638,0.04642487731053075,0.0,,0.2823042748812116,,True,0.2823042748812116,1232455.0352422907,True,XLNX,XILINX INC,3.0,False
76215,-0.004598175928741004,1.4565186005146389,0.7883361251964326,1.44005560518188,-0.3875109621161991,5.187157898989077,2.043785626428682,3.6682776284586134,0.17648205479847656,0.17673806258497307,0.011865924782179953,0.06713847944595969,227,0.007179520278260615,0.19346026049991966,0.004405286343612335,-0.055178111144892045,0.6506262131535965,-0.026016896765122498,0.0,,0.12855657139905063,,True,0.12855657139905063,148887.40528634362,True,ICON,ICONIX BRAND GROUP INC,3.0,False
76224,0.0010756153093825498,1.0823672117563214,0.7554538322790938,-0.07072145055768214,0.1870864894006121,7.95563963130276,4.0422100966901935,-0.37181006058159594,0.3247122635105416,0.08563337249296278,0.005749294419006992,0.06713847944595969,227,0.006920098282116408,0.10351346078733825,0.013215859030837005,0.012907383712590597,0.42588146106358826,0.01256070242323975,0.0,,0.23158267005718436,,True,0.23158267005718436,82222.40528634361,True,BHE,BENCHMARK ELECTRONICS INC,1.0,False
76226,-0.0035560942743473063,1.600028178878349,0.31254233443756674,0.6000677534209924,-0.6682441298353408,12.70587393249747,1.8067424198762214,3.408369748572984,0.4659221498536319,0.07926228941615213,0.005321549588806038,0.06713847944595969,227,0.005403242166351384,0.10773642018272966,0.0,-0.042673131292167675,0.7476655823875522,-0.04486489477583325,0.0,,0.1737330782263979,,True,0.1737330782263979,1332564.0660792952,True,VIAC,VIACOMCBS INC,3.0,False
76230,0.009538708550336308,1.5562340676574424,0.174917901445986,0.056106543618013004,1.386820925697836,9.56138374964795,0.782331051507713,0.2465635352200894,0.3164169906607357,0.10244663363211187,0.006878111206417305,0.06713847944595969,227,0.01647030577943004,0.12308362383733747,0.0,0.11446450260403569,0.08344053473302458,0.09310904821519096,0.0,,0.4635451173239562,,True,0.4635451173239562,175674.82378854626,True,TRMB,TRIMBLE INC,3.0,False
76261,0.015617883354448778,0.4138506571268245,0.3042445232668133,0.6418733394516617,3.210942533747978,3.5955806241954935,1.9242373072557672,3.9888180086003726,0.12938595542683629,0.07244662207730761,0.004863956047266526,0.06713847944595969,227,0.019799850714351197,0.0771264813018403,0.0,0.18741460025338535,0.0007590875132648949,0.21557779930419632,0.0,,0.8893014912821366,,True,0.8893014912821366,12448.722466960353,True,EXPO,EXPONENT INC,3.0,True
76266,-0.0012392655990248072,0.46629301760396513,0.7299529177636438,0.7920065608592435,-0.3046060231422845,4.843374253503422,5.519432727864092,5.884199624389472,0.2905740017485271,0.06059745801737374,0.004068421189576852,0.06713847944595969,227,0.0044866847357129935,0.07146593309346601,0.004405286343612335,-0.014871187188297687,0.6195248449761883,-0.02045078522385379,0.0,,0.2174788905263492,,True,0.2174788905263492,5811.885462555066,False,PRK,PARK NATIONAL CORP,2.0,False
76274,0.0017358987712381721,0.5213178084828345,0.8664582800324583,0.5803653812247536,0.22567575546991697,2.864033504977791,3.4652427906121313,2.280586422591095,0.11440004806065562,0.11456922877875507,0.0076920038115019,0.06713847944595969,227,0.00737047214676534,0.1209337192190173,0.004405286343612335,0.020830785254858066,0.4108301532284624,0.015151527070068444,0.0,,0.2111244459595073,,True,0.2111244459595073,5191.616740088106,False,CRD,CRAWFORD & CO,1.0,False
76279,0.007645785261770301,1.5248262873212577,0.6326863045790703,1.0026707817559,0.8846153663713906,7.4553455464934295,2.251885577995021,3.5065115090316175,0.26638341092598383,0.1287348454990017,0.008643061778513522,0.06713847944595969,227,0.018123927418639933,0.14929998235717928,0.00881057268722467,0.09174942314124361,0.1886584533978427,0.05939173059270571,0.0,,0.4205166353827839,,True,0.4205166353827839,44825.17621145374,True,MTRX,MATRIX SERVICE CO,3.0,False
76282,0.004769477836975117,0.9063340765023499,0.44187762378880135,0.41943631145160404,0.8331467153847955,6.690429282208818,2.374532753736036,2.214630125376208,0.22428538141631338,0.08526638434092754,0.005724655392504663,0.06713847944595969,227,0.010631099182245429,0.09616677929632038,0.004405286343612335,0.057233734043701405,0.20282671359753282,0.05593620362633092,0.0,,0.38295145285493787,,True,0.38295145285493787,293361.4449339207,True,AN,AUTONATION INC DEL,1.0,False
76360,0.014499497670791024,1.233940269007692,-0.40805382217072267,-0.3562452339427659,0.7960752726728385,2.8629274281476995,-0.6891981944992076,-0.5912004648358459,0.03700604014139908,0.27128596192220267,0.018213726978491208,0.06713847944595969,227,0.017694505089211204,0.27460835814125967,0.022026431718061675,0.1739939720494923,0.21341745246050234,0.05344728333178213,0.0,,0.22321084497751909,,True,0.22321084497751909,4233.726872246696,False,GTIM,GOOD TIMES RESTAURANTS INC,3.0,False
76392,0.01613331667729476,0.5381173491040551,0.9441471450186697,0.5192458886323122,1.9158991106090424,2.7004801882717313,3.4491665417771156,1.8638311684255064,0.10620856146500757,0.12542367496469065,0.008420754823653613,0.06713847944595969,227,0.021826007673792943,0.1317830754102943,0.004405286343612335,0.19359980012753714,0.02832837697401731,0.12863055305815765,0.0,,0.573726999460274,,True,0.573726999460274,47448.47136563877,True,MMSI,MERIT MEDICAL SYSTEMS INC,3.0,False
76478,0.0065307797629455665,0.8171821005840852,0.5356102825822139,0.6329222657143204,1.2613190808569552,6.669507984698947,3.1822503024408917,3.6948331183518675,0.25655664794855937,0.07712027535954977,0.0051777380220938835,0.06713847944595969,227,0.012834605402468576,0.08884701520322232,0.0,0.07836935715534679,0.10425588536263826,0.08468304518491146,0.0,,0.5004149796439605,,True,0.5004149796439605,28463.04845814978,True,ESE,E S C O TECHNOLOGIES INC,1.0,False
76504,0.0018476272741133708,0.8846663754076202,0.638663670669153,1.0220448078929623,0.3475317519488662,7.0319321250886135,3.6955394353682274,5.8107820697198,0.31630040319317465,0.07918599419553313,0.005316427243704684,0.06713847944595969,227,0.00976044640249255,0.09512921736725313,0.004405286343612335,0.02217152728936045,0.3642598284761626,0.023332753385037316,0.0,,0.355423697188735,,True,0.355423697188735,76865.4537444934,True,CATY,CATHAY GENERAL BANCORP,3.0,False
76515,0.010752046849291217,0.9884317934938099,0.05873527558259851,0.347912888238727,0.973730359131379,3.7827643993205924,0.1636334460763829,0.9523632013892185,0.06779555124290249,0.16446782009973962,0.011042119359288165,0.06713847944595969,227,0.015938000479571685,0.1692090404052775,0.01762114537444934,0.1290245621914946,0.16562274023849669,0.06537477570244904,0.0,,0.3262878453250101,,True,0.3262878453250101,171559.34801762115,True,CVA,COVANTA HOLDING CORP,1.0,False
76529,0.005332876984419356,0.6628654130345041,0.07347155174526353,0.7692045850471596,1.1727311920515595,6.159951516705332,0.49702888239667525,5.1128529406648395,0.22655732142416674,0.06773163948134404,0.004547399285159369,0.06713847944595969,227,0.010416635057090808,0.07650251868654573,0.0,0.06399452381303228,0.12107740825024586,0.07873538903318943,0.0,,0.47167443562763195,,True,0.47167443562763195,2815.5022026431716,False,NRIM,NORTHRIM BANCORP INC,3.0,False
76544,0.010587767665678543,0.6187741646790896,1.7706833559871662,0.005571220467712693,0.8286263499002344,2.0464518627462414,4.263053127428972,0.013179204838372321,0.1200205852888816,0.19031550079191312,0.012777493338165384,0.06713847944595969,227,0.016886295814976804,0.20152833536523654,0.004405286343612335,0.1270532119881425,0.2041009338982768,0.05563271316115749,0.0,,0.2902611411955598,,True,0.2902611411955598,6260.198237885463,False,MICR,MICRON SOLUTIONS INC,2.0,False
76573,0.001339617739495381,0.9198599691525527,0.2841112317958574,0.5784327209014781,0.28726441069071823,8.335615586672887,1.8741952837784608,3.749197450495684,0.29908675676764696,0.06945884613051137,0.004663361313273414,0.06713847944595969,227,0.0073790384989219455,0.08241260527008049,0.004405286343612335,0.01607541287394457,0.3870883132321549,0.019286495732714504,0.0,,0.31016783292445255,,True,0.31016783292445255,39962.035242290745,True,MLI,MUELLER INDUSTRIES INC,1.0,False
76582,0.020527145821616178,0.8697410662694585,0.8266984910153427,-0.04083986242044455,2.8102171276137486,5.031718187776825,3.481640751090273,-0.16899743209495593,0.1889631376380454,0.10879706759742273,0.007304469686670253,0.06713847944595969,227,0.025732862615127486,0.12000382945355036,0.00881057268722467,0.24632574985939415,0.002695507903216455,0.18867370486097954,0.0,,0.7428200529357672,,True,0.7428200529357672,18657.46255506608,True,DORM,DORMAN PRODUCTS INC,3.0,True
76586,-0.004643393206522394,0.8641427966808527,0.9054433778521581,0.7078588788586213,-0.9064777048503138,7.128894760236507,5.437615128410594,4.176888436069323,0.33784008252964826,0.07629688963596605,0.005122457156614961,0.06713847944595969,227,0.002848682411767832,0.09313729093134222,0.004405286343612335,-0.055720718478268726,0.8171692595465818,-0.06085953475531349,0.0,,0.10595246270254867,,True,0.10595246270254867,14961.356828193833,True,PICO,P I C O HOLDINGS INC,3.0,False
76591,0.011973449477640504,0.8230523697384002,1.3353312372428459,-0.15038913207863636,1.389083328280858,4.035074027996492,4.765665153990605,-0.5273634079503307,0.2030829827888022,0.1283865373720543,0.008619676900491603,0.06713847944595969,227,0.017747020581605558,0.1428601650421004,0.00881057268722467,0.14368139373168604,0.08309649626581608,0.09326094248450964,0.0,,0.43033327479711075,,True,0.43033327479711075,55824.02643171806,True,QDEL,QUIDEL CORP,3.0,False
76605,0.014004208981277404,0.44512493239233925,-0.06682446222805115,0.28591534100478905,3.061304995122595,4.111922891362503,-0.4493750879355358,1.8891654823401542,0.08456102778657448,0.06813660363762947,0.004574587962842488,0.06713847944595969,227,0.016512710525768238,0.07073982727224394,0.0,0.16805050777532884,0.0012371325344972242,0.20553136249285206,0.0,,0.8086209623112846,,True,0.8086209623112846,139701.47136563878,True,AZO,AUTOZONE INC,1.0,True
76613,-0.005723594080101352,2.4341723626432046,1.020727162179556,1.6987811353561064,-0.41763216917786666,7.50570462440807,2.291185715535434,3.746684071601378,0.27231940849885183,0.20412837616797636,0.013704868787690809,0.06713847944595969,227,0.011306928022942038,0.23770110295213032,0.004405286343612335,-0.06868312896121623,0.6616910520314025,-0.02803918880631976,0.0,,0.16477983122530065,,True,0.16477983122530065,170448.4140969163,True,IO,ION GEOPHYSICAL CORP,1.0,False
76614,0.029938037615066446,0.7271971729596173,4.11151203462222,-1.400097308522037,1.7814247799584575,1.828569053008146,7.5261215551673155,-2.518180789412752,0.29699757311886454,0.25031353843823123,0.016805670355480626,0.06713847944595969,227,0.03759926627065931,0.29655424103048184,0.0,0.35925645138079737,0.03810202756388625,0.11960215097376414,0.0,,0.43920356209910905,,True,0.43920356209910905,146128.80176211454,True,REGN,REGENERON PHARMACEUTICALS INC,3.0,False
76639,0.007069923948118645,0.9311189860335656,-0.49638808656034455,0.20986575629069276,1.4605177581759574,8.128535488377082,-3.1545611662493815,1.3104432157542878,0.23900216824307052,0.07210018832783466,0.0048406970120981494,0.06713847944595969,227,0.01045331665880047,0.08209995165321678,0.0,0.08483908737742374,0.07277763945074492,0.09805694148775564,0.0,,0.44106421979699545,,True,0.44106421979699545,176674.66079295153,True,TSS,TOTAL SYSTEM SERVICES INC,1.0,False
76644,-0.00020794890460718463,2.1868627208803857,0.17727833816663613,1.2382039646243228,-0.022257129470689273,9.891201757085389,0.5837053718870736,4.0057997182478715,0.34951821033108255,0.1391605010572733,0.009343024439923193,0.06713847944595969,227,0.012706638746435213,0.17139439851365507,0.0,-0.0024953868552862156,0.5088686257017421,-0.0014943098294939352,0.0,,0.2568175400492527,,True,0.2568175400492527,1603829.4713656388,True,X,UNITED STATES STEEL CORP NEW,1.0,False
76661,0.01433005573943795,1.2219215859778803,1.8927349192605636,-0.44415751670334286,1.4125364031560146,5.089910319577496,5.73940758140579,-1.32334570438464,0.2869600791418775,0.151104267366646,0.01014491074879236,0.06713847944595969,227,0.022079950551993233,0.1777534418722257,0.0,0.1719606688732554,0.07959307108215864,0.09483554626995991,0.0,,0.4302993605282913,,True,0.4302993605282913,245433.0792951542,True,IONS,IONIS PHARMACEUTICALS INC,3.0,False
76684,0.0011579475320972479,0.4837925215907113,0.911720383105469,1.1450093489964948,0.2774937107074811,4.8993496864311386,6.72127137214174,8.293881422969742,0.37624215762409996,0.062153306248394595,0.004172878474056278,0.06713847944595969,227,0.008350008180490018,0.07817257869963655,0.0,0.013895370385166975,0.39082905617351804,0.0186305057927173,0.0,,0.3700181995478092,,True,0.3700181995478092,64746.15859030837,True,HWC,HANCOCK WHITNEY CORP,3.0,False
76686,0.0014202329303275132,1.39253256329256,0.5919608071079754,1.2828315524253344,0.1695540714121832,7.025367191540405,2.1740378520300383,4.629166526387777,0.2657085780023998,0.12476128936564629,0.008376283261726873,0.06713847944595969,227,0.012070185675058819,0.14462515551088928,0.004405286343612335,0.017042795163930157,0.43275727722110097,0.011383602538485645,0.0,,0.28910841647347896,,True,0.28910841647347896,9082.964757709251,False,LCUT,LIFETIME BRANDS INC,3.0,False
76708,0.0061685463091675245,0.8140865143623033,-0.3794092826554193,0.5913236429344464,0.7874506073464987,4.391633381125217,-1.4899577315780907,2.2816565016017702,0.10272875231171408,0.1166777393636655,0.007833566006068497,0.06713847944595969,227,0.01040934411960854,0.12235573841262858,0.0,0.07402255571001029,0.2159271375393743,0.052868236416041374,0.0,,0.29470645386206834,,True,0.29470645386206834,143157.89427312775,True,ATGE,ADTALEM GLOBAL EDUCATION INC,1.0,False
76709,0.016520242276345836,0.5508162162645227,1.1478124019072196,-0.2380505492411794,2.786951837747593,3.926763931076907,5.956751289432798,-1.213854871510105,0.2570576373713177,0.0882907990808663,0.005927709999358099,0.06713847944595969,227,0.020527219622621794,0.10175039365567691,0.0,0.19824290731615002,0.0028896725915983526,0.18711170867549634,0.0,,0.6988511011529068,,True,0.6988511011529068,77757.35242290748,True,IDXX,I D E X X LABORATORIES INC,3.0,True
76711,-0.001997212465480988,0.9244686435342907,0.3606187382120715,0.4937055157528904,-0.3476862552408946,6.800963808886417,1.9312435533600056,2.597860101648067,0.2229885947777429,0.085558910259258,0.005744295137859903,0.06713847944595969,227,0.003980105159831578,0.09641614421959986,0.0,-0.023966549585771855,0.6357981160031744,-0.023343126501133495,0.0,,0.14299979349089034,,True,0.14299979349089034,79597.24669603525,True,RGS,REGIS CORP MINN,1.0,False
76712,-0.0018624567200877353,1.4221878255935518,0.45293185799309355,0.379230709328984,-0.22292059084417382,7.19342925551139,1.6677170472327516,1.37199339554715,0.2269679872542495,0.12444128950913219,0.00835479895793759,0.06713847944595969,227,0.006029449709981529,0.14059308967911208,0.0,-0.022349480641052823,0.588099318218218,-0.014966549506472752,0.0,,0.14856083272947668,,True,0.14856083272947668,1020915.7400881058,True,AES,A E S CORP,1.0,False
76721,0.00966382085506495,0.5650016586968412,0.3064007759394864,0.5022540354188595,1.5705003637219725,3.880198270125829,1.5318087102778244,2.467158958673564,0.10293493290261169,0.09165144743929818,0.0061533388200957755,0.06713847944595969,227,0.014072454479993996,0.09612261286518718,0.00881057268722467,0.1159658502607794,0.058858264984329375,0.10544100638961988,0.0,,0.5071482228793531,,True,0.5071482228793531,8352.740088105727,False,CRVL,CORVEL CORP,3.0,False
76722,0.0037491142447942504,0.5498128012870089,0.5354821866405773,0.992718972592043,0.7391288189700892,4.58058907290414,3.2475959609799503,5.91564780267102,0.23027922764515862,0.07555044689090508,0.0050723421257181,0.06713847944595969,227,0.009982741988633978,0.08553988184945326,0.004405286343612335,0.044989370937531005,0.23030302851881174,0.04962398502033979,0.0,,0.40427028771435547,,True,0.40427028771435547,10034.466960352423,True,STFC,STATE AUTO FINANCIAL CORP,3.0,False
76732,0.00757580992999975,1.2810565065442845,0.571555856092124,1.034190775334855,0.7378943700079006,5.27288667332839,1.7125738514027424,3.044740700432293,0.1634703007742766,0.1529196770638782,0.01026679459543598,0.06713847944595969,227,0.017012374433424328,0.16608136363197423,0.0,0.090909719159997,0.23067720673611392,0.0495411059940648,0.0,,0.354841702063239,,True,0.354841702063239,40308.867841409694,True,DIN,DINE BRANDS GLOBAL INC,1.0,False
76736,0.01109206795982865,0.9898935261277414,2.4232055508472214,-1.143726630206853,0.9476174420832005,3.573748879474102,6.368487231120312,-2.953434091251378,0.29772722562197684,0.17434438898675533,0.011705217176505673,0.06713847944595969,227,0.017004520778333393,0.20665849901595862,0.0,0.1331048155179438,0.17217499091064073,0.06362159415793586,0.0,,0.2850373353786887,,True,0.2850373353786887,227028.281938326,True,ALKS,ALKERMES PLC,3.0,False
76744,0.01785261087689851,0.9357658894887629,0.9893528574891827,-1.150940287074519,1.8194848776790102,4.030221780534792,3.1018688177258182,-3.5455533931141003,0.20401804018620007,0.1461442684018388,0.00981190396024167,0.06713847944595969,227,0.020495501375077593,0.16271529840768206,0.0,0.21423133052278212,0.035089216911756094,0.12215744806228669,0.0,,0.4363357355531383,,True,0.4363357355531383,360524.8546255507,True,VRTX,VERTEX PHARMACEUTICALS INC,3.0,False
76750,0.012580142051369658,0.39770271507089516,0.7210468078103521,0.40202710364423655,2.594087374397204,3.4655537169115864,4.573914230793302,2.505756781002912,0.1695425417862192,0.07223196739810345,0.004849544458498798,0.06713847944595969,227,0.016888800786625895,0.07873520472310007,0.004405286343612335,0.15096170461643588,0.005056328217066816,0.1741630818669902,0.0,,0.7430541685697293,,True,0.7430541685697293,34725.47136563877,True,MNRO,MONRO INC,3.0,True
76752,0.0005465575827585127,0.9424349769365491,0.7699836313892878,0.11585803122172116,0.12228501410409848,8.910534048628929,5.299614870759956,0.7835162076183599,0.3907811040984601,0.06657193567110133,0.004469538534731987,0.06713847944595969,227,0.006380167661832663,0.0847232709038377,0.004405286343612335,0.006558690993102152,0.45139171427020425,0.008210029905976907,0.0,,0.2608675145142805,,True,0.2608675145142805,59687.3127753304,True,PRGS,PROGRESS SOFTWARE CORP,3.0,False
76788,0.01588176311578944,0.928789112112244,0.6831255368260816,0.6453555659730668,1.599290504776233,3.9523990348183613,2.1161900520285766,1.9643199666456845,0.11056956415672092,0.1479107891360522,0.009930505476246519,0.06713847944595969,227,0.022991634324393353,0.15579089515718994,0.004405286343612335,0.1905811573894733,0.0555859457062238,0.1073739326830376,0.0,,0.511232428040336,,True,0.511232428040336,79793.37004405286,True,TVTY,TIVITY HEALTH INC,3.0,False
76795,0.00676338539539264,0.9981146606435,0.5085672704402161,-0.3362991230287097,1.294404392145736,8.072374491591951,2.9941927386353133,-1.9454322169922729,0.31802147758442834,0.07782563203478851,0.00522509459673647,0.06713847944595969,227,0.010979979577034726,0.09361286124111806,0.004405286343612335,0.08116062474471168,0.09843227392020316,0.08690434267683643,0.0,,0.4063091810538412,,True,0.4063091810538412,83950.29074889868,True,ZBRA,ZEBRA TECHNOLOGIES CORP,3.0,False
76798,0.00794311204978433,0.7608112573188164,0.9237456234305478,1.453173375472371,0.8253904700060535,3.340878759235137,2.9528858459930865,4.564263615804615,0.15425025349207178,0.14333747101152233,0.009623459851342935,0.06713847944595969,227,0.017182249228867293,0.15482354649700505,0.00881057268722467,0.09531734459741195,0.20501601907813222,0.05541546110539242,0.0,,0.38444447664535325,,True,0.38444447664535325,77299.38766519824,True,EZPW,EZCORP INC,3.0,False
76804,-0.0068709719597802935,2.1046367567386333,0.3962216808579191,2.035881471826342,-0.7124914833998662,9.222606442682357,1.2639364558678885,6.381143593107358,0.37119104781459433,0.14363722216782684,0.009643584688189388,0.06713847944595969,227,0.00845085795711099,0.17993094113860716,0.004405286343612335,-0.08245166351736352,0.7615473535968098,-0.04783559481366325,0.0,,0.16269925846703953,,True,0.16269925846703953,776271.2731277533,True,MTG,M G I C INVESTMENT CORP WIS,1.0,False
76837,0.0070057199471135825,0.3737015882963986,0.31030584951457185,0.3301421606075744,1.5492901017401615,3.4923675286659583,2.111035027230512,2.206812774456367,0.09801650038180365,0.0673516942703157,0.004521890341418152,0.06713847944595969,227,0.010142973037934775,0.07044455672121715,0.004405286343612335,0.08406863936536299,0.06136499552663018,0.10401698165151063,0.0,,0.49877933680610237,,True,0.49877933680610237,50973.259911894274,True,HAE,HAEMONETICS CORP MASS,1.0,False
76838,0.005348187564491878,0.5279368587592028,0.23572083351758158,0.26413647031523835,1.311878004233914,5.47247553593732,1.7787310728641677,1.9583924084044884,0.15981397329176117,0.060721386314816286,0.004076741547027471,0.06713847944595969,227,0.008773549540079802,0.06580398019848982,0.0,0.06417825077390253,0.09545509481656762,0.08807749442286525,0.0,,0.4618636599276565,,True,0.4618636599276565,34427.3832599119,True,PRA,PROASSURANCE CORP,1.0,False
76839,0.01751352005709117,0.5505819205174799,0.3729861517119139,0.236255627235202,2.6628579527282366,3.537622818128401,1.744587541360431,1.085778515260615,0.08355264928309347,0.09796116535045107,0.006576963686383518,0.06713847944595969,227,0.021241934018508952,0.10164789626410572,0.00881057268722467,0.21016224068509404,0.004156391236981747,0.17878023392675502,0.0,,0.723912846666073,,True,0.723912846666073,16449.713656387667,True,FIZZ,NATIONAL BEVERAGE CORP,3.0,True
76841,0.012308452962481052,0.746349734736238,0.7804107815373326,-0.644726040773278,1.630235793771956,4.177383634406727,3.1797700748023625,-2.581111063067722,0.18673341188640247,0.11245571853673039,0.007550105947558902,0.06713847944595969,227,0.015180229202290568,0.123869188275377,0.0,0.14770143554977264,0.05223163689536069,0.10945155233222625,0.0,,0.4245273358933377,,True,0.4245273358933377,604363.4185022026,True,BIIB,BIOGEN INC,3.0,False
76856,0.014826107855422021,0.514203292141868,0.7844429762868039,0.44011519662966664,2.0767123627678292,3.0436805575152084,3.3801507922514875,1.8633742252827812,0.11383485371548918,0.10633575176444324,0.007139220684207743,0.06713847944595969,227,0.019856841418906788,0.11220706051097458,0.013215859030837005,0.17791329426506425,0.019486896203779365,0.13942731028285826,0.0,,0.6130284147675495,,True,0.6130284147675495,41916.3127753304,True,FCFS,FIRSTCASH INC,3.0,True
76858,0.023372931646407743,0.7293100485536625,0.20268135892348596,-0.6463887396536812,1.0239004338972386,1.3501181000475333,0.2731390840183061,-0.8558996457322354,0.014691543721357725,0.3400039487035541,0.0228273481215787,0.06713847944595969,227,0.024950512965230175,0.3402483812862856,0.022026431718061675,0.2804751797568929,0.15349586229125367,0.06874311823591896,0.0,,0.25402358105164957,,True,0.25402358105164957,59813.907488986784,True,CTRC,CENTRIC BRANDS INC,3.0,False
76868,0.012535108184654765,0.7871540711137476,0.5049247861081675,0.37751202229277897,2.210749823887471,5.866597362608098,2.7394520673196503,2.0124580012563955,0.19761641980330658,0.08445337040882579,0.0056700708733349705,0.06713847944595969,227,0.01791951897195119,0.09365353654602547,0.0,0.15042129821585717,0.01403454775291287,0.14842638161122798,0.0,,0.662815702455842,,True,0.662815702455842,17021.889867841408,True,AAON,AAON INC,3.0,True
76892,0.003916644515993731,0.6679858470312272,0.10430109239074328,0.7223395912672809,1.185995237856994,8.547735492208902,0.9715902536978301,6.611419812076177,0.3505778519570072,0.04918806173270239,0.0033024116716276353,0.06713847944595969,227,0.008952380655763084,0.060630950055649446,0.0,0.04699973419192477,0.11844314769737362,0.07962591689986787,0.0,,0.5114872232827113,,True,0.5114872232827113,23222.057268722467,True,BOKF,B O K FINANCIAL CORP,3.0,False
76932,0.008627319281509484,0.42145626966883404,-0.09132260278877648,0.5103599077029772,2.4016286796845847,4.957897380235176,-0.7820486566589441,4.294287006441188,0.163496711998397,0.05350551006354402,0.0035922785876468396,0.06713847944595969,227,0.011629235905500891,0.05811160818142196,0.0,0.1035278313781138,0.008571060993737131,0.1612416977478308,0.0,,0.6932324907838724,,True,0.6932324907838724,172070.12334801763,True,ENB,ENBRIDGE INC,1.0,True
76934,0.009744810305374298,1.1907541441080893,0.4268937882941163,0.43147608579915275,0.7237466648499122,3.737234176366428,0.9753455898097504,0.9686222537708347,0.07583177558442877,0.2005466043502601,0.013464394074126945,0.06713847944595969,227,0.016779278121639207,0.20722302482989366,0.013215859030837005,0.11693772366449158,0.23498990112948426,0.0485912505821077,0.0,,0.28049549266897356,,True,0.28049549266897356,8258.022026431718,False,ISIG,INSIGNIA SYSTEMS INC,3.0,False
76946,0.016479787880565578,1.1689020883253038,-0.4157616021336265,-0.6234605429717849,1.5797066101387554,4.734978122231816,-1.226011936612267,-1.8064182731318497,0.10369272086983339,0.15538306392810458,0.010432182643787289,0.06713847944595969,227,0.018626064205115724,0.16303221576817808,0.02643171806167401,0.19775745456678695,0.05779571680045487,0.10605909977544747,0.0,,0.395765823291932,,True,0.395765823291932,1496.907488986784,False,TRNS,TRANSCAT INC,3.0,False
76948,0.0039336672096401005,1.3134173449253355,0.4317766202599666,-0.5315438622055121,0.3706448686531916,5.229716513542798,1.251540771128006,-1.513854061545115,0.15087808141606673,0.15807679517667098,0.010613035663852103,0.06713847944595969,227,0.008726337226365597,0.17040459784083214,0.004405286343612335,0.047204006515681206,0.35562694439382686,0.02488453289582273,0.0,,0.1773949721023687,,True,0.1773949721023687,20848.38766519824,True,MGIC,MAGIC SOFTWARE ENTERPRISES LTD,3.0,False
76961,0.009627338620033614,0.7961931601841917,0.47945708107834806,0.46421273059394846,1.0381667196984141,3.6282259215965795,1.5905088701870964,1.5130818715862135,0.08566775648858915,0.13812352192847616,0.009273403237998558,0.06713847944595969,227,0.015243367222961287,0.1434874237032333,0.004405286343612335,0.11552806344040337,0.15015840230485178,0.06970093497195136,0.0,,0.3680083707294845,,True,0.3680083707294845,48219.37004405286,True,NTP,NAM TAI PROPERTY INC,1.0,False
76963,-0.004804029435847002,1.3320459941472822,1.0597692291419072,-0.7372368665321162,-0.368452557542669,4.317279449065335,2.5004186193729834,-1.70910004860722,0.15215109692685314,0.1942015014321836,0.013038393512279168,0.06713847944595969,227,0.000801888939236931,0.20950363561744575,0.00881057268722467,-0.057648353230164026,0.6435573255761348,-0.024737344461389758,0.0,,0.013259076680865192,,True,0.013259076680865192,19856.409691629957,True,NTN,N T N BUZZTIME INC,2.0,False
77007,-0.004671435750281117,2.5349341679686033,0.7908906166691803,0.3524112853678213,-0.2853482801534363,6.543446992828507,1.4861642341098538,0.6506676472055165,0.1942406299782078,0.24383925323407085,0.016370996691373825,0.06713847944595969,227,0.00843444122649111,0.26983553958565865,0.004405286343612335,-0.0560572290033734,0.612178909750092,-0.019157849642021427,0.0,,0.10827988603850017,,True,0.10827988603850017,62071.44052863436,True,IMBI,IMEDIA BRANDS INC,3.0,False
77037,0.01722328153153005,0.6256751656168478,0.6915808296594349,0.48813771010446644,2.876656676135574,4.416071267059054,3.5533712283359282,2.4643308731224227,0.16788770310996015,0.0891777204552182,0.005987256551820206,0.06713847944595969,227,0.022654046858264547,0.09710992277009299,0.004405286343612335,0.2066793783783606,0.0022045272739505896,0.1931343551238109,0.0,,0.8081143313944522,,True,0.8081143313944522,82739.01762114538,True,ODFL,OLD DOMINION FREIGHT LINE INC,3.0,True
77090,0.014545989633323153,0.5690649559325187,0.7264526983848243,0.4975150069219296,2.0586997611143834,3.4035066721357454,3.1628790516291163,2.1283372787249957,0.12027110833964727,0.10523949574181828,0.007065619721765229,0.06713847944595969,227,0.019844322651577886,0.11145576648668404,0.004405286343612335,0.17455187559987784,0.020342532252324002,0.13821797159698015,0.0,,0.6167715885463726,,True,0.6167715885463726,9324.784140969163,False,ATNI,A T N INTERNATIONAL INC,3.0,False
77114,0.013285900483154253,1.0450082737176738,0.7542617152288612,0.6663176117560491,1.5900665282961237,5.285171124402575,2.776974347943253,2.4104055534553703,0.1785134543385355,0.12445266427834882,0.008355562642646844,0.06713847944595969,227,0.021084000473827344,0.136396172314742,0.0,0.15943080579785102,0.05661823396089363,0.10675464892771779,0.0,,0.5354777839836526,,True,0.5354777839836526,32900.140969162996,True,WRLD,WORLD ACCEPTANCE CORP,3.0,False
77117,0.0025504483565629704,1.765411642870096,1.2080773944246563,1.7681932526772373,0.1908379550680294,5.582249336287179,2.7807918453327747,3.9991019467711806,0.21101904230007495,0.19905829446479675,0.013364471211472547,0.06713847944595969,227,0.017424030944098726,0.2226102871771218,0.00881057268722467,0.030605380278755645,0.4244130888494345,0.01281257012384387,0.0,,0.27114027164269255,,True,0.27114027164269255,134385.4537444934,True,WNC,WABASH NATIONAL CORP,1.0,False
77120,0.0005591415177403531,1.0029436130926648,0.1451570575810234,0.825136241122274,0.12767800709678379,9.6780061879873,1.0196661767964648,5.6951418147883395,0.37201453717134947,0.06522801233071614,0.00437930956516659,0.06713847944595969,227,0.007353269366525604,0.08176313995904506,0.0,0.006709698212884236,0.44925942798821483,0.008572107255168514,0.0,,0.31153980023129507,,True,0.31153980023129507,39492.907488986784,True,HMN,HORACE MANN EDUCATORS CORP NEW,1.0,False
77157,-0.0002500572573934781,1.9052881083704798,0.3373226924186498,0.5358116198292417,-0.028802350391739527,9.273937119130677,1.195252132236566,1.8654564722408462,0.311828341022085,0.1293123585672316,0.008681835127774647,0.06713847944595969,227,0.009833377668153526,0.15484238549608886,0.004405286343612335,-0.003000687088721737,0.5114760070707142,-0.0019337460097711328,0.0,,0.2199902782004774,,True,0.2199902782004774,303121.986784141,True,OI,O I GLASS INC,1.0,False
77165,0.013653438765323048,0.7658945801697149,0.35754409232114054,0.49469228785742425,1.6755687677838715,3.9719541822402027,1.3498183240826642,1.8350160869059065,0.09545026617861918,0.12136914406414508,0.008148539784124324,0.06713847944595969,227,0.01897477260780451,0.12676234831033187,0.0,0.1638412651838766,0.0476121145830321,0.11249513927614946,0.0,,0.5185336285870131,,True,0.5185336285870131,11332.436123348018,True,JBSS,SANFILIPPO JOHN B & SON,3.0,False
77175,-0.000900004612344647,1.3731809085082418,2.8190299010858295,-0.8027233855662994,-0.06932049640418972,4.469507905765544,6.679471704933761,-1.868819558279193,0.3134672607751636,0.19338000626714164,0.012983239576026043,0.06713847944595969,227,0.008400717423048475,0.2318350821257543,0.0,-0.010800055348135764,0.5276016845218219,-0.004654072723016414,0.0,,0.12552431032725614,,True,0.12552431032725614,101771.96916299559,True,AMSC,AMERICAN SUPERCONDUCTOR CORP,3.0,False
77178,0.0002914335397008446,1.107840141032503,0.021263666105477287,-0.12621985506162578,0.05066495802228688,8.13879814154432,0.11371867824002041,-0.6632547354622059,0.24687781131772635,0.0856762289914015,0.005752171739146545,0.06713847944595969,227,0.004532274439737151,0.09806766466191204,0.0,0.003497202476410135,0.4798189259590591,0.003401568242809718,0.0,,0.16009618727097885,,True,0.16009618727097885,3128607.7444933923,True,QCOM,QUALCOMM INC,3.0,False
77182,0.006692317824710739,0.710009505286475,-0.11256941881248111,0.2523869348531053,1.1481480051604869,5.147549182206628,-0.5941105229974217,1.3087982733315426,0.11331241746569265,0.08681748109441108,0.005828793670007112,0.06713847944595969,227,0.010097938519649057,0.09158409955735958,0.0,0.08030781389652886,0.12606880921505753,0.07708491124538697,0.0,,0.3819471426212988,,True,0.3819471426212988,202554.37004405286,True,PRGO,PERRIGO CO PLC,1.0,False
77191,0.005045036271325186,0.8759924362641418,1.1150637072090506,0.1133442448966866,0.8023389705685219,5.887202500624521,5.455301750929354,0.5448508011438924,0.284415065988456,0.0936558489518984,0.006287911289850936,0.06713847944595969,227,0.011326445299700429,0.109977165632034,0.004405286343612335,0.060540435255902234,0.2116055616490842,0.053867818484207165,0.0,,0.35676458136536193,,True,0.35676458136536193,89985.70484581498,True,TTEK,TETRA TECH INC,3.0,False
77235,0.002086735480313945,0.7041089661481204,2.1215422654136487,-0.651466180496563,0.22331055444353728,3.184173680934903,6.984238170334567,-2.1072606187372447,0.29540815156911215,0.1391831461946803,0.009344544800015547,0.06713847944595969,227,0.0075960091713365395,0.1647085159348903,0.039647577092511016,0.02504082576376734,0.41174911979676726,0.01499273106957329,0.0,,0.1597570562133523,,True,0.1597570562133523,8353.97356828194,False,WTT,WIRELESS TELECOM GROUP INC,2.0,False
77236,0.012442406218904236,0.5036998198805797,0.5465773641752188,0.997363015395302,1.6902554080763803,2.8915771075098777,2.284152538250691,4.095300212590008,0.11890063832920328,0.10964290678938304,0.007361258043874267,0.06713847944595969,227,0.018523052009145207,0.11602893592063356,0.004405286343612335,0.14930887462685083,0.04618820641714289,0.11348117797355826,0.0,,0.553014934361299,,True,0.553014934361299,4135.374449339207,False,PHX,P H X MINERALS INC,1.0,False
77259,0.0002095384345948151,0.35743665049728923,0.6527687154364583,0.09523410785072883,0.021842098459457053,1.5745076361582715,2.093223013252044,0.30005972672048964,0.04012003266211028,0.14288868304206415,0.009593328909479872,0.06713847944595969,227,0.0033302386948652137,0.1448730426747562,0.022026431718061675,0.0025144612151377812,0.49129672181941736,0.001466445278476885,0.0,,0.07963030960546676,,True,0.07963030960546676,3325.04845814978,False,AHPI,ALLIED HEALTHCARE PRODUCTS INC,3.0,False
77274,0.018138873955173784,0.6626069886496158,0.7401121097182699,-0.6733085996960646,3.0237070791669254,4.667673071805424,3.795355026711495,-3.392564251689987,0.24350352766130678,0.08935093575365444,0.005998885963573992,0.06713847944595969,227,0.02049928888770476,0.10204550130029477,0.0,0.2176664874620854,0.0013946958361776922,0.2030070955852514,0.0,,0.6958819236538785,,True,0.6958819236538785,1515178.59030837,True,GILD,GILEAD SCIENCES INC,3.0,True
77282,0.008537568565991362,0.7739460322495719,0.8612473323034933,0.9768649688186907,0.6995435982435,2.6798240739960124,2.1708707889603955,2.419355253673549,0.07884217952571948,0.18178076086427614,0.012204483876957117,0.06713847944595969,227,0.016335371467135144,0.18813911945046277,0.01762114537444934,0.10245082279189635,0.24247071266889111,0.04696629349222391,0.0,,0.3007741656730649,,True,0.3007741656730649,5276.872246696035,False,MSON,MISONIX INC,3.0,False
77292,0.01154107417586065,0.43925380180445006,2.5684492938697496,-1.5613081009205203,0.9974109742041527,1.6041998197964702,6.8284857823996985,-4.078505472766173,0.3017201449669643,0.1723457541987598,0.011571031875871855,0.06713847944595969,227,0.01429958189762206,0.20487267795847106,0.004405286343612335,0.1384928901103278,0.15982305610348094,0.06696465619078013,0.0,,0.24178531388840568,,True,0.24178531388840568,472750.0396475771,True,PDLI,P D L BIOPHARMA INC,3.0,False
77300,0.006227007678638376,0.7911300387675311,-0.11402103115414566,0.19091379020380833,1.228097631803281,6.593505784317553,-0.691773561641276,1.1380866230142264,0.1694357368851762,0.0755222649604679,0.005070450033760695,0.06713847944595969,227,0.009787296379297422,0.08231644340299835,0.004405286343612335,0.07472409214366052,0.11035247246742408,0.08245260761045634,0.0,,0.41187626425221807,,True,0.41187626425221807,82786.43612334802,True,SMG,SCOTTS MIRACLE GRO CO,1.0,False
77338,0.010194568127898195,0.9685712338077193,-0.23683648228872314,0.11495420841282653,2.6016382955678816,10.445390359532778,-1.8593116446874909,0.8867220041406021,0.33126499592144953,0.05836472112032075,0.003918518629305824,0.06713847944595969,227,0.014008139511562405,0.07089597808923508,0.00881057268722467,0.12233481753477835,0.004949621947312969,0.1746700392328058,0.0,,0.6844622221869946,,True,0.6844622221869946,89878.31718061674,True,ROP,ROPER TECHNOLOGIES INC,1.0,True
77354,-0.0011379101382320831,0.8951351495041704,0.12082720899362329,0.5474181145682542,-0.21502893983441773,7.148132301461622,0.7023914134916,3.1267462505883477,0.22533393455721162,0.07882056651325484,0.005291892984769058,0.06713847944595969,227,0.00436639739164585,0.0889570757243068,0.0,-0.013654921658784997,0.5850293617397697,-0.014436716057359557,0.0,,0.1700330652011384,,True,0.1700330652011384,53170.50220264317,True,SCHL,SCHOLASTIC CORP,3.0,False
77357,0.004286629333579075,1.0705609109488752,-0.28576840748503357,0.06466998498232578,0.8472185905352849,8.941408808313453,-1.73747779563292,0.3863374703423263,0.2650262075293106,0.0753613992484953,0.005059649754463864,0.06713847944595969,227,0.008272535460713415,0.08731949970010823,0.004405286343612335,0.051439552002948905,0.19889081221088242,0.05688096792688816,0.0,,0.3281844668047974,,True,0.3281844668047974,250685.47136563878,True,SNPS,SYNOPSYS INC,3.0,False
77366,-0.0009548899410552186,1.1988165824418033,0.05959183727057758,0.703234078351951,-0.15974531066123493,8.475055786064848,0.30668114659099593,3.5559793834109934,0.2828332833684517,0.08903355182405409,0.005977577289140042,0.06713847944595969,227,0.006115448728696267,0.10443398449101957,0.004405286343612335,-0.011458679292662623,0.5633868487683037,-0.010725057256417765,0.0,,0.20285097730988666,,True,0.20285097730988666,157290.35682819382,True,ELY,CALLAWAY GOLF CO,1.0,False
77379,0.0015406814323304927,0.41992587105060025,0.7881465122699413,0.8451160846550364,0.37391472404040477,4.306727310762849,5.884264411911645,6.1995563570757035,0.29226166575397083,0.06137178859547528,0.0041204085671791,0.06713847944595969,227,0.00735074400600636,0.07246538977978277,0.0,0.01848817718796591,0.35441151123521025,0.025104066014528404,0.0,,0.35139152995731154,,True,0.35139152995731154,4489.8766519823785,False,THFF,FIRST FINANCIAL CORP IN,3.0,False
77415,0.002142261958332344,0.5704014880485521,0.7454115072128925,0.8131670525740203,0.5223833665496589,5.877767972206263,5.591629148182471,5.99350765392705,0.3258193088094775,0.061081787075046697,0.004100938306060509,0.06713847944595969,227,0.00838967831695804,0.07389614651794141,0.0,0.02570714349998813,0.30096099122725795,0.0350720249180055,0.0,,0.3932911197365934,,True,0.3932911197365934,18937.06167400881,True,NBTB,N B T BANCORP INC,3.0,False
77420,-0.0028748500841071787,0.7162677117572913,0.7687353808004292,0.9078919665777163,-0.32218389906197187,3.392181092604034,2.650275389214391,3.0754405078791653,0.11860376502111203,0.13290455576711455,0.008923009785644823,0.06713847944595969,227,0.004292991810441915,0.14062174555883758,0.004405286343612335,-0.03449820100928615,0.6261923935233651,-0.021630937084991347,0.0,,0.10575433980872226,,True,0.10575433980872226,90409.18502202643,True,FRED,FREDS INC,3.0,False
77425,0.003621362098149411,0.8218753010872771,0.654726147645004,0.6135393452779445,0.41221733963096363,3.9534409613484667,2.2926591504094542,2.1109660517927686,0.1158604616868325,0.1308501409051993,0.008785079495664653,0.06713847944595969,227,0.010140411966227076,0.1382330849760682,0.004405286343612335,0.04345634517779293,0.3402880571869862,0.027675645384081637,0.0,,0.25411729381899356,,True,0.25411729381899356,9838.845814977974,True,USAK,U S A TRUCK INC,3.0,False
77437,-0.003506907158455392,0.9225869174715123,3.3298070058599,-1.330766139518012,-0.14947894611544701,1.661797398372171,4.366166815816319,-1.714517913315676,0.14117148719946826,0.34944009938418075,0.02346087693009893,0.06713847944595969,227,0.003506706773630836,0.37455683358390746,0.013215859030837005,-0.04208288590146471,0.5593445899314238,-0.010035789151375657,0.0,,0.03243189686893753,,True,0.03243189686893753,260038.13656387664,True,MBOT,MICROBOT MEDICAL INC,3.0,False
77447,0.012570893608315734,0.3361242139071161,0.29827598668098937,0.35562758292887725,2.1774072136000555,2.460301493407554,1.5893417821611109,1.8618876485239142,0.05588853489383472,0.08599139459791269,0.00577333147874137,0.06713847944595969,227,0.015601129817798163,0.08791066564340341,0.0,0.15085072329978882,0.01524972718624012,0.14618780945577167,0.0,,0.6147592968870178,,True,0.6147592968870178,25335.629955947137,True,ICUI,I C U MEDICAL INC,3.0,True
77453,0.006975214360070119,0.5429364505534352,0.20657166294427384,0.5845643294278617,1.3418343821326983,4.413726116228332,1.2224682988850393,3.3990550169739655,0.13218622518712586,0.07742605681945834,0.005198267724354911,0.06713847944595969,227,0.011318000450403263,0.08256045622446341,0.004405286343612335,0.08370257232084143,0.09050719909267588,0.09008872008469818,0.0,,0.47488477454360856,,True,0.47488477454360856,103454.34361233481,True,JACK,JACK IN THE BOX INC,3.0,False
77462,-0.00027078262165472716,1.2604677244368532,0.35438765170380504,0.8168999514928045,-0.04340060247020841,8.537323207582594,1.7473465773910308,3.9575678215617156,0.30814249571076746,0.09292948476974716,0.006239144303137293,0.06713847944595969,227,0.008000730477422148,0.11097966595953443,0.0,-0.003249391459856726,0.5172894832933852,-0.002913850456888355,0.0,,0.24973352667348567,,True,0.24973352667348567,1209941.449339207,True,M,MACYS INC,1.0,False
77478,-0.0011316252904104594,1.9557302668168224,0.5127546007688405,0.9448375633667778,-0.09108955567400562,6.65257715163593,1.2696996731114722,2.298834022707399,0.20227975666740716,0.18503869636778786,0.012423216712795901,0.06713847944595969,227,0.010700432423499816,0.20579530639062987,0.00881057268722467,-0.013579503484925513,0.536248400148192,-0.006115614261360827,0.0,,0.18011773879117893,,True,0.18011773879117893,75668.2422907489,True,CBK,CHRISTOPHER AND BANKS CORP,1.0,False
77486,-0.0022378802858864888,1.0492658377164055,1.0403357521850474,0.10108375531894068,-0.20063980569494796,3.9753997441921234,2.8693219123078277,0.273934128103141,0.12785859482503703,0.16613007104782526,0.011153720360400238,0.06713847944595969,227,0.004563500869786125,0.17670669740884332,0.01762114537444934,-0.026854563430637864,0.5794184504577837,-0.013470651470691609,0.0,,0.08946141241683082,,True,0.08946141241683082,28040.008810572686,True,UQM,U Q M TECHNOLOGIES INC,2.0,False
77488,0.011585912855488144,0.7265911035916605,-0.01619265864907394,-0.5246358035514969,1.2666608732847007,3.356875219661441,-0.05445951406805136,-1.7336944136112389,0.06669712425499563,0.13623804437396958,0.0091468151419595,0.06713847944595969,227,0.013038884329617481,0.14008296029576595,0.013215859030837005,0.13903095426585774,0.10329898346087818,0.08504168500602623,0.0,,0.32243764816545994,,True,0.32243764816545994,915.806167400881,False,NTIC,NORTHERN TECHNOLOGIES INTL CORP,3.0,False
77496,0.0016003979135935343,1.3741158043472739,0.6484781125695562,1.1157074812619405,0.2786482628947729,10.110362385233602,3.4733551248078802,5.871691573075402,0.42156004467648034,0.08554608430988381,0.005743434023121469,0.06713847944595969,227,0.01181547246493965,0.1117298473526261,0.004405286343612335,0.019204774963122413,0.3903864945143383,0.018708020671013084,0.0,,0.3663300203054568,,True,0.3663300203054568,137686.08810572687,True,MHK,MOHAWK INDUSTRIES INC,1.0,False
77501,-0.01084506541807484,1.3516277368906995,1.200127856246852,1.2350431797234145,-1.2506684769093668,6.586916333137579,4.257582253629931,4.305035088715181,0.28773463658779197,0.12915715538164116,0.008671415021888937,0.06713847944595969,227,0.0007834028410470833,0.15201826461149606,0.00881057268722467,-0.13014078501689808,0.893816946233773,-0.08396797983068922,0.0,,0.017851717054593205,,True,0.017851717054593205,74286.18502202643,True,CNR,CORNERSTONE BUILDING BRANDS INC,1.0,False
77505,0.018883112636703066,1.245905760706043,0.565829463012619,-1.0829106797050472,1.0632417165495016,2.9645490628769022,0.980097959471924,-1.8430435069386812,0.07314876684781768,0.264527041436916,0.017759943334412914,0.06713847944595969,227,0.022102673585620736,0.27293753852317276,0.004405286343612335,0.2265973516404368,0.14441117488231087,0.07138443213264561,0.0,,0.2805253820383187,,True,0.2805253820383187,25965.757709251102,True,ASUR,ASURE SOFTWARE INC,3.0,False
77515,-0.012112269149098836,1.8057955767848959,0.6669685025308852,-0.31473933845217295,-1.3997057447751091,8.818502478441259,2.3710573593804978,-1.0993773527394641,0.32326098165031125,0.12888941918356553,0.008653439620657495,0.06713847944595969,227,-0.0041771198229399705,0.15563413994043027,0.022026431718061675,-0.14534722978918602,0.9185044844923318,-0.09397411537597533,0.0,,-0.092974250577725,,True,-0.092974250577725,99033.30837004405,True,KOPN,KOPIN CORP,3.0,False
77516,-0.0006746060868329145,1.621876456802871,0.6463943557709162,0.8179492057960429,-0.0849560149778774,8.631309130406484,2.5041880347748244,3.1135420735973613,0.3154486802747033,0.1182727300216506,0.007940651253576127,0.06713847944595969,227,0.009702923275011295,0.14199721526030296,0.0,-0.008095273041994974,0.5338137094948081,-0.005703817665402865,0.0,,0.23670824900973222,,True,0.23670824900973222,170740.5550660793,True,TLRD,TAILORED BRANDS INC,1.0,False
77519,-0.002280689992770055,0.539165239380629,0.5424204485230462,0.8672310611372848,-0.614368267713658,6.1376119721474724,4.494941830365357,7.061254587327633,0.330592421872554,0.05529246856150526,0.003712252264032993,0.06713847944595969,227,0.003564564989379858,0.06713034503332319,0.004405286343612335,-0.027368279913240662,0.7302008524106511,-0.04124775131414329,0.0,,0.1839408888907805,,True,0.1839408888907805,55205.356828193835,True,TRST,TRUSTCO BANK CORP NY,3.0,False
77520,0.003926497718973048,1.1427314913737614,0.332042054858359,0.660758754058643,0.6563571468475458,8.072240433048584,1.707471506040489,3.338584101337065,0.2804474173801157,0.08910326741405436,0.0059822578878463385,0.06713847944595969,227,0.01121955962872972,0.10434234039293333,0.004405286343612335,0.04711797262767657,0.2561355265947564,0.0440668208128327,0.0,,0.37248248874480083,,True,0.37248248874480083,247621.84140969164,True,AGCO,A G C O CORP,1.0,False
77526,0.0021539038361894705,0.6786144411325596,0.6481565221046641,0.742135063016263,0.48385758680653496,6.442128254502789,4.479160699691545,5.039166665644287,0.29918837369028606,0.06630362201155485,0.0044515243636154556,0.06713847944595969,227,0.00843787440366919,0.07867464944125045,0.0,0.025846846034273646,0.314480872686322,0.032485462646582204,0.0,,0.3715257018324171,,True,0.3715257018324171,15081.035242290749,True,RNST,RENASANT CORP,3.0,False
77528,0.0014091530771502474,0.4567073049199449,0.5056856465417966,0.7697773214387997,0.3276177696881027,4.487063941445138,3.6167243157293023,5.409522288685888,0.22182157367026556,0.06406476283866665,0.004301210763054102,0.06713847944595969,227,0.006558706284477787,0.0721402829594919,0.0,0.016909836925802967,0.3717540224363076,0.021995758896335836,0.0,,0.314942277756678,,True,0.314942277756678,17072.044052863435,True,STBA,S & T BANCORP INC,3.0,False
77530,0.002016754440470332,1.4462721562178702,0.5998843413137624,1.504277524892372,0.14998762538680782,4.545351325087166,1.3724465393858207,3.3815428940942946,0.13813541263781925,0.20027470067655948,0.013446138874918917,0.06713847944595969,227,0.013538397890138762,0.21429142112020733,0.01762114537444934,0.024201053285643984,0.44045497339489526,0.010069941104180498,0.0,,0.218853306177383,,True,0.218853306177383,55657.12334801762,True,SMRT,STEIN MART INC,3.0,False
77584,0.006784052934836365,0.6626381182538847,0.6566059272270021,0.7629963970106793,1.034353264812071,4.269441829976743,3.0797109952492097,3.5163061080496116,0.1634050375974987,0.0976897138074802,0.006558738842545194,0.06713847944595969,227,0.013079852200640216,0.10609365872916604,0.0,0.08140863521803637,0.15104571778424017,0.06944490540944652,0.0,,0.4270748853111689,,True,0.4270748853111689,66733.05726872246,True,BKE,BUCKLE INC,1.0,False
77595,0.0040392128710235314,1.1686521204194509,0.5137008792498292,1.2821570439992527,0.4700966614191627,5.747655117686646,1.8391884779035303,4.510411587725812,0.21052984877338965,0.12797881176289147,0.008592302823061232,0.06713847944595969,227,0.013601094318102787,0.1430765397109622,0.0,0.04847055445228238,0.31937268052093504,0.03156157504030472,0.0,,0.3293032728507545,,True,0.3293032728507545,80351.8193832599,True,ARCB,ARCBEST CORP,3.0,False
77605,0.004698367351862164,0.8434487684364788,-0.011344018317724056,0.19348900123581078,0.7861393698524257,5.963844467224845,-0.05839087704888016,0.9785733527576729,0.14686392629642941,0.08901760850750969,0.005976506879109925,0.06713847944595969,227,0.008697956311302657,0.09573373028414367,0.004405286343612335,0.05638040822234597,0.2163101955965232,0.052780201924496783,0.0,,0.314733421720345,,True,0.314733421720345,2123680.9162995596,True,BSX,BOSTON SCIENTIFIC CORP,1.0,False
77606,0.001641657721805727,0.8788516859473088,0.06838929070559963,0.3524943319422011,0.31142776458964283,7.045394710077308,0.3991060555513542,2.02120972396757,0.20458338439208668,0.07851520776531468,0.005271391662746834,0.06713847944595969,227,0.006410326578240492,0.08744896359681577,0.004405286343612335,0.019699892661668723,0.37788319689325256,0.02090878657180291,0.0,,0.25393122731133133,,True,0.25393122731133133,780235.6431718061,True,KSS,KOHLS CORP,1.0,False
77610,0.018328485745722902,1.6272870398926111,1.1628023479635536,-1.3113998682879513,1.6826752513727052,6.313248887429126,3.2840149407678823,-3.6390949159662527,0.2901624995942437,0.1622388195662775,0.010892467652787284,0.06713847944595969,227,0.02372281001157114,0.19128174283200813,0.0,0.2199418289486748,0.046918763130442485,0.1129722577785114,0.0,,0.4296187563957013,,True,0.4296187563957013,103360.6255506608,True,OLED,UNIVERSAL DISPLAY CORP,3.0,False
77629,0.013881958763508208,1.0207879129704862,0.7727898748577149,0.20882574519964003,2.252710953977369,7.000116437275937,3.857817219851063,1.0242908355095208,0.27313141187940426,0.09178543659018623,0.006162334647948654,0.06713847944595969,227,0.020309933879838163,0.10694095040774657,0.004405286343612335,0.1665835051620985,0.012625356460248231,0.15124358808129784,0.0,,0.6578927388267531,,True,0.6578927388267531,14133.911894273127,True,USPH,U S PHYSICAL THERAPY INC,1.0,True
77637,0.008341557482599866,1.535593485658142,-0.021424200893335077,0.382859179053863,0.8108550592803616,6.307937318126011,-0.06406579490404408,1.124914912268783,0.16189170068125114,0.1532259825792018,0.010287359481980719,0.06713847944595969,227,0.01570919958307905,0.16625723606540768,0.00881057268722467,0.10009868979119839,0.20915672239526767,0.05443957573114699,0.0,,0.3273136552496076,,True,0.3273136552496076,8433.189427312775,False,FC,FRANKLIN COVEY CO,1.0,False
77643,0.00010376095573097813,0.4416205233901597,0.7985250170094217,0.9121426791892931,0.02061606463607739,3.7079688416461227,4.880741804183027,5.477963156859506,0.2322598430048003,0.074964680620712,0.005033014669026605,0.06713847944595969,227,0.006216839780965109,0.08498607621337072,0.004405286343612335,0.0012451314687717376,0.49178517991634957,0.001384131231825858,0.0,,0.25340344778625856,,True,0.25340344778625856,71824.50220264317,True,FCF,FIRST COMMONWEALTH FINANCIAL COR,1.0,False
77649,0.009911351802332406,0.6089443060572411,0.0525768658915944,0.13350963689000875,2.07642195103783,5.391074306351525,0.33884643215173027,0.8454342946706073,0.12727222459186216,0.07109610018226811,0.0047732840607750985,0.06713847944595969,227,0.012909485421257702,0.07559700536371126,0.00881057268722467,0.11893622162798886,0.01950044339546747,0.13940781248089287,0.0,,0.5915547723513778,,True,0.5915547723513778,93754.76211453744,True,STE,STERIS PLC NEW,1.0,True
77659,-0.003971909369404188,0.9457867302170347,0.18865380739446885,0.6181959068388442,-0.7591652106050352,7.6391529981412125,1.1092464445944925,3.5714750393338166,0.25701128468313206,0.07792764128070424,0.005231943342396681,0.06713847944595969,227,0.0020865196529008243,0.08980461064959382,0.004405286343612335,-0.04766291243285026,0.7757222787092851,-0.05096919788829381,0.0,,0.080484911045746,,True,0.080484911045746,702701.6431718061,True,BBBY,BED BATH & BEYOND INC,3.0,False
77661,0.008762671780583467,1.0992452338418537,0.4339412652354731,0.8456121318019194,1.3410090693457408,7.108938966039323,2.0429212423814946,3.9115681532326656,0.25444557642465915,0.09732699815481587,0.006534386665154062,0.06713847944595969,227,0.016621064832480936,0.11196746997486813,0.0,0.10515206136700161,0.09064089780916713,0.09003330983911455,0.0,,0.5142302272653844,,True,0.5142302272653844,993402.7268722467,True,DHI,D R HORTON INC,1.0,False
77679,0.0020088927624242964,1.1123975646590512,0.6091139476229728,1.2300305004048053,0.36516243122596886,8.544848937987824,3.406068541261645,6.75817981176701,0.38173366124608976,0.08194060441117494,0.005501367585049182,0.06713847944595969,227,0.011391523411533681,0.10351649864550441,0.0,0.024106713149091557,0.3576681276960405,0.024516450383301375,0.0,,0.3812087460947668,,True,0.3812087460947668,35217.86343612335,True,COLB,COLUMBIA BANKING SYSTEM INC,3.0,False
77699,-0.014947392302632503,1.7018990319050573,1.7827437956251055,0.16366859446553594,-1.1984951850013486,5.766597986420262,4.397291916368196,0.39666213012574,0.2436682265561415,0.18576232509663462,0.012471800045334085,0.06713847944595969,227,-0.003715243751264059,0.2121776707556231,0.00881057268722467,-0.17936870763159002,0.8840017954609973,-0.0804651443442947,0.0,,-0.06065662721977636,,True,-0.06065662721977636,349149.7797356828,True,FCEL,FUELCELL ENERGY INC,3.0,False
77702,0.010357669518478638,0.8383282725549431,0.36058638614100147,0.26440661383593883,2.0325445797947377,6.9519584365070815,2.1767715817961433,1.568320684953684,0.22772206615263468,0.07590151928222282,0.0050959125922466295,0.06713847944595969,227,0.015324186241749797,0.08579497815288906,0.0,0.12429203422174366,0.021641908873096815,0.13646195249354579,0.0,,0.6187371272024697,,True,0.6187371272024697,1537593.4801762116,True,SBUX,STARBUCKS CORP,3.0,True
77730,0.005860407390503133,0.6760821254006733,-0.17693527476121723,0.6399831303549872,0.9943026100636839,4.847359725885016,-0.9234868167356156,3.282039659971398,0.13461719845659148,0.08778851987055131,0.005893987736920233,0.06713847944595969,227,0.01010012913792921,0.09374148062679012,0.0,0.07032488868603759,0.1605766152859281,0.06675596534882472,0.0,,0.3732379030697898,,True,0.3732379030697898,654571.4581497797,True,TSN,TYSON FOODS INC,1.0,False
77735,0.011784245808054268,1.2884072306927734,0.30451771408615874,0.9768979443872994,1.6393727044776105,7.574327591344397,1.3032087015277731,4.107803200920107,0.2654051334929701,0.10706625005155897,0.007188265228442572,0.06713847944595969,227,0.020523441372382278,0.12408716413088153,0.0,0.14141094969665122,0.05127280216848833,0.1100649906238374,0.0,,0.5729463390046239,,True,0.5729463390046239,109523.51982378855,True,MEOH,METHANEX CORP,3.0,False
77763,-0.00515658467247643,1.4709992396150429,0.6124749603744148,1.0922642310266626,-0.6551551645880783,7.897861034455874,2.3938440644906867,4.194635747405564,0.29622379880070526,0.11723208345218528,0.007870783825261572,0.06713847944595969,227,0.005313940176814477,0.13881212637352214,0.00881057268722467,-0.06187901606971716,0.7434784478968277,-0.04398612155161104,0.0,,0.13261109983803038,,True,0.13261109983803038,333503.05726872245,True,SPN,SUPERIOR ENERGY SERVICES INC,1.0,False
77780,0.011560630362286339,0.6129407882914439,0.685120821236272,0.5012909081173046,1.428647146190171,3.2009361359682833,2.6045705879301364,1.872482712767244,0.09721790794881835,0.12052719133413134,0.008092012358065826,0.06713847944595969,227,0.01696302827266287,0.12600616104213902,0.013215859030837005,0.13872756434743605,0.0772524152243463,0.09591719706001775,0.0,,0.466339527773628,,True,0.466339527773628,33229.52422907489,True,CENT,CENTRAL GARDEN & PET CO,3.0,False
77785,0.008135895355562025,1.0517703395940472,0.5051600272669055,0.6953196079764354,1.1101908683186292,6.064964180139192,2.120541508344074,2.8678821423584906,0.1994014268846498,0.1091531321023322,0.007328375316114553,0.06713847944595969,227,0.015519084753974285,0.12117890064829757,0.0,0.0976307442667443,0.1340562319741686,0.07453652679370243,0.0,,0.4436390021207646,,True,0.4436390021207646,35450.55947136564,True,WIRE,ENCORE WIRE CORP,3.0,False
77790,0.0019626479940443005,0.6855715281117671,0.5951723808472112,1.47433387053986,0.2838546825866447,4.190071609864829,2.6480240231902394,6.44516466392415,0.22544154370314717,0.10298520805668218,0.006914270274351438,0.06713847944595969,227,0.010259370151275442,0.1162374202617582,0.01762114537444934,0.023551775928531606,0.38839255914017273,0.019057571772482858,0.0,,0.30574922113117237,,True,0.30574922113117237,1456.3348017621145,False,STRS,STRATUS PROPERTIES INC,3.0,False
77868,0.0056623870664270345,1.3244329685376413,0.2234220961131375,0.257801429249932,0.6273676072306397,6.201083007329224,0.7615074612296582,0.8633609168044359,0.16668004078597898,0.1344330218798564,0.009025628676338986,0.06713847944595969,227,0.012320168568607038,0.14628448971903577,0.013215859030837005,0.06794864479712441,0.2655300648923227,0.0421205072031152,0.0,,0.29174874191551,,True,0.29174874191551,6674.488986784141,False,PRCP,PERCEPTRON INC,3.0,False
77889,0.004267722645591375,0.3686451961652545,0.2189261519657444,0.27187233860995486,0.615118588775081,2.2453614766990673,0.9707017462424294,1.1844376758297226,0.035954857328685974,0.10333937598586451,0.006938048570585264,0.06713847944595969,227,0.007024511408651514,0.10454791143477318,0.013215859030837005,0.051212671747096504,0.2695517986255866,0.0412981267293035,0.0,,0.23275090800302495,,True,0.23275090800302495,1384.907488986784,False,FUNC,FIRST UNITED CORP,3.0,False
77900,0.008861490566506758,0.41531764756048134,0.7509624615510999,0.40637732341738575,0.7691446996880126,1.5233394236173898,2.005141398780107,1.066142519221286,0.03769132142829412,0.17160392886880196,0.011521226851203988,0.06713847944595969,227,0.01331820298667296,0.17376737378199086,0.013215859030837005,0.1063378867980811,0.2213106415149697,0.05163920561097246,0.0,,0.2655021335290948,,True,0.2655021335290948,4581.162995594714,False,CVU,C P I AEROSTRUCTURES INC,2.0,False
77902,0.00457910851926697,1.0707288980126315,0.31662173230202995,0.4941236203732125,0.80293137343829,7.933997147499959,1.7079050223285566,2.6188922646630606,0.26717480874987076,0.08494366731704035,0.0057029886622295516,0.06713847944595969,227,0.011066428543181558,0.0985664293177634,0.004405286343612335,0.05494930223120364,0.2114346686334973,0.053907591512102816,0.0,,0.3889278860519005,,True,0.3889278860519005,199935.84140969164,True,CAKE,CHEESECAKE FACTORY INC,3.0,False
77917,0.004204648350809444,1.7072036426830413,0.7223059260839244,0.9455440833230303,0.5150614777848805,8.837506420618643,2.721924474324632,3.501028911394528,0.33161547560898585,0.12159035023813815,0.008163391230290277,0.06713847944595969,227,0.015458648685908733,0.147735249002393,0.004405286343612335,0.05045578020971333,0.3035101126832571,0.03458044443966582,0.0,,0.3624749695303669,,True,0.3624749695303669,55411.22466960352,True,ASGN,ASGN INC,1.0,False
77918,0.004699262352857513,1.3545644725932073,0.6537909044309452,0.30289193879998205,0.9447609612294227,11.508188120752544,4.043492343960631,1.840621493351357,0.4542919423244056,0.07408601773510547,0.004974022578941383,0.06713847944595969,227,0.012518393227979246,0.09962177603939112,0.0,0.05639114823429016,0.1729017113579884,0.06342981437684671,0.0,,0.4352962567423574,,True,0.4352962567423574,29365.519823788545,True,LFUS,LITTELFUSE INC,3.0,False
77920,0.0014071690558402883,1.4385741805888532,0.14936565761280696,0.3972290674202542,0.20747836450024132,8.963421618985961,0.6774898577660904,1.7703212671487403,0.2903811811467021,0.10101874278315388,0.006782244786003466,0.06713847944595969,227,0.008777306079654596,0.11912080208990398,0.0,0.01688602867008346,0.41791281591729096,0.013929781910480785,0.0,,0.25524912218221973,,True,0.25524912218221973,26443.471365638765,True,BLX,BANCO LATINOAMERICANO DE CO EX S,1.0,False
77971,-0.0023193030599530495,1.0859002833991513,0.7652912035431227,-0.4906352591644516,-0.3658909444052189,7.239342612013887,3.7140383576624414,-2.3395775303379653,0.31153684193968645,0.09441355242226192,0.006338782348722069,0.06713847944595969,227,0.0023584498424724025,0.11302960200821698,0.0,-0.027831636719436594,0.6426033450450024,-0.02456536165041257,0.0,,0.0722811525775,,True,0.0722811525775,106110.8281938326,True,EFII,ELECTRONICS FOR IMAGING INC,3.0,False
77973,0.00048222856092568016,0.14472284464650523,0.13533337620856345,0.2725192035621371,0.08888467129310895,1.1272650868276508,0.7673691958591652,1.5182929634723499,0.0182705408735907,0.08080803699942085,0.0054253287311539665,0.06713847944595969,227,0.002143300769503242,0.08101339964582278,0.00881057268722467,0.005786742731108162,0.4646266696227272,0.005967581676673278,0.0,,0.09164671140603096,,True,0.09164671140603096,819.114537444934,False,UNAM,UNICO AMERICAN CORP,3.0,False
78015,-0.0006331574615553424,1.1328607791986651,0.24452834441616111,0.588690663057094,-0.1428461042321771,10.800608816577965,1.697115429634996,4.014471188526461,0.3982185679699993,0.06601943869045038,0.004432444727552599,0.06713847944595969,227,0.006228296803995301,0.08453774280273078,0.004405286343612335,-0.007597889538664109,0.5567296455787435,-0.00959047023292744,0.0,,0.255216809710946,,True,0.255216809710946,30901.79295154185,True,MTX,MINERALS TECHNOLOGIES INC,1.0,False
78018,0.007612932087672114,1.434835519325717,0.42309952462163697,0.8508496647179986,0.7187884137526553,5.724878257938432,1.2289017224576195,2.428211271853707,0.16487785140120936,0.1577536391083914,0.010591339456804079,0.06713847944595969,227,0.016843938705849812,0.1714757051474872,0.02643171806167401,0.09135518505206536,0.23651188919233757,0.048258361142726615,0.0,,0.340276281272786,,True,0.340276281272786,11725.687224669604,True,CPSS,CONSUMER PORTFOLIO SVCS INC,3.0,False
78034,0.001556763247509365,0.5327914212537673,-0.16827843488303623,0.5873199116699158,0.32261992278308343,4.6659583775211475,-1.0728094244249997,3.6789837022493255,0.1394606202991454,0.0718720257888096,0.004825378526161478,0.06713847944595969,227,0.0050745558008900545,0.07696135820095024,0.0,0.018681158970112383,0.37364268909255216,0.021660211054629154,0.0,,0.22841043033662126,,True,0.22841043033662126,197722.7753303965,True,PDCO,PATTERSON COMPANIES INC,3.0,False
78038,0.002913632683082928,2.0115132241223104,0.3292679871443716,2.6047759888081874,0.22712813310406046,6.6263450561466595,0.7896072786620321,6.137493388113344,0.27192505090724195,0.1910699402402303,0.012828145255559448,0.06713847944595969,227,0.01933956562957562,0.22243469844583977,0.0,0.03496359219699514,0.4102660954665624,0.01524903749600616,0.0,,0.301186015498332,,True,0.301186015498332,509028.33920704847,True,RDN,RADIAN GROUP INC,1.0,False
78044,-0.0014419813022887482,1.114070296717474,0.8124179629152377,1.7607531320302687,-0.15719215187167798,5.132144189718867,2.7244337434770705,5.801686079413215,0.2349247629725868,0.13663352370981832,0.009173367023220684,0.06713847944595969,227,0.00989584105145899,0.15516844499433802,0.013215859030837005,-0.01730377562746498,0.5623821781979881,-0.010553642057502826,0.0,,0.22092248827238323,,True,0.22092248827238323,31140.145374449337,True,UFI,UNIFI INC,1.0,False
78045,0.004464595931872872,1.0909278801637239,0.3574642680817869,0.4802114841638913,0.9939371852264014,10.263319399787052,2.448132498920252,3.231423267811528,0.381661436569563,0.06690394385637712,0.004491829059455016,0.06713847944595969,227,0.011081384512245412,0.08451557780879829,0.004405286343612335,0.05357515118247447,0.16066535828775333,0.06673143128089777,0.0,,0.4542007873823663,,True,0.4542007873823663,156895.6960352423,True,MGA,MAGNA INTERNATIONAL INC,1.0,False
78054,-0.002838847491409077,0.5385778037035738,0.5408202843522404,-0.0895448323585927,-0.3336000240402659,2.67453007800262,1.955070787594652,-0.3180600078464896,0.06587775762559434,0.12674898424068992,0.008509734073239829,0.06713847944595969,227,0.00026179003839243157,0.13026892910148666,0.004405286343612335,-0.03406616989690892,0.6305025652464264,-0.02239739835719905,0.0,,0.006961501112177696,,True,0.006961501112177696,7391.84140969163,False,QUMU,QUMU CORP,3.0,False
78071,0.0019138313156556366,1.8799386091904267,2.445535363470536,0.6195032837770583,0.1255097212793717,5.209936139261179,4.933704781123366,1.2280098423388768,0.23822297131994674,0.22711969187959052,0.015248470765030586,0.06713847944595969,227,0.01658209519098201,0.258487214225246,0.013215859030837005,0.02296597578786764,0.45011655296837494,0.008426531842383227,0.0,,0.22222400015264857,,True,0.22222400015264857,48659.140969162996,True,BIOL,BIOLASE INC,3.0,False
78077,0.0004747644525321009,1.101117972337634,0.3546200928492343,0.7273993569136236,0.07886774619288575,7.729833001032263,1.8122164917205499,3.6524028673058377,0.27198360904063656,0.08966176070065027,0.006019754277889164,0.06713847944595969,227,0.007835057629516348,0.10438423101760487,0.00881057268722467,0.005697173430385211,0.468604271402207,0.005295060556720226,0.0,,0.26001471222724665,,True,0.26001471222724665,11743.898678414096,True,KAI,KADANT INC,1.0,False
78137,0.0006727987927022732,0.7165458476540719,0.4678913322095585,0.7138221353231035,0.14901770764391528,6.70674327729133,3.1880357133338135,4.778891960628245,0.27491368183260856,0.06724745052049515,0.004514891574563455,0.06713847944595969,227,0.006651296032058769,0.07844751317746983,0.0,0.008073585512427279,0.4408371667122712,0.010004822301735036,0.0,,0.29370931459980865,,True,0.29370931459980865,30890.484581497796,True,CKH,SEACOR HOLDINGS INC,1.0,False
78156,0.01634039358029563,0.5315497168451759,0.3742495007192346,-0.12758283030703976,1.8275533007596863,2.5122708222545653,1.2876394442015802,-0.43130480633186613,0.04802592764255709,0.13317446467769115,0.008941131059489852,0.06713847944595969,227,0.018951674365542744,0.13558342844606672,0.004405286343612335,0.19608472296354756,0.034476488125560124,0.12269914971944998,0.0,,0.4842075947751705,,True,0.4842075947751705,86785.13656387666,True,HMSY,H M S HOLDINGS CORP,3.0,False
78170,0.004054641560369755,1.344609404129579,0.8888882588884816,0.976312587683235,0.42719110265501087,5.986609075343094,2.880994333598054,3.109160533260076,0.2155497115117676,0.14137049142692582,0.009491399832931879,0.06713847944595969,227,0.014256714449736443,0.15855292783198355,0.004405286343612335,0.04865569872443706,0.33482615903305035,0.0286809610651003,0.0,,0.3114840465401195,,True,0.3114840465401195,240972.49779735683,True,SM,S M ENERGY CO,1.0,False
78172,-0.01366419839066165,1.1637273187328327,1.1388869455211403,0.022593350685754347,-1.5435171166788066,5.555121277112492,3.9576137753998566,0.07714227822529865,0.22282591671325203,0.13185639806345112,0.008852638071201291,0.06713847944595969,227,-0.006408645680936973,0.14857312736219844,0.013215859030837005,-0.1639703806879398,0.9379383865301338,-0.10362939221262701,0.0,,-0.1494227135709319,,True,-0.1494227135709319,42789.88546255507,True,BBOX,BLACK BOX CORP DEL,3.0,False
78189,-0.0019284163145478726,1.1870444307675556,-0.1971294538047902,0.18561348223522983,-0.21154424349132056,5.502783340666783,-0.6652385934346028,0.6154523859495691,0.1224965731615344,0.13577758629783498,0.009115900686879213,0.06713847944595969,227,0.003069949363378651,0.14397990589648366,0.00881057268722467,-0.02314099577457447,0.5836720914208406,-0.014202758843553119,0.0,,0.07386181065930833,,True,0.07386181065930833,19851.63436123348,True,PESI,PERMA FIX ENVIRONMENTAL SVCS INC,3.0,False
78213,0.005695910522226544,0.54700392140596,1.305159068165292,-0.5337899227989328,0.5507109680893044,2.2349408402072206,3.8819462349240603,-1.5599671921634792,0.13262949128373314,0.15405220933080896,0.010342831089761197,0.06713847944595969,227,0.009172726731619195,0.16430993248745304,0.013215859030837005,0.06835092626671853,0.29119154666344355,0.03697389701172833,0.0,,0.1933861027460754,,True,0.1933861027460754,18509.12334801762,True,ULBI,ULTRALIFE CORP,3.0,False
78223,0.01594373727316465,-0.1293436394781233,0.45452672182821446,-0.02244283582829139,1.7870838104993425,-0.6126534624849389,1.5672551839852868,-0.07603561273728462,0.011998389969881895,0.13288431061473463,0.008921650556897883,0.06713847944595969,227,0.01630672981572854,0.13279847673455386,0.00881057268722467,0.1913248472779758,0.03764105566153844,0.11998208967941741,0.0,,0.42536759819310577,,True,0.42536759819310577,386368.3964757709,True,AEM,AGNICO EAGLE MINES LTD,1.0,False
78405,0.006107480749688136,1.0566378218893442,-0.031506102599601446,-0.3655990561097224,1.329854757090513,9.722619293847254,-0.21103879112446292,-2.4061998562324343,0.3294353353054853,0.06840477118455753,0.0045925923241799905,0.06713847944595969,227,0.009341082325303568,0.08297825053050867,0.0,0.07328976899625764,0.09246237056776498,0.08928442627503312,0.0,,0.3899631308606773,,True,0.3899631308606773,64163.87224669603,True,RCI,ROGERS COMMUNICATIONS INC,1.0,False
78418,0.010385736112884795,1.152088258493709,1.5406895874117044,0.22206618642862072,1.0247342246161368,4.803687338101514,4.676431834219139,0.6622788994418394,0.21619424044506774,0.15095744658817759,0.010135053424974918,0.06713847944595969,227,0.01901244538624027,0.16937469569834473,0.00881057268722467,0.12462883335461754,0.15329945448641558,0.06879909767696193,0.0,,0.3888481836005265,,True,0.3888481836005265,74889.07488986784,True,STKL,SUNOPTA INC,3.0,False
78451,-0.0004931383064941469,1.1041323447694156,0.5783100575877458,0.9404290387989648,-0.08213618557897256,7.77144803556125,2.96313910062437,4.734524280007985,0.3098867991712193,0.08942577405761123,0.0060039104935059665,0.06713847944595969,227,0.007961478087988395,0.10693029194201117,0.0,-0.005917659677929762,0.5326939534107722,-0.00551449860726338,0.0,,0.2579191415510291,,True,0.2579191415510291,6439.837004405286,False,OPY,OPPENHEIMER HOLDINGS INC,1.0,False
78527,0.0011823286049905757,1.4166791079624794,0.49806941950974865,-0.5303159465405588,0.1853954845921601,9.38744637152557,2.402571584896381,-2.5135074009752443,0.36457946537461716,0.09498773749325148,0.0063773322613088785,0.06713847944595969,227,0.006543212780499074,0.1183682242734204,0.004405286343612335,0.014187943259886909,0.4265436819746149,0.012447170931664475,0.0,,0.1914901917321959,,True,0.1914901917321959,37704.740088105726,True,ORBK,ORBOTECH LTD,3.0,False
78569,-0.0005281645219566248,0.835355260777571,0.8121525166545354,-0.08733641829526592,-0.041811702430763424,2.794569158411201,1.9778425837585212,-0.20898183068596957,0.06890456926234478,0.18814811571335574,0.01263197839961718,0.06713847944595969,227,0.004372301595378261,0.19368722970246058,0.03524229074889868,-0.006337974263479497,0.5166568911842918,-0.002807174124248393,0.0,,0.07819873845935234,,True,0.07819873845935234,25574.466960352423,True,RADA,RADA ELECTRONIC INDUSTRIES LTD,3.0,False
78629,0.006537200690577697,0.7103049238339789,0.5861464792177904,-0.0768749478049435,0.7894199428494448,3.62473386278752,2.1774487379881813,-0.28059868792810144,0.10005159374017991,0.12334235128779752,0.008281017916752132,0.06713847944595969,227,0.010476197056153725,0.12915214665078162,0.013215859030837005,0.07844640828693236,0.2153525702276495,0.05300045460722812,0.0,,0.28099115720353285,,True,0.28099115720353285,2162.0308370044054,False,TATT,TAT TECHNOLOGIES LTD,3.0,False
78664,0.009383115550412106,1.4256738979613883,1.3165831142498952,0.3328486928761257,0.8511390942192891,5.4649815081437705,3.67389938354427,0.9126092289580485,0.20608010728300308,0.16420070771682413,0.01102418584005803,0.06713847944595969,227,0.01897939016091596,0.18305639046607272,0.004405286343612335,0.11259738660494527,0.19780255722586795,0.05714418458289449,0.0,,0.35916001590200647,,True,0.35916001590200647,248684.63436123347,True,DDD,3 D SYSTEMS CORP DEL,1.0,False
78688,-0.0166234360781401,1.2132646355503252,1.0786191339853464,-0.3067569197789526,-1.7163572705650303,5.293677250366272,3.4259460493008858,-0.9573390867190312,0.20573059480918476,0.14425856328263809,0.009685300585855072,0.06713847944595969,227,-0.010234086750840936,0.1607888383221637,0.004405286343612335,-0.19948123293768122,0.9562573351967882,-0.11523361733175376,0.0,,-0.22048742196902335,,True,-0.22048742196902335,114856.3744493392,True,NVLN,NOVELION THERAPEUTICS INC,3.0,False
78693,0.006902584728177123,0.537698751993948,0.5638034391463624,0.9217089976980929,1.1762236577900347,3.871972076407776,2.955502886695351,4.747407564056005,0.17363293741800112,0.08740782926636563,0.005868428748615843,0.06713847944595969,227,0.012942883534393823,0.09551290351401757,0.0,0.08283101673812547,0.12037980793358043,0.07896986787238777,0.0,,0.4694178703242268,,True,0.4694178703242268,14493.568281938326,True,UFCS,UNITED FIRE GROUP INC,3.0,False
78705,0.0008768408342052811,0.7191043241642942,1.8586496725366595,-0.03292893413734226,0.07994206484439327,2.7705214660363695,5.212878920236809,-0.09074376508015619,0.1776656420422107,0.16337059993693157,0.010968453665939782,0.06713847944595969,227,0.007663543277440911,0.17895667330145518,0.004405286343612335,0.010522090010463373,0.46817751404075314,0.005367188677422873,0.0,,0.14834480410988546,,True,0.14834480410988546,5268.497797356828,False,BNSO,BONSO ELECTRONICS INTL INC,3.0,False
78749,0.011766133330934053,0.4348432782839554,0.41060724614122945,-0.09976028141833176,1.8455029456678382,2.8822308523072815,1.98122176222183,-0.4729586461773309,0.07369683292403817,0.09496149027001305,0.006375570062650972,0.06713847944595969,227,0.014135976300194798,0.09800972238563266,0.013215859030837005,0.14119359997120862,0.033145069727518135,0.12390426158517821,0.0,,0.49962857909525266,,True,0.49962857909525266,932.4933920704846,False,UG,UNITED GUARDIAN INC,3.0,False
78756,0.005249456943528708,0.6570403438788128,0.21541421346836984,0.1309802876952654,0.8413597348084049,4.450147514639317,1.062104392064464,0.6345382585925583,0.1011930642513984,0.09293111605144633,0.006239253824910124,0.06713847944595969,227,0.00878188079256445,0.09737022134225158,0.0,0.0629934833223445,0.20052387119155604,0.05648761326209219,0.0,,0.3124294781105637,,True,0.3124294781105637,22768.321585903082,True,OFIX,ORTHOFIX MEDICAL INC,3.0,False
78759,-0.0009958011084279079,1.258302634966878,0.7709445827366302,-0.33914989805427753,-0.09413076086176392,5.026423694191517,2.241855559481605,-0.9690254447310249,0.15990340850593288,0.15756854877352966,0.010578912773161319,0.06713847944595969,227,0.004836722884371743,0.17076668026760078,0.01762114537444934,-0.011949613301134894,0.5374550966025333,-0.006319796153350084,0.0,,0.09811574207257555,,True,0.09811574207257555,10760.643171806167,True,SPNS,SAPIENS INTERNATIONAL CORP N V,3.0,False
78763,0.010095690936048578,1.058860211481196,0.19317278091132442,0.740469837591677,0.807210819660386,3.577705437076206,0.47514084170220455,1.789545835876924,0.07146123065964893,0.18628486495081872,0.012506882576593919,0.06713847944595969,227,0.01697881888883637,0.19203295392527617,0.00881057268722467,0.12114829123258294,0.21020257738708603,0.0541949070243251,0.0,,0.30628260792590883,,True,0.30628260792590883,107267.64757709252,True,PRMW,PRIMO WATER CORP,1.0,False
78829,0.0025648290232468786,0.5693376174146321,0.4902331321654634,0.7675088975487702,0.715614438987337,6.712828918714921,4.207739432358062,6.472746826761037,0.3294946122039685,0.05338359580412063,0.003584093449646373,0.06713847944595969,227,0.008138597491922858,0.06475971063863155,0.004405286343612335,0.030777948278962543,0.23748903450907707,0.0480452653031833,0.0,,0.4353467370175049,,True,0.4353467370175049,31628.74449339207,True,UMBF,U M B FINANCIAL CORP,3.0,False
78840,0.008797448153599003,1.001472421248293,0.06420591910975391,-0.2687497209614796,1.6411573933374546,7.894916402880478,0.36846317321798583,-1.5153957531499964,0.24738746834415903,0.07984265708029456,0.005360514591296163,0.06713847944595969,227,0.0122833619603231,0.09142131642173718,0.0,0.10556937784318804,0.05108717145377826,0.11018481192017146,0.0,,0.4654364613367089,,True,0.4654364613367089,552185.0704845815,True,IAC,IAC INTERACTIVECORP NEW,3.0,False
78875,0.007103463123085176,1.2200161686221782,1.3663339225652755,-1.0447221350443274,0.7353638597065126,5.337191213916613,4.351254705923816,-3.269019225162661,0.28180700815817605,0.14387864758637306,0.009659793623690186,0.06713847944595969,227,0.01201536284647113,0.16864519714710932,0.0,0.08524155747702211,0.23144530655599502,0.04937121138020729,0.0,,0.24680476258460848,,True,0.24680476258460848,433291.12775330397,True,CREE,CREE INC,3.0,False
78876,0.010315210875980701,0.6906017259885623,1.2785727413538703,0.792721364701521,1.029154929492075,2.91169131724121,3.9242222167765797,2.3906045248737797,0.13078168876399865,0.14928832697513375,0.010022991272141726,0.06713847944595969,227,0.018123838342473244,0.15905950612747982,0.0,0.12378253051176841,0.1522609144186897,0.06909589708041176,0.0,,0.39471276632997476,,True,0.39471276632997476,36760.91189427313,True,CRY,CRYOLIFE INC,1.0,False
78877,0.0010152315481208227,0.9829979070550798,1.0104089801956087,1.0563896533602224,0.10537292478266475,4.311531338096105,3.226165409048437,3.3141533129386636,0.1652627691996148,0.14350418584108418,0.00963465283150081,0.06713847944595969,227,0.01021546231804691,0.1560227358326981,0.0,0.012182778577449873,0.45808730970398254,0.007074577944681594,0.0,,0.22680924883454673,,True,0.22680924883454673,3042965.074889868,True,CHK,CHESAPEAKE ENERGY CORP,1.0,False
78900,0.013400000517522957,0.3089245464877879,0.8515973934131322,0.2691535663594431,2.4542396991318336,2.39100015158042,4.798129754982196,1.490036224527657,0.14315715518838124,0.08132355161400177,0.0054599395985090995,0.06713847944595969,227,0.017238635055474034,0.08726979622580759,0.00881057268722467,0.1608000062102755,0.007442192590803928,0.1647739215956209,0.0,,0.6842732093005446,,True,0.6842732093005446,2682.123348017621,False,NATH,NATHANS FAMOUS INC NEW,3.0,False
78903,0.0010873766300550799,0.7919356398313375,0.6631656000387068,1.321044725376909,0.2083716819740406,6.41303506816747,3.9093647785562733,7.65174961146414,0.34266049703417734,0.07772662249141221,0.005218447246543547,0.06713847944595969,227,0.009526350207160642,0.09522985922391221,0.0,0.013048519560660958,0.4175644786545887,0.013989757887334175,0.0,,0.3465325414521531,,True,0.3465325414521531,5979.52422907489,False,PEBO,PEOPLES BANCORP INC,3.0,False
78908,0.009828888180225676,0.8170458578145903,0.6809767873756946,0.22439474951452215,1.0771306111386458,3.7837761096365146,2.295735159066691,0.7432949655506492,0.10396917524326954,0.13591410349827424,0.009125066244134922,0.06713847944595969,227,0.015269527427333583,0.14262684046903762,0.00881057268722467,0.1179466581627081,0.14129288061572645,0.07231691139654596,0.0,,0.3708642388029295,,True,0.3708642388029295,7098.22026431718,False,RCKY,ROCKY BRANDS INC,3.0,False
78915,0.0014588296826689058,1.1805605388588842,0.41314338953996504,-0.0958301997756932,0.21537050448173317,7.365206380170537,1.8763244831007841,-0.42763038277800614,0.24320609058407294,0.10088970794171423,0.006773581582953657,0.06713847944595969,227,0.006912900014390395,0.11520100362373609,0.0,0.01750595619202687,0.41483765537024375,0.014459648188412812,0.0,,0.2078713496572483,,True,0.2078713496572483,17710.1718061674,True,UEIC,UNIVERSAL ELECTRONICS INC,3.0,False
78916,0.005983546575858672,0.5837587070492817,0.0632564380370654,-0.2338802011531253,1.1004213632763251,4.536790581016416,0.35787435103898657,-1.3001046815718136,0.10475236662709275,0.08098939630351897,0.005437504919064491,0.06713847944595969,227,0.007848941665712754,0.08502659408854979,0.0,0.07180255891030406,0.13616750633758762,0.07388061708022249,0.0,,0.31977679210578985,,True,0.31977679210578985,351790.0308370044,True,AGN,ALLERGAN PLC,1.0,False
78950,0.005646473194525182,0.7915386516825779,0.7456633895532113,0.5447606097629165,1.124543473182704,6.661716235939564,4.56843344574623,3.2793608087105635,0.28775064275701867,0.07478758688070945,0.005021124864603436,0.06713847944595969,227,0.012035775252234777,0.08802614833651538,0.004405286343612335,0.06775767833430218,0.13099576095884494,0.07550013886036509,0.0,,0.47364503932754914,,True,0.47364503932754914,6374.797356828194,False,ALG,ALAMO GROUP INC,1.0,False
78963,0.0059871313907249556,1.5040796291649168,0.4040986253089695,0.9657290151115671,0.6733816076048881,7.148720452733365,1.3981550550408481,3.2830860610877477,0.23657571381719,0.13242989595370322,0.008891141847518283,0.06713847944595969,227,0.015791730170985844,0.150557107999479,0.0,0.07184557668869947,0.2507009161172687,0.045209817221468065,0.0,,0.3633449042560048,,True,0.3633449042560048,517613.7356828194,True,CHS,CHICOS FAS INC,1.0,False
78971,-0.015333722085222688,1.4104525070608749,0.6020657059474953,-0.4111421297939463,-1.508725694410662,5.864570213920064,1.8223512641242328,-1.2227543220996635,0.1858459322978575,0.15137905851855057,0.010163359808896436,0.06713847944595969,227,-0.00943781867168619,0.1666520703292481,0.004405286343612335,-0.18400466502267226,0.9336078164562343,-0.10129354902378147,0.0,,-0.19617855835438452,,True,-0.19617855835438452,27819.69603524229,True,GILT,GILAT SATELLITE NETWORKS LTD,3.0,False
78975,0.009357579037448598,1.0125902962951885,-0.1426568727182415,-0.555549823411487,1.6680676780360657,7.627793872464667,-0.7822910572044236,-2.993351401186937,0.2416261105476748,0.08355613361990374,0.005609831759623769,0.06713847944595969,227,0.011631647917221082,0.09530920822563974,0.0,0.11229094844938317,0.04835290481198645,0.11199152751629411,0.0,,0.42276303713873176,,True,0.42276303713873176,561932.2158590308,True,INTU,INTUIT INC,3.0,False
78981,0.009638773836433476,0.5919740164821649,0.6022720467365604,0.24314395312608514,2.269395674100557,5.889875317634207,4.362210737367078,1.7303598607741557,0.24422145924342287,0.06326158463715156,0.004247286599880239,0.06713847944595969,227,0.01404110341759586,0.07228380406183685,0.004405286343612335,0.11566528603720172,0.012100260275134127,0.15236377482035005,0.0,,0.6729005156618489,,True,0.6729005156618489,82138.4537444934,True,LSTR,LANDSTAR SYSTEM INC,3.0,True
78985,0.008613349549540655,0.3901934446296686,0.9741693229658083,0.08817260114727578,0.7302308751946197,1.3979225555943704,2.540668901956074,0.22594685391908334,0.04816908938695852,0.1756873044451888,0.01179537847840937,0.06713847944595969,227,0.012526925397353889,0.17887872443707908,0.013215859030837005,0.10336019459448786,0.23300775069695637,0.04902659060505913,0.0,,0.24259197195331003,,True,0.24259197195331003,24435.550660792953,True,MAGS,MAGAL SECURITY SYSTEMS LTD,3.0,False
78987,0.006465729064262752,1.0875698187317493,0.8504569866089995,-0.2974172920993719,1.1687373426422858,8.307523707702346,4.729086683942134,-1.6249880057850756,0.3716849049946144,0.0824003545987677,0.005532234513569155,0.06713847944595969,227,0.011883195507478215,0.10326152766913883,0.0,0.07758874877115303,0.12187866050476319,0.07846724805671465,0.0,,0.39864408051708117,,True,0.39864408051708117,551926.973568282,True,MCHP,MICROCHIP TECHNOLOGY INC,3.0,False
78990,0.004186408613713141,0.7606712150664601,1.4722659310698383,1.1839085111764989,0.3406714599663173,2.6158096810098574,3.6855805044356322,2.912036441310718,0.12128521457126995,0.18303509226246056,0.012288697779752543,0.06713847944595969,227,0.013811876185374413,0.19395840650527282,0.00881057268722467,0.05023690336455769,0.36683582383412877,0.022872163812773672,0.0,,0.24668042733449394,,True,0.24668042733449394,14213.885462555067,True,DEST,DESTINATION MATERNITY CORP,3.0,False
79007,0.006212127964382558,1.1274606063333776,1.2241417870891709,1.1933469204456044,0.7635564678458736,5.8562170902875765,4.628688911621325,4.433554077473497,0.2731845515844318,0.12117910256441988,0.008135780686801144,0.06713847944595969,227,0.016849774983299225,0.14119322854465285,0.00881057268722467,0.0745455355725907,0.22296932982004086,0.05126402022229976,0.0,,0.41340036867203633,,True,0.41340036867203633,20619.62114537445,True,SCVL,SHOE CARNIVAL INC IN,3.0,False
79013,0.004600313110883574,0.30405830953176205,0.6035827940039498,0.8316202424249474,1.2111779065671036,3.382925618055163,4.888581977317636,6.618051255024341,0.2529224029556696,0.056572836039313276,0.0037982141896250815,0.06713847944595969,227,0.009505568615622705,0.06501645800801384,0.013215859030837005,0.055203757330602884,0.11355459460381623,0.08131664298545596,0.0,,0.5064603117894036,,True,0.5064603117894036,5684.444933920705,False,SYBT,STOCK YARDS BANCORP INC,3.0,False
79019,0.0047191347195180726,0.22448266262799774,0.028148172307706068,0.4705586570408518,1.0070365097724496,2.024327008968616,0.18478152393780178,3.0351568162466873,0.056613786764753926,0.06979843070617946,0.004686160505327071,0.06713847944595969,227,0.007048988089825522,0.07138370870873341,0.00881057268722467,0.05662961663421687,0.15750433827789834,0.06761090001268859,0.0,,0.34207260268145645,,True,0.34207260268145645,581.6343612334801,False,UBCP,UNITED BANCORP INC OH,3.0,False
79022,-0.01605867931338626,1.5570360460023571,1.2951701462341727,-0.692288575405747,-1.5231035249890439,6.240699752712825,3.778956791653222,-1.984683635315536,0.2691792166020631,0.15703949901913317,0.01054339317709988,0.06713847944595969,227,-0.00890173146968961,0.18247428404096092,0.022026431718061675,-0.19270415176063513,0.9354251933836586,-0.10225885470654568,0.0,,-0.16899094863554762,,True,-0.16899094863554762,79548.64317180616,True,BBI,BRICKELL BIOTECH INC,3.0,False
79026,0.007237599585453144,0.8346239302438058,0.23898151497484493,0.7244339074782651,1.5828959335625368,7.713716400102558,1.6078577526626177,4.788958866043904,0.28706691636572257,0.06810369696129455,0.004572378658629741,0.06713847944595969,227,0.01324907545754782,0.08012065952096717,0.0,0.08685119502543773,0.057431178886113786,0.10627322610058156,0.0,,0.572837816937373,,True,0.572837816937373,9838.93832599119,True,CHDN,CHURCHILL DOWNS INC,3.0,False
79033,-0.003129222197356487,1.294870428197183,1.1875059704790536,1.673507024730579,-0.29202152602959197,5.106458428858659,3.409100220935265,4.720527476738653,0.22158830443044608,0.15960630189206187,0.010715724419025834,0.06713847944595969,227,0.009494253489766746,0.17969813537437687,0.01762114537444934,-0.03755066636827785,0.6147291728801467,-0.019605881223115545,0.0,,0.18302392943537404,,True,0.18302392943537404,4238.788546255507,False,SGA,SAGA COMMUNICATIONS INC,3.0,False
79037,-0.005722727319903831,1.2919105406630682,0.714564529077294,1.2897879103785737,-1.0630640479160285,10.141538501979014,4.083413264492363,7.242011433587605,0.4527529997013583,0.08018112047032397,0.005383238508650864,0.06713847944595969,227,0.004791978023338914,0.10766601475714907,0.004405286343612335,-0.06867272783884598,0.8555486353225918,-0.07137250373074898,0.0,,0.1541795602613843,,True,0.1541795602613843,71706.25110132158,True,ETH,ETHAN ALLEN INTERIORS INC,1.0,False
79039,-0.008401975139582612,0.9190404332116322,0.40257280280759156,1.3596824136184473,-0.6881475821098272,3.1808987014244003,1.0143086531859034,3.366062710686369,0.092738599567881,0.18185627990042877,0.012209554110213629,0.06713847944595969,227,0.00012046635260859938,0.18965325361173305,0.004405286343612335,-0.10082370167499134,0.7539624767938375,-0.046201182297267496,0.0,,0.0022003718823381487,,True,0.0022003718823381487,26892.449339207047,True,USEG,U S ENERGY CORP,3.0,False
79057,0.007197700802082269,0.7439181464753003,-0.19247482225166,0.4991338923250094,1.97020690115323,8.605145599792507,-1.620755397722018,4.129710738756007,0.29135399876076473,0.05441397498510342,0.0036532715411103306,0.06713847944595969,227,0.0112804905865345,0.06420871731230107,0.004405286343612335,0.08637240962498723,0.025026063278225746,0.13227669553736407,0.0,,0.6085897257579087,,True,0.6085897257579087,384561.95594713656,True,CB,CHUBB LTD,1.0,False
79065,0.006940678890827706,0.21563246398221994,-0.2387647635309885,0.38734432151190906,0.5286975503291514,0.6941199318562707,-0.5595012791623679,0.8918402437122549,0.007505255856744442,0.19553439099198316,0.013127881690593507,0.06713847944595969,227,0.008432580814956962,0.19496527076379808,0.022026431718061675,0.08328814668993248,0.298770539330584,0.03549594961590297,0.0,,0.14982830894155394,,True,0.14982830894155394,4768.57268722467,False,RELV,RELIV INTERNATIONAL INC,3.0,False
79066,0.01493547492476979,1.258975169520594,0.9794876211595571,0.2804284315503149,0.7463698881957048,2.6586873031912774,1.5057730764124873,0.42358604315517306,0.05215357245105434,0.29805295104511653,0.020010821927550184,0.06713847944595969,227,0.022984487820881104,0.3041043618152373,0.01762114537444934,0.17922569909723746,0.22811505622292452,0.05011013939771056,0.0,,0.261819991361396,,True,0.261819991361396,14853.832599118943,True,GBR,NEW CONCEPT ENERGY INC,2.0,False
79072,0.005659728745067659,0.43575230725118513,0.5396345116646132,0.8706189962137498,1.5901367945961906,5.173608830837066,4.664059580014938,7.393524817325775,0.3146674197854229,0.05301388468855185,0.0035592716075128154,0.06713847944595969,227,0.01108339668687104,0.06361172193924694,0.004405286343612335,0.0679167449408119,0.05661031312229173,0.10675936650026056,0.0,,0.6035681977115951,,True,0.6035681977115951,4659.616740088106,False,BANF,BANCFIRST CORP,3.0,False
79089,0.0036892100057270066,1.0779215095133754,0.837060237916779,0.48537845067452234,0.4254575516780486,5.25321312996189,2.969648684486764,1.6919513689242045,0.17767464427085367,0.12915333949859698,0.008671158829303607,0.06713847944595969,227,0.01127950772739143,0.14147575207833082,0.0,0.044270520068724076,0.335456726976132,0.028564573088465,0.0,,0.27618415426257426,,True,0.27618415426257426,184212.23348017622,True,FOSL,FOSSIL GROUP INC,3.0,False
79094,0.0013950450924746039,1.8700912974061112,0.4477959887879064,-0.5717248199571083,0.19299515765042066,10.932915718082599,1.9057409625839414,-2.3907256412412723,0.4134326495408188,0.10766395565812455,0.00722839427402371,0.06713847944595969,227,0.008396470307179377,0.139639923186606,0.004405286343612335,0.016740541109695247,0.4235692084904985,0.012957401425082516,0.0,,0.2082944883440481,,True,0.2082944883440481,533872.396475771,True,JBL,JABIL INC,1.0,False
79103,0.01619179093894852,0.6031836014300557,0.19185108095902084,0.1186818474331605,3.0888157394732523,4.862522948436062,1.1258664236574287,0.6843305656330083,0.11786604255583766,0.07807848628733241,0.005242070846773712,0.06713847944595969,227,0.01941772998901425,0.08257761335057795,0.0,0.19430149126738225,0.0011324163202915077,0.2073783920369817,0.0,,0.8145668915337124,,True,0.8145668915337124,188407.98678414096,True,ORLY,O REILLY AUTOMOTIVE INC NEW,3.0,True
79108,-0.00695930744270967,2.6434411412195336,0.6769423625093939,0.6717004008607458,-0.7353539529253881,11.803616138075599,2.2004302382997474,2.1453123964470286,0.4325284352540315,0.1409607138415599,0.009463887988939374,0.06713847944595969,227,0.00726641653979414,0.18587639893017974,0.0,-0.08351168931251604,0.7685516835651665,-0.049370546253986375,0.0,,0.13542120149002734,,True,0.13542120149002734,786437.524229075,True,SANM,SANMINA CORP,3.0,False
79116,0.0038153759936711035,0.5614993636114483,0.6276180583388914,1.0374253807402902,0.8082009837613797,5.026275905296458,4.089808432703692,6.642375562139952,0.2790404227248562,0.07031475484961182,0.004720825723218357,0.06713847944595969,227,0.010419512248717684,0.08226009774021276,0.01762114537444934,0.045784511924053244,0.20991810612091608,0.0542613851364678,0.0,,0.43878198788093475,,True,0.43878198788093475,8663.66960352423,False,TCBK,TRICO BANCSHARES,3.0,False
79131,0.0014601100510393129,0.7350358292584558,0.47832772099666243,0.7793420934018604,0.27738084453825346,5.900847744029962,2.7953869244676506,4.475108152562283,0.23171958604476595,0.07840389228093593,0.005263918110386854,0.06713847944595969,227,0.007724249966385461,0.08885378945571645,0.00881057268722467,0.017521320612471754,0.39087232755732604,0.01862292812973447,0.0,,0.30114176275643534,,True,0.30114176275643534,3141.215859030837,False,MSL,MIDSOUTH BANCORP INC,1.0,False
79133,0.007518491235911199,0.7111478342009954,0.02189626834065757,0.2425800998859447,2.160863529510539,8.637171791369484,0.19359415980936265,2.1073483848057224,0.27243898776252273,0.05182411054565511,0.0034793919806746084,0.06713847944595969,227,0.01118452162641686,0.06035251320689658,0.00881057268722467,0.09022189483093439,0.015885729621356766,0.1450770916615672,0.0,,0.6419669599804904,,True,0.6419669599804904,45417.10572687224,True,ATR,APTARGROUP INC,1.0,True
79145,0.0009296929781246967,2.062195715149487,0.3230475899357236,1.2581197658412688,0.12781889004445304,11.981202139607118,1.3663045028916154,5.228318098945002,0.4513791155715554,0.1083360527168307,0.007273517848585343,0.06713847944595969,227,0.0136961100838007,0.1452897751879299,0.0,0.011156315737496359,0.44920374505712163,0.008581565922054894,0.0,,0.32655234686012513,,True,0.32655234686012513,436223.4889867841,True,RCL,ROYAL CARIBBEAN CRUISES LTD,1.0,False
79150,0.015713427589196534,1.6405244014524596,0.17230327706138246,-0.8253632620192775,1.5055338961935156,6.642282278456201,0.5078537338907888,-2.390282707333294,0.20814103772074044,0.1554565014260327,0.0104371131257325,0.06713847944595969,227,0.020462992075788125,0.17353344293204315,0.0,0.1885611310703584,0.0668009886623246,0.10107925654478396,0.0,,0.4084854348682985,,True,0.4084854348682985,20949.66079295154,True,ANIK,ANIKA THERAPEUTICS INC,3.0,False
79166,0.003808766163481929,0.3720288179096253,0.7734473812240317,0.504053035316411,0.9539948680950444,3.9377970983378825,5.959612256979457,3.81612409439873,0.2448830681000561,0.059465732197598535,0.003992438838887412,0.06713847944595969,227,0.00841446137430592,0.06797635579406945,0.004405286343612335,0.045705193961783144,0.17055959589142608,0.06404976484315016,0.0,,0.4288042348953109,,True,0.4288042348953109,3819.5859030837005,False,GABC,GERMAN AMERICAN BANCORP INC,3.0,False
79198,0.0031095427981596693,1.6174923421587102,0.34979837669604663,1.0666366112057977,0.2752607499073953,6.05069145650231,0.9525571538365493,2.8539657883306364,0.17960147358947642,0.16825994738469696,0.011296717019065735,0.06713847944595969,227,0.013554931438443394,0.1845298058949515,0.00881057268722467,0.03731451357791603,0.3916853957640821,0.018480588199937108,0.0,,0.25446111353807005,,True,0.25446111353807005,90071.88105726872,True,TWI,TITAN INTERNATIONAL INC ILL,1.0,False
79210,0.00523626370455805,0.8440159720865462,-0.4960609908131157,1.009802332158048,1.358505860156291,9.25349288842243,-3.9591375063568224,7.918827850508312,0.4220442476239168,0.057410125037488255,0.0038544284998193808,0.06713847944595969,227,0.010551897402673257,0.07501349655074235,0.0,0.0628351644546966,0.08783793103079673,0.09120801776931892,0.0,,0.4872835758381479,,True,0.4872835758381479,68643.95154185023,True,RGA,REINSURANCE GROUP OF AMERICA INC,1.0,False
79237,-0.006465894578419268,1.2898516145107115,0.2801833740143632,0.2718570992883347,-0.8981167612703105,7.571099571011484,1.1972147147987056,1.141377710310341,0.23432723648999854,0.10723197793961813,0.007199391946848654,0.06713847944595969,227,0.00020966504817960505,0.12173092705084462,0.0,-0.07759073494103122,0.8149540207934092,-0.06029819371661862,0.0,,0.005966446240350599,,True,0.005966446240350599,1486905.013215859,True,RIG,TRANSOCEAN LTD,1.0,False
79244,0.0020643831464306093,2.117501995535912,0.740119603242641,1.5627568784646968,0.1952618459561533,8.463810638188814,2.1535477036563733,4.4678957519111275,0.31871732528691143,0.15747130007965018,0.010572383643726145,0.06713847944595969,227,0.01681061259564358,0.18951166733462482,0.004405286343612335,0.024772597757167312,0.42268287834963797,0.013109583431307347,0.0,,0.30728277083436534,,True,0.30728277083436534,293352.8942731278,True,USG,U S G CORP,1.0,False
79248,0.017682849032225525,1.4612205605273205,2.4134804989440872,-0.47128839501227554,1.3143221402182637,4.589658614099881,5.518472489344096,-1.0588168811330652,0.25793767263411727,0.2003913237844445,0.01345396877305058,0.06713847944595969,227,0.02743854536432045,0.2310771136125532,0.004405286343612335,0.21219418838670628,0.09504403597751049,0.08824158999641364,0.0,,0.4113341551986975,,True,0.4113341551986975,41894.740088105726,True,THRM,GENTHERM INC,3.0,False
79249,0.014067379617777556,0.5070437284753324,0.7731562502622582,0.6003996178286779,1.6254293645009683,2.4757987166790025,2.748195778912646,2.096910176692367,0.08276300799710434,0.1289061402827502,0.00865456224983142,0.06713847944595969,227,0.0195036627226938,0.13369988575304226,0.004405286343612335,0.16880855541333067,0.05274175176043621,0.1091288559794076,0.0,,0.5053307948488525,,True,0.5053307948488525,9959.277533039647,True,BBSI,BARRETT BUSINESS SERVICES INC,3.0,False
79265,0.016241159355546438,0.5366022443999948,0.38698917806918204,0.3053260467954508,1.892109182697644,2.641780163121711,1.3869266374967728,1.0751710123320046,0.0507837045984153,0.12784958806988164,0.00858362694080416,0.06713847944595969,227,0.02013933801740258,0.1303511756312961,0.004405286343612335,0.19489391226655725,0.029885999375762688,0.12703333347205734,0.0,,0.5352058622871338,,True,0.5352058622871338,199815.08370044053,True,FLIR,FLIR SYSTEMS INC,3.0,False
79299,0.007910051572796659,0.5036374770998294,0.05329735115834999,0.20869378605345473,1.4399155463209907,3.874277902231586,0.2984618552041121,1.1482904419084112,0.07310506068290223,0.08182213233276743,0.005493413549848099,0.06713847944595969,227,0.010691728485718777,0.08442163321538078,0.004405286343612335,0.0949206188735599,0.07564682589022372,0.09667374031058965,0.0,,0.43871733470852753,,True,0.43871733470852753,69822.30396475771,True,PZZA,PAPA JOHNS INTL INC,3.0,False
79303,-0.002664951521487029,1.2063678767055799,0.6245211728337309,0.7660244290892761,-0.3919152076123051,7.497174012678876,2.825370930645337,3.4051006132948642,0.27824158591240244,0.10128046722047739,0.006799816566759214,0.06713847944595969,227,0.005808515840603381,0.11842079718677385,0.013215859030837005,-0.031979418257844346,0.6522524293401282,-0.026312591110837766,0.0,,0.16991347451623728,,True,0.16991347451623728,49002.54625550661,True,ESND,ESSENDANT INC,3.0,False
79307,0.004622818470918022,1.1982522325657692,1.2682682219013524,0.7346078249141262,0.3999691348809687,4.3810974130135145,3.3756409968338223,1.921143099299815,0.15767598836809127,0.1721507266102147,0.011557938020126925,0.06713847944595969,227,0.014331644041455701,0.18632343475026886,0.01762114537444934,0.05547382165101627,0.3447810522785197,0.026853319541224198,0.0,,0.26645210431059013,,True,0.26645210431059013,7804.079295154185,False,SHLO,SHILOH INDUSTRIES INC,3.0,False
79315,-0.00788441523599077,0.7848663081767387,0.7793215036294141,0.5633883508310952,-0.9709763784898169,4.084603328622092,2.952441757740004,2.0971599985878218,0.13652188885271843,0.1209453909511947,0.008120089644460345,0.06713847944595969,227,-0.0013982000759276117,0.12928908688632915,0.013215859030837005,-0.09461298283188925,0.8336939888653541,-0.06518987762975095,0.0,,-0.037462613882987494,,True,-0.037462613882987494,12036.488986784141,True,APEX,APEX GLOBAL BRANDS INC,3.0,False
79322,0.005587464189738374,0.5147975511765952,0.6423749736785286,-0.40294943678818046,0.6857961180121386,2.670126064635179,2.425461502217055,-1.4949110396704182,0.09393681537451648,0.12135236069853772,0.00814741297447746,0.06713847944595969,227,0.007907478547241144,0.12663892023676487,0.022026431718061675,0.06704957027686048,0.24677701327788534,0.04604330857327691,0.0,,0.21630245390557948,,True,0.21630245390557948,1579.1541850220265,False,NSYS,NORTECH SYSTEMS INC,3.0,False
79323,0.0034909069182386416,0.9832355411572635,-0.41470978329412606,1.0117676912238083,0.8982566821603242,10.691404979994491,-3.2827058692560125,7.869144512967689,0.45177994651354303,0.057885036460993904,0.0038863133306650667,0.06713847944595969,227,0.009556565671162287,0.07765815427084892,0.0,0.0418908830188637,0.1850087694799161,0.06030758779241687,0.0,,0.4262902574426768,,True,0.4262902574426768,676446.475770925,True,ALL,ALLSTATE CORP,1.0,False
79338,0.008417387586843563,1.541802681633101,1.0421593592579415,0.3528217557655622,0.9104789517410454,7.047521443958067,3.4677854609085417,1.153539494444549,0.2637238090752855,0.13770062571954764,0.009245010629567636,0.06713847944595969,227,0.01796935882043798,0.15940933396555082,0.004405286343612335,0.10100865104212275,0.18177652742382244,0.06112817238744509,0.0,,0.39048958655282445,,True,0.39048958655282445,182586.22026431718,True,SGMS,SCIENTIFIC GAMES CORP,3.0,False
79382,0.004191703222310842,1.0387083748942465,0.4713927445816733,1.0189437900516403,0.7382389740788963,7.730633781940016,2.5539644029135853,5.424268713808036,0.3134699372024572,0.08457111492720935,0.00567797606126234,0.06713847944595969,227,0.012376283923548212,0.10138891797024238,0.01762114537444934,0.05030043866773011,0.23057271818051067,0.049564242187402345,0.0,,0.4228539566972192,,True,0.4228539566972192,4167.616740088106,False,PFC,PREMIER FINANCIAL CORP,3.0,False
79444,-0.013360747733300248,1.6838158289065959,0.47431090171540646,1.2933156142480855,-1.072282672256992,5.710684087879798,1.1710276072413033,3.1373832318617687,0.17344048058909411,0.18558803563624168,0.012460098515979845,0.06713847944595969,227,-0.0017308531950481017,0.20277346428910592,0.0,-0.16032897279960298,0.8576239358638342,-0.07199142815158477,0.0,,-0.02956921098898738,,True,-0.02956921098898738,163467.9074889868,True,TALO,TALOS ENERGY INC,1.0,False
79474,-0.002524141429771893,1.1619969189481874,0.6659218765868762,0.5720278246185774,-0.1776590512584072,3.456158523689794,1.4418578257736596,1.2169572826844461,0.07569237849816912,0.2116190914495271,0.014207784021656738,0.06713847944595969,227,0.005298852290156482,0.2186476381363851,0.00881057268722467,-0.030289697157262718,0.570423991941344,-0.01192775856130127,0.0,,0.08395134259468993,,True,0.08395134259468993,16674.30837004405,True,YVR,LIQUID MEDIA GROUP LTD,3.0,False
79491,0.017486145908052485,0.5327935813434521,-0.2855221265067237,0.41790574044701356,2.5131537197612333,3.235928849255583,-1.2623803571439238,1.8154647408174156,0.061755129509039275,0.10363430596715734,0.00695784972107229,0.06713847944595969,227,0.020271538619909817,0.10627806922184763,0.004405286343612335,0.2098337508966298,0.006336347514080753,0.1687293193587267,0.0,,0.6607446878619174,,True,0.6607446878619174,1269.4185022026431,False,WINA,WINMARK CORP,3.0,False
79499,0.0061283820501550745,0.9784329166119268,0.9886061473893832,-0.23899366164854846,0.5516689015947182,3.7220204072242824,2.7376724198383586,-0.6502847665629171,0.12293787922939337,0.16546106979340142,0.011108804633430782,0.06713847944595969,227,0.011555711483667167,0.17550070383163513,0.00881057268722467,0.07354058460186089,0.2908638015483599,0.03703821121069214,0.0,,0.22809115827273188,,True,0.22809115827273188,12775.114537444933,True,INOD,INNODATA INC,3.0,False
79507,0.01110243144655117,0.8515494671781112,1.073732572074453,0.9272493800985483,1.2779783321849019,4.142192671439613,3.80213051931139,3.226164204688021,0.17398616414794144,0.12939667256872986,0.008687495841631246,0.06713847944595969,227,0.019525906402145122,0.1414254794148633,0.004405286343612335,0.13322917735861406,0.10129287072191608,0.08580152198777788,0.0,,0.4782711303829658,,True,0.4782711303829658,13880.762114537445,True,MCRI,MONARCH CASINO & RESORT INC,3.0,False
79545,0.006190427071983189,1.324395001802159,0.027402767318963482,0.5307740500987763,1.2561278911958567,11.35653397255432,0.1710539759904162,3.255423208142206,0.396051505802004,0.07340324366843202,0.004928182166299794,0.06713847944595969,227,0.013215738509249956,0.0938239066617599,0.004405286343612335,0.07428512486379826,0.10519199060009307,0.0843345166045497,0.0,,0.48794238850203364,,True,0.48794238850203364,240339.15418502202,True,BWA,BORGWARNER INC,1.0,False
79564,0.00451743565536565,1.472384263562197,1.427709008321478,-0.35378140236507744,0.45151310600446815,6.218914370969091,4.389788420711905,-1.068803607784719,0.2747664994458032,0.14902190581281707,0.01000510416041156,0.06713847944595969,227,0.012574883478909147,0.17382386271045794,0.00881057268722467,0.054209227864387796,0.32602928955975236,0.030313903387062403,0.0,,0.250602382723586,,True,0.250602382723586,348660.0704845815,True,ARRS,ARRIS INTERNATIONAL PLC,3.0,False
79571,0.009430453074420602,0.7107843857017881,0.2857493493492592,0.5260825049061413,1.3375687815799708,4.2602635700744145,1.246792895393993,2.255391561767797,0.10835332064800862,0.10501345164039776,0.0070504434645081255,0.06713847944595969,227,0.01446341071463897,0.110470608707769,0.004405286343612335,0.11316543689304723,0.09119980631558133,0.08980233414966421,0.0,,0.4535389548682556,,True,0.4535389548682556,4338.991189427313,False,CASH,META FINANCIAL GROUP INC,3.0,False
79586,-0.00012081921826533222,0.8950651242318655,0.7515307282638252,0.516380990538336,-0.011955469659688779,3.742831533599935,2.2877199841378437,1.5444910387394344,0.10440345989081035,0.1505212716216648,0.010105769300950855,0.06713847944595969,227,0.006625500396583683,0.1579937426420875,0.004405286343612335,-0.0014498306191839867,0.5047640843225547,-0.0008026720540138096,0.0,,0.14526782036485167,,True,0.14526782036485167,31472.51101321586,True,FTEK,FUEL TECH INC,3.0,False
79611,0.0030966795961032472,0.9058713492502533,1.4901266471256813,1.1560403441473683,0.42892624223536063,5.302343918809529,6.349434235559109,4.839983287990084,0.3119668369195271,0.10753309697085578,0.0072196086207381915,0.06713847944595969,227,0.013277372804009683,0.12877622203586425,0.0,0.03716015515323896,0.3341954823985396,0.028797455698151488,0.0,,0.35716351860630474,,True,0.35716351860630474,28624.757709251102,True,MOV,MOVADO GROUP INC,1.0,False
79618,0.0028686047251704613,0.5317040974315069,-0.31530450639020163,-0.09726914848127866,0.27269116770365087,2.135922021774666,-0.9220533353312689,-0.27948596419695887,0.020802584224545284,0.15668525787166085,0.010519609965101396,0.06713847944595969,227,0.0041119413088130195,0.15728641701798382,0.01762114537444934,0.03442325670204553,0.3926714835325684,0.01830807035796631,0.0,,0.0905620637768243,,True,0.0905620637768243,7130.471365638767,False,RAVE,RAVE RESTAURANT GROUP INC,3.0,False
79637,0.007835262021924255,0.6875191001279859,0.10076549909342501,0.8597256994052331,1.449186947464308,5.373666148328525,0.5733347334660606,4.806349243662223,0.19215042871670218,0.08052998339898307,0.005406660635216099,0.06713847944595969,227,0.013337164426279738,0.08900011587773622,0.004405286343612335,0.09402314426309105,0.07434507647185237,0.0972962080856855,0.0,,0.5191149738939935,,True,0.5191149738939935,158899.77973568282,True,UHS,UNIVERSAL HEALTH SERVICES INC,1.0,False
79666,0.006892741381169609,0.7269800484918444,0.014517655622346613,0.6473832608338355,1.0765563638018738,4.7982437344311695,0.06975362495785814,3.0562634011485073,0.12864487292699645,0.09536383557008496,0.006402582914310028,0.06713847944595969,227,0.011767098301787128,0.10148090386514108,0.01762114537444934,0.0827128965740353,0.14142089129091256,0.0722783573035292,0.0,,0.4016758097353477,,True,0.4016758097353477,2294.6343612334804,False,TLF,TANDY LEATHER FACTORY INC,3.0,False
79667,0.002862428250260488,0.9817371298909497,0.21387341263839446,0.8732115467765301,0.2989341702353171,4.332625904514169,0.6871052290909828,2.7564171762487315,0.11163312402362369,0.1426223367085806,0.00957544682164378,0.06713847944595969,227,0.009851968985866712,0.1503105905567711,0.004405286343612335,0.034349139003125854,0.3826343330087377,0.020069985644038852,0.0,,0.22705134448485842,,True,0.22705134448485842,203239.59471365638,True,BKS,BARNES & NOBLE INC,1.0,False
79668,-0.001758088096624609,1.8297477125473525,0.5389171122456862,0.7843805298300877,-0.3277023149155525,14.412692232089467,3.0901983259163237,4.41926665187028,0.5439947318403503,0.0799078826398772,0.005364893736187554,0.06713847944595969,227,0.009151621466094412,0.1175446602490352,0.004405286343612335,-0.021097057159495308,0.6282779003074261,-0.022001435134351228,0.0,,0.2697029931828588,,True,0.2697029931828588,64427.202643171804,True,BDC,BELDEN INC NEW,1.0,False
79678,0.01869674006590659,0.9161537224944232,0.1036946849808826,-0.19728597002580858,2.459738513710186,5.093384069942254,0.4196672225998365,-0.7845195649501417,0.12120711711252385,0.11321538504011146,0.007601108801481935,0.06713847944595969,227,0.022119594895496288,0.11996661208754304,0.004405286343612335,0.22436088079087907,0.0073321779194928565,0.16514310364516677,0.0,,0.6387154148169695,,True,0.6387154148169695,1335139.396475771,True,ATVI,ACTIVISION BLIZZARD INC,3.0,True
79686,0.023210678702394884,1.1986192109478455,0.6305930429344275,0.3890793580222321,2.6874489295260346,5.8647383114073195,2.2460895037014628,1.3616801202851097,0.18275991179043827,0.12864002587353335,0.008636695733037941,0.06713847944595969,227,0.030586059816473426,0.14135119997522136,0.013215859030837005,0.27852814442873863,0.0038714102744532644,0.18043123471705003,0.0,,0.7495742464833619,,True,0.7495742464833619,142169.95154185023,True,DECK,DECKERS OUTDOOR CORP,1.0,True
79698,0.006580226145270459,1.1998554204738514,0.113919494859948,0.2867550276947795,1.2273252482501265,9.45720473572896,0.6536456913438845,1.6166440810605498,0.3110361319231517,0.07985638564158051,0.005361436306025883,0.06713847944595969,227,0.012577306491622668,0.09556737090253437,0.004405286343612335,0.07896271374324551,0.11049721424839795,0.08240075095314849,0.0,,0.4558989885381186,,True,0.4558989885381186,99488.80176211454,True,IT,GARTNER INC,1.0,False
79702,-0.0055144357683993206,1.2063159133270136,2.438920536359749,0.37813113713478735,-0.38804729846454794,3.587233633906149,5.279669480467377,0.8042860735927161,0.19763137725914748,0.2116629852725977,0.014210730986194768,0.06713847944595969,227,0.00567787366660027,0.2347232774275667,0.013215859030837005,-0.06617322922079184,0.6508243987268744,-0.026052905572022233,0.0,,0.08379540177938975,,True,0.08379540177938975,100124.81057268723,True,PTN,PALATIN TECHNOLOGIES INC,2.0,False
79731,0.004204200676148779,0.20386879958039092,0.45739208755701005,0.5208944591784082,0.8280314733146045,1.6967943003061177,2.7712618132794598,3.1009707584701958,0.08050877954232627,0.07562494852722987,0.0050773440522971815,0.06713847944595969,227,0.0074992951861525756,0.0783410721021446,0.00881057268722467,0.05045040811378535,0.20426897701780455,0.05559277405174028,0.0,,0.33160537467337986,,True,0.33160537467337986,2363.1409691629956,False,QCRH,Q C R HOLDINGS INC,3.0,False
79734,0.0034494731973329267,0.37823777540676995,0.14684876831577826,0.3643587574514837,0.5303317711504352,2.4573940113390447,0.6945294763532828,1.6932013634513445,0.04265222944902747,0.09687988799641445,0.006504368368974147,0.06713847944595969,227,0.006358345444764233,0.09835512051606768,0.00881057268722467,0.041393678367995124,0.2982048027172719,0.03560566871692288,0.0,,0.22394314204732546,,True,0.22394314204732546,4541.339207048458,False,RVSB,RIVERVIEW BANCORP INC,3.0,False
79747,0.0031752265571319757,0.667442482137074,0.7549080711367829,1.1291093154329461,0.5590738412735475,4.966189917552705,4.088970957163876,6.00917664734906,0.2612275246459387,0.08459292555422895,0.005679440393596199,0.06713847944595969,227,0.01074628153453092,0.09776353654297304,0.0,0.03810271868558371,0.2883361695194234,0.0375353676011178,0.0,,0.38077807469792574,,True,0.38077807469792574,15581.590308370043,True,AUB,ATLANTIC UNION BANKSHARES CORP,3.0,False
79758,0.005459542407357295,1.6228526428793868,1.072949069991184,0.8306323959316657,0.570534291815883,7.166706518776369,3.4492932597086554,2.6237285465629308,0.2724005687309188,0.14252891856257252,0.009569174869368138,0.06713847944595969,227,0.01677766852290771,0.16597971954721996,0.00881057268722467,0.06551450888828754,0.2844448974383315,0.038304804824295824,0.0,,0.35016054242648537,,True,0.35016054242648537,259588.11894273126,True,BYD,BOYD GAMING CORP,1.0,False
79776,0.011433931573620135,0.45547049216372154,0.27878827558625563,0.013419445094200972,2.4717024066932334,4.1607906229907625,1.8539610267876538,0.0876838631658335,0.1080396278015695,0.06890137793330292,0.004625933746173359,0.06713847944595969,227,0.013934397493611632,0.07246917865953792,0.004405286343612335,0.13720717888344164,0.007097789171222984,0.16594634122830274,0.0,,0.6660785972249809,,True,0.6660785972249809,1828.1497797356828,False,UTMD,UTAH MEDICAL PRODUCTS INC,3.0,False
79785,0.014108339657933637,0.7607589162334263,0.15218515723136233,0.989855645399835,2.6327877386140646,5.999319828753397,0.8736505213773788,5.5833689953267776,0.23610095598301384,0.07981574265428344,0.005358707597658617,0.06713847944595969,227,0.020392554561850514,0.0907128449622874,0.0,0.16930007589520366,0.004530468696818948,0.17676136547451507,0.0,,0.7787417672090378,,True,0.7787417672090378,12198.977973568282,True,NVR,N V R INC,1.0,True
79790,0.004548843896040657,1.4906808478992684,0.9871663547154479,-0.07055175163180208,0.24420402240986114,3.3818276898381225,1.630300373475542,-0.11448381861400588,0.07769260852370463,0.27744488275355317,0.018627227558136124,0.06713847944595969,227,0.012562520759926837,0.2869703889774284,0.00881057268722467,0.05458612675248788,0.4036486721734107,0.01639548673918514,0.0,,0.15164577993476192,,True,0.15164577993476192,25508.629955947137,True,NYNY,EMPIRE RESORTS INC,3.0,False
79791,0.011574991356337,0.9116903186540654,0.22850653428920828,0.05254646469349165,1.3073027113915408,4.351288247040482,0.7939252476819448,0.17938392198212688,0.09352931929928843,0.13187820045599136,0.008854101850684725,0.06713847944595969,227,0.0159580688580769,0.13759236750532156,0.013215859030837005,0.138899896276044,0.09622811375465198,0.0877703162184083,0.0,,0.4017691759218087,,True,0.4017691759218087,15283.400881057269,True,CNTY,CENTURY CASINOS INC,3.0,False
79824,0.009387766758171172,0.5123114089980889,0.4897370123281689,0.6130623941510444,2.612122653868078,6.023935685487145,4.191984859245937,5.156089864402886,0.2796794019457365,0.0535299976259353,0.003593922645351128,0.06713847944595969,227,0.014283790282612535,0.06265165086855001,0.004405286343612335,0.11265320109805407,0.004804810950433337,0.17537394310704763,0.0,,0.7897717027776734,,True,0.7897717027776734,20316.585903083702,True,FFIN,FIRST FINANCIAL BANKSHARES INC,3.0,True
79839,0.0111528606074144,0.9497441755592272,1.5007187344946902,-0.14770496687265605,1.2426597437775992,4.471854023269249,5.143879218793546,-0.49744558548125806,0.23196859906053657,0.1336788016293263,0.008974991475551046,0.06713847944595969,227,0.017804344172875908,0.15152045553736274,0.0,0.13383432728897282,0.10764916220189924,0.08343028566593388,0.0,,0.40704772954249385,,True,0.40704772954249385,80860.48017621145,True,ITRI,ITRON INC,3.0,False
79841,0.002745810695666883,1.0258726490723342,0.4113637577081117,0.34842875684158087,0.4914936003663338,7.759893311090621,2.265159586386684,1.8851494803039097,0.26563770921110164,0.08321109248303597,0.005586666222348161,0.06713847944595969,227,0.008831507886051734,0.0964548904066842,0.004405286343612335,0.0329497283480026,0.31178038903623234,0.03299813298601583,0.0,,0.31717666779966147,,True,0.31717666779966147,39606.26872246696,True,FWRD,FORWARD AIR CORP,3.0,False
79851,0.0045021514841796385,0.9253586476272014,0.23452060925533413,0.8443117189705125,0.4963639328562126,4.311270032279745,0.7954019112787791,2.813633051219867,0.11297456624898639,0.1350978338321955,0.009070263139936535,0.06713847944595969,227,0.01122062057684726,0.14248808878078895,0.022026431718061675,0.05402581781015566,0.3100632852780975,0.033325119703782546,0.0,,0.27279030967215206,,True,0.27279030967215206,9804.15859030837,True,OSBC,OLD SECOND BANCORP INC,3.0,False
79857,0.0008823451598260414,1.368514086444782,0.570129227113298,0.5307540632759249,0.11297569134110327,7.404756747469271,2.2456667479198713,2.054113107747688,0.25079651878394293,0.11632739398142532,0.007810044349823978,0.06713847944595969,227,0.009234553780745926,0.13349970854395796,0.00881057268722467,0.010588141917912497,0.4550757319045794,0.007585016130997748,0.0,,0.23962174161919714,,True,0.23962174161919714,698764.4273127753,True,PTEN,PATTERSON U T I ENERGY INC,3.0,False
79859,0.0035432504602230623,0.5646783726292053,0.0860766148176347,0.7491332871468469,0.7897049970124481,5.318378137117812,0.5901653615591496,5.0466903118708455,0.19706532560337897,0.06682907731079692,0.00448680263342339,0.06713847944595969,227,0.008192249493299282,0.07408385454276405,0.00881057268722467,0.04251900552267675,0.21526947774722055,0.053019592710291906,0.0,,0.3830630152345565,,True,0.3830630152345565,600715.9162995595,True,NYCB,NEW YORK COMMUNITY BANCORP INC,1.0,False
79862,0.002329019738264608,1.3502148526742486,0.8523762895951504,1.1068497712703573,0.29574399966758985,7.245371826374156,3.329658065273431,4.248307838514892,0.28976271850581437,0.11729668166051575,0.007875120850743813,0.06713847944595969,227,0.01285076022788456,0.1382554325516236,0.0,0.027948236859175298,0.38385039735163334,0.01985580244294839,0.0,,0.3219861848433394,,True,0.3219861848433394,31977.88105726872,True,ROCK,GIBRALTAR INDUSTRIES INC,3.0,False
79864,0.015079779570540262,0.7643860083017905,0.6870997575329244,0.5741900829334412,1.6380333361620791,3.508774804323105,2.2960061190485894,1.8852456891479283,0.09940404286805604,0.13711998471306933,0.00920602727528871,0.06713847944595969,227,0.02131802566867412,0.1435271203833574,0.00881057268722467,0.18095735484648315,0.051412468323822895,0.10997506747171452,0.0,,0.5145216245762922,,True,0.5145216245762922,4206.167400881057,False,VSEC,V S E CORP,3.0,False
79866,0.006085783596725222,1.3415304326629476,0.6107301713763553,0.6854556603799585,0.7527055940526343,7.011713971557009,2.323718508321721,2.5625510844987884,0.2393380284720671,0.12042588885534584,0.008085211063676063,0.06713847944595969,227,0.014855523822460772,0.13715833993494686,0.0,0.07302940316070267,0.22621034070486482,0.050535509055161666,0.0,,0.375194421947009,,True,0.375194421947009,87454.05726872246,True,SCHN,SCHNITZER STEEL INDUSTRIES INC,3.0,False
79878,0.004150894156268041,1.0927981445908554,0.8488272373563325,0.9537632547134459,0.7007494227862695,7.796075967453526,4.408246783141728,4.8668302872843014,0.3433148256655262,0.08822819809607833,0.005923507064427615,0.06713847944595969,227,0.013168001644149788,0.10815012252774774,0.00881057268722467,0.04981072987521649,0.24209496126356111,0.04704725071850407,0.0,,0.42177756897069174,,True,0.42177756897069174,27617.91629955947,True,UFPI,U F P INDUSTRIES INC,3.0,False
79879,-0.012388151775919364,2.2116258981164494,0.7644718222977843,-0.7683555854606564,-1.4461838492128631,10.910475553419573,2.7453895422205155,-2.711213813220803,0.43297895620712923,0.12758849345131756,0.008566097445122246,0.06713847944595969,227,-0.003876269598423001,0.16831008245871384,0.01762114537444934,-0.14865782131103236,0.9252351730379206,-0.09709458463545668,0.0,,-0.07978007960337317,,True,-0.07978007960337317,3176205.5418502204,True,VIAV,VIAVI SOLUTIONS INC,3.0,False
79881,0.012126051453646574,0.9378905644858512,0.5829289186151957,0.9407867432979116,1.5512161140370018,5.070141636412528,2.294003123066513,3.637714542374899,0.17627656462258645,0.1164328687585933,0.007817125765982938,0.06713847944595969,227,0.019907578677525038,0.12743334966922434,0.0,0.14551261744375887,0.06113395931117624,0.1041462911885147,0.0,,0.5411603448335861,,True,0.5411603448335861,499788.6960352423,True,URBN,URBAN OUTFITTERS INC,3.0,False
79885,0.002438516988204865,0.07662980905111234,0.11029817772128885,0.10664865669456909,0.8073580421962248,1.0721440942942373,1.1233995115089233,1.0672847551855462,0.01676734101077071,0.044987111448147495,0.003020366257294548,0.06713847944595969,227,0.0032918256655543317,0.04506695057672458,0.01762114537444934,0.02926220385845838,0.21016026636028765,0.054204791321521485,0.0,,0.2530284046040607,,True,0.2530284046040607,300.8325991189427,False,WVFC,WVS FINANCIAL CORP,3.0,False
79903,-0.018701399293945396,0.7491602527500658,0.8756110344061523,1.0905120436996711,-2.6179069593008943,4.431694926062069,3.7706553099769526,4.614186001606095,0.20586312251297312,0.10640165771391122,0.007143645509441466,0.06713847944595969,227,-0.010649919925672071,0.1186038875036235,0.004405286343612335,-0.22441679152734476,0.995273444221162,-0.1757622925784579,0.0,,-0.3110556120218342,,True,-0.3110556120218342,47170.71365638766,True,HHS,HARTE HANKS INC,1.0,False
79906,0.009132305429177444,1.4660545982032835,2.494764392084856,-1.0819916393317726,0.8934762763416892,6.0613277245312185,7.50857697646454,-3.199713022367307,0.41396793080975924,0.1522389925504485,0.010221094472221897,0.06713847944595969,227,0.017331271230112674,0.19754380835743038,0.013215859030837005,0.10958766515012933,0.18628269284561993,0.0599866386146191,0.0,,0.3039188378508628,,True,0.3039188378508628,278374.2246696035,True,INCY,INCYTE CORP,3.0,False
79909,0.0008867739011741214,1.2288328785168212,1.2110802559199239,1.7684760720501078,0.10989895281629007,6.435591928447602,4.617204162277812,6.624671777048856,0.33244188316522505,0.12018433021302706,0.008068993183733749,0.06713847944595969,227,0.01356020317072656,0.14611725976789927,0.004405286343612335,0.010641286814089457,0.4562941742904745,0.007378448584788984,0.0,,0.321480992594071,,True,0.321480992594071,39541.40969162995,True,MHO,M I HOMES INC,1.0,False
79915,-0.0014903703468024832,1.028571127070863,0.39141760802682257,0.5824829643152865,-0.22391849704754302,6.530480284962472,1.8090960742164268,2.6452305147013377,0.20992751480170158,0.09913630535749893,0.006655860799592825,0.06713847944595969,227,0.005234322713446397,0.11078921180907478,0.0,-0.0178844441616298,0.5884871347537493,-0.01503354741159665,0.0,,0.16366418236686725,,True,0.16366418236686725,405408.90308370045,True,NFX,NEWFIELD EXPLORATION CO,1.0,False
80034,0.012098166542149739,1.3944489225171695,0.010087071938364642,0.8653686627122771,1.4769899349985376,7.194085787069272,0.037883369364254446,3.1933290192986097,0.22219145024924902,0.12200300332437317,0.008191096131038779,0.06713847944595969,227,0.020332905207535824,0.13741444159479715,0.013215859030837005,0.14517799850579688,0.07054456930774018,0.09916285839278864,0.0,,0.5125753083330549,,True,0.5125753083330549,70830.17621145374,True,SHOO,MADDEN STEVEN LTD,3.0,False
80050,0.012256616435751357,1.0284040992917118,0.2714111122350828,0.2015263195579417,1.3947174338330919,4.945320666171819,0.9500987838644891,0.6931575118408199,0.11807116822269648,0.13089192794752552,0.008787885014146977,0.06713847944595969,227,0.017636830595395316,0.13845042914166847,0.00881057268722467,0.14707939722901628,0.08224439911923556,0.09363920776432466,0.0,,0.44128265784502574,,True,0.44128265784502574,6112.114537444934,False,UFPT,U F P TECHNOLOGIES INC,3.0,False
80070,0.005378778541103588,1.0401435142970694,0.05650530122438954,0.6710131144047194,0.9841322124186499,8.04225933098146,0.31804200399774857,3.7109518400876094,0.2674614097062191,0.08140643104616554,0.00546550399756192,0.06713847944595969,227,0.011697642088272727,0.09448038905201238,0.0,0.06454534249324306,0.16305852228253861,0.06607314031557636,0.0,,0.428891341979776,,True,0.428891341979776,744108.9295154185,True,SU,SUNCOR ENERGY INC NEW,1.0,False
80072,-0.0022890264624679272,0.6735989398542479,0.14796939518478786,0.9013944456378505,-0.6951656332852277,8.644779087254133,1.3824036833049929,8.27440710175519,0.3974980969809375,0.04904457984977009,0.003292778516179518,0.06713847944595969,227,0.0033745195201065367,0.06276391403168893,0.004405286343612335,-0.027468317549615127,0.7561623840359879,-0.04667236358185781,0.0,,0.18624839926351502,,True,0.18624839926351502,190687.5154185022,True,VLY,VALLEY NATIONAL BANCORP,3.0,False
80080,0.003205041584732001,1.379568234957563,-0.16687231313775605,0.8601127285810594,0.7248503584025349,13.184780357679163,-1.1609793052891675,5.87969218310891,0.48516019762737717,0.06585879945758517,0.004421659653718663,0.06713847944595969,227,0.010990035168921632,0.09117504034577581,0.0,0.038460499016784014,0.23465185343452144,0.0486653508890051,0.0,,0.41755505053468267,,True,0.41755505053468267,217982.42731277534,True,EMN,EASTMAN CHEMICAL CO,1.0,False
80114,-0.01541091814143245,2.4047443975095915,0.8618655707786378,-0.8601766159486387,-1.1750239223388916,7.748223518905638,2.0215441479622562,-1.9823957284103688,0.28057295550155126,0.1953486003836947,0.013115407991657679,0.06713847944595969,227,-0.006161898985877044,0.22877846202247698,0.004405286343612335,-0.1849310176971894,0.879380873764232,-0.0788893194584606,0.0,,-0.09330180839835883,,True,-0.09330180839835883,563962.3171806168,True,STCN,STEEL CONNECT INC,3.0,False
80128,0.005244335832536676,0.9232961063367584,0.20131950512551017,0.6357255968622455,1.022194451454559,7.60499709612089,1.2071309404684767,3.7453917443059197,0.2595049082759957,0.07641620653122622,0.005130467911534942,0.06713847944595969,227,0.011287157734933084,0.08821096931709575,0.0,0.06293202999044012,0.1538982462782885,0.06862858116875593,0.0,,0.44325395857903277,,True,0.44325395857903277,34899.955947136565,True,VMI,VALMONT INDUSTRIES INC,1.0,False
80167,-3.8962737604022156e-05,0.8104974275727153,1.0894082703257044,0.07897225313534997,-0.0060957296297878575,5.358495832017656,5.243151459363279,0.3734524281812816,0.25864057301562093,0.09520335789842323,0.006391808687449632,0.06713847944595969,227,0.005820482946395084,0.10983381565116128,0.00881057268722467,-0.00046755285124826587,0.5024291044222561,-0.0004092580184576395,0.0,,0.1835750151804526,,True,0.1835750151804526,137037.81938325992,True,HAIN,HAIN CELESTIAL GROUP INC,3.0,False
80168,0.010462106193378078,0.9750472411690273,0.4200132410151772,0.5680016673913403,1.1913239576205645,4.69192902184285,1.4712932300647108,1.95499156781258,0.12402758098415212,0.13080301279789608,0.008781915386201147,0.06713847944595969,227,0.016985520030580282,0.13882597846824482,0.00881057268722467,0.12554527432053694,0.11739642217947455,0.0799836790421876,0.0,,0.42383686411651583,,True,0.42383686411651583,189.07929515418502,False,AGM,FEDERAL AGRICULTURAL MORT CORP,1.0,False
80169,0.011796740122155447,0.9882890026803808,0.3278955590797439,0.7592115462069935,1.1817354739694594,4.183668327776274,1.010460400405502,2.298823303741786,0.10307665190586668,0.1486860549068422,0.009982555641263859,0.06713847944595969,227,0.018727553759967555,0.15595194145900368,0.0,0.14156088146586537,0.1192846606907634,0.07933992282965999,0.0,,0.4159880833836026,,True,0.4159880833836026,17319.859030837004,True,AGM,FEDERAL AGRICULTURAL MORT CORP,1.0,False
80179,0.005157208234393163,0.24269818579107885,0.1673605749337652,0.059522781622156955,0.8653536730073684,1.7209193904473283,0.8638883875663064,0.30188860374110776,0.021111997228294155,0.08876658760816063,0.005959653717618472,0.06713847944595969,227,0.0066791990751004495,0.08912124276403205,0.0,0.061886498812717954,0.19388733919398324,0.05809852978869092,0.0,,0.25961738847317745,,True,0.25961738847317745,1092.488986784141,False,VALU,VALUE LINE INC,3.0,False
80185,0.0005993557684310803,1.7407928079276798,0.5288294133218694,-0.05648637959699468,0.09768045343647137,11.989058665766425,2.6513318140360007,-0.27826029677862435,0.4501381925902006,0.09139144023995519,0.006135882332086884,0.06713847944595969,227,0.008714816766242745,0.12242692903276199,0.004405286343612335,0.007192269221172963,0.46113688770566863,0.006558117115316555,0.0,,0.24658799394937334,,True,0.24658799394937334,78183.08370044053,True,PLT,PLANTRONICS INC NEW,1.0,False
80191,0.007143144290958055,1.3809929745248544,-0.29687413246058064,0.5146445312434009,1.5275479219219126,12.479923239980048,-1.9530046701382722,3.326574922962149,0.4290446347038691,0.06965031390777486,0.004676216168701782,0.06713847944595969,227,0.01367069873655897,0.09156304158461279,0.004405286343612335,0.08571773149149667,0.06402097054798636,0.10255724475867276,0.0,,0.5172031067754951,,True,0.5172031067754951,151927.00881057268,True,ALB,ALBEMARLE CORP,1.0,False
80193,-0.00890068738483524,2.7345274113972415,1.4361261863694852,2.8304937742336254,-0.8879618178397105,11.528373784620936,4.407464756362943,8.53527413199476,0.5180057559189819,0.14929929433586184,0.010023727604064545,0.06713847944595969,227,0.013481711765602542,0.21361662095428255,0.013215859030837005,-0.10680824861802288,0.8122409883938568,-0.0596164062558284,0.0,,0.21862540140095388,,True,0.21862540140095388,284159.01762114535,True,BZH,BEAZER HOMES USA INC,1.0,False
80204,0.0037324214758507716,0.9756367883951539,-0.06276474854672787,0.669541004982144,0.798130596199503,8.816302279144258,-0.412880694422424,4.327578816472299,0.30465278299764953,0.06965386483045619,0.004676454572251237,0.06713847944595969,227,0.009529984414229864,0.08297410380563883,0.0,0.04478905771020926,0.21282191072126824,0.05358527462813188,0.0,,0.39786912888991977,,True,0.39786912888991977,114643.62114537445,True,MLM,MARTIN MARIETTA MATERIALS INC,1.0,False
80223,-0.0033856703385446,0.954890400980258,0.6025648945095796,1.491929855402547,-0.6326433665803808,7.540199588037805,3.4637267143095944,8.426499922172221,0.3887623946162222,0.0797102569153217,0.005351625445541492,0.06713847944595969,227,0.006084909033417867,0.10127619773686754,0.004405286343612335,-0.0406280440625352,0.7361926407934489,-0.04247471366377963,0.0,,0.2081312656049276,,True,0.2081312656049276,85297.17621145374,True,BPFH,BOSTON PRIVATE FINL HLDGS INC,3.0,False
80233,0.0055030406000488715,1.0369290224591081,0.6815912777921924,0.8219874564903292,0.6299771799077738,5.016330650955655,2.4003337323884173,2.844276529831828,0.16430613756943613,0.13010871805317525,0.00873530149275327,0.06713847944595969,227,0.013560142589432002,0.14137772975787197,0.0,0.06603648720058646,0.2646772376231988,0.04229570994466171,0.0,,0.33225679833732186,,True,0.33225679833732186,47103.87224669603,True,DAKT,DAKTRONICS INC,3.0,False
80236,-0.0061639232953906095,1.3404111962519176,0.4460990638140637,0.07451484997835424,-0.8615264740626458,7.917069780111371,1.9180866244368104,0.3148029254589846,0.26437582471548526,0.10656561533925095,0.007154653375100346,0.06713847944595969,227,0.0005048951453551783,0.12342050307884554,0.004405286343612335,-0.07396707954468731,0.8050632152580202,-0.057841577471005066,0.0,,0.014171130767330885,,True,0.014171130767330885,37872.898678414094,True,DSPG,D S P GROUP INC,3.0,False
80237,-0.0008243619722752939,1.486665141665562,2.24327940416175,-0.6272491840496893,-0.05249681288417611,4.000766185778011,4.394645627614097,-1.2073678845847273,0.19728196307963608,0.23389099993885454,0.015703086091989744,0.06713847944595969,227,0.00823033649479832,0.2593165361005961,0.013215859030837005,-0.009892343667303526,0.5209100846764984,-0.0035245561928026496,0.0,,0.10994563776564549,,True,0.10994563776564549,105186.59030837004,True,ARTX,AROTECH CORP,3.0,False
80254,0.002198863399843796,1.16716512685404,0.5960560928538177,0.7789709282862353,0.36188934490737323,8.117548143917112,3.0177980995661766,3.875103638016519,0.31255164268072133,0.09050049466147433,0.006076065600678579,0.06713847944595969,227,0.010488046566112352,0.10842492381853225,0.0,0.026386360798125556,0.3588887016402401,0.024296700344775494,0.0,,0.3350858619012457,,True,0.3350858619012457,42004.95154185022,True,MINI,MOBILE MINI INC,3.0,False
80274,0.00734019374917709,1.1954035372688274,1.0739859970845074,-0.00031757483314102247,0.4666223606594053,3.2113495742404328,2.1003039299851345,-0.0006102230774532823,0.08284311272955536,0.2342990221060448,0.015730480079875143,0.06713847944595969,227,0.014523489582561422,0.2430227170631519,0.004405286343612335,0.08808232499012508,0.3206128093095997,0.03132831577015667,0.0,,0.2070211555873338,,True,0.2070211555873338,3855.9735682819382,False,SGMA,SIGMATRON INTERNATIONAL INC,3.0,False
80276,0.027317548506805393,1.5181203162094694,1.4565733418259494,-1.7096193554074293,1.8659533153347754,4.382079651485519,3.060672851593995,-3.5297423307225304,0.21346318015479782,0.218056706341058,0.014639995696732789,0.06713847944595969,227,0.031742898208133453,0.24423512962159089,0.0,0.3278105820816647,0.031680418148819896,0.12527726830872415,0.0,,0.45022444200519995,,True,0.45022444200519995,8409.964757709251,False,SILC,SILICOM LTD,3.0,False
80286,0.017896225281488414,0.9243805649524635,0.8704284113829694,0.21651860571516982,2.634818599373055,5.7511555287955645,3.9422834224465384,0.9635384069563216,0.22569545192929363,0.10116708033470366,0.006792203943659254,0.06713847944595969,227,0.024155708160078317,0.11420405469527346,0.004405286343612335,0.21475470337786096,0.004504282458268991,0.17689771437784013,0.0,,0.7327045250310774,,True,0.7327045250310774,160122.34801762115,True,TSCO,TRACTOR SUPPLY CO NEW,3.0,True
80294,0.010612725471685402,-0.022336827536226303,0.09867993989075903,-0.06250769954629418,3.5695866541965953,-0.3174881456370596,1.0210461651299194,-0.6354904689258853,0.008302448853403921,0.04428304739605194,0.0029730964674042916,0.06713847944595969,227,0.010550178892316029,0.04417190112115546,0.00881057268722467,0.12735270566022483,0.00021889350543292385,0.2396566202133501,0.0,,0.8273787365552311,,True,0.8273787365552311,618.1233480176212,False,RGCO,R G C RESOURCES INC,3.0,False
80297,-0.006595153750996162,1.4594903454668142,0.29077833389487745,0.628624228054217,-0.5019920206745807,4.694486991618315,0.6808625332182664,1.446263850119186,0.10785978603860646,0.1956845822751812,0.013137965304973461,0.06713847944595969,227,0.0018218683096010982,0.20579663224506514,0.0,-0.07914184501195395,0.6919157925484114,-0.03370298096209611,0.0,,0.030666862159056493,,True,0.030666862159056493,76373.4537444934,True,EMMS,EMMIS COMMUNICATIONS CORP,3.0,False
80303,-0.003529328724106252,2.2300961594682227,0.45867190570279953,1.7115416708413684,-0.32009461624369,8.547219809418753,1.279716890004439,4.692002800155096,0.313788026428375,0.16422612285465635,0.011025892173766996,0.06713847944595969,227,0.011511963264644232,0.1969297393248893,0.004405286343612335,-0.04235194468927502,0.6254018411597496,-0.02149066581343934,0.0,,0.20250171799938219,,True,0.20250171799938219,1375911.7268722467,True,AKS,A K STEEL HOLDING CORP,1.0,False
80306,0.015352337863590013,1.8274067944365915,1.6148424451578751,0.3240110502397754,0.8983890138925498,4.518977431603616,2.907003617147042,0.5731050840538046,0.14733028675116933,0.25452977050958636,0.0170887417657427,0.06713847944595969,227,0.02720540332863773,0.27380815528386965,0.0,0.18422805436308015,0.18497358227511437,0.06031647234370094,0.0,,0.3441909227046311,,True,0.3441909227046311,139676.99559471366,True,BCRX,BIOCRYST PHARMACEUTICALS INC,3.0,False
80307,0.008669858782550456,0.6804508701279453,0.47611186118430976,-0.5097453962718562,0.8992070078956762,2.9823558200082103,1.519085307999936,-1.5980320960422818,0.080663899109361,0.14360872936237384,0.009641671724556123,0.06713847944595969,227,0.011014694274715336,0.1487790887225571,0.0,0.10403830539060546,0.18475616937868145,0.060371391217266764,0.0,,0.25646090828290546,,True,0.25646090828290546,852207.8898678414,True,BHC,BAUSCH HEALTH COMPANIES INC,1.0,False
80320,0.010940380285248746,0.8100483116516789,0.42579041099248754,0.11830113340732298,1.928131578463983,6.032956508750905,2.3084774100217977,0.6301989583814261,0.19104645935638054,0.08451314231548791,0.005674083868261851,0.06713847944595969,227,0.015509945817473048,0.09333846868151041,0.0,0.13128456342298495,0.02755431530521164,0.12945182234980993,0.0,,0.5756257748382209,,True,0.5756257748382209,141188.1497797357,True,CPRT,COPART INC,3.0,False
80329,-0.00374633612736156,2.2646389144424965,0.18664433880950795,-0.552377750210874,-0.5424280199719258,13.856366602231054,0.8313343011983627,-2.4174420847921847,0.5033787737883356,0.10287103839334844,0.006906605096756354,0.06713847944595969,227,0.004382324925250835,0.1450035706496905,0.004405286343612335,-0.04495603352833872,0.7059673319235644,-0.036417792469797754,0.0,,0.10469272434880043,,True,0.10469272434880043,1380341.013215859,True,FLEX,FLEX LTD,3.0,False
80336,0.005889643975932141,0.3696145837957769,-0.12437362207270929,0.28295133934153033,1.5982005479114587,4.23844308062085,-1.038235842619843,2.32080425847018,0.09623743657599171,0.0548891198005616,0.003685172041536824,0.06713847944595969,227,0.00795757558966601,0.057353153839975114,0.00881057268722467,0.07067572771118569,0.05570714188036945,0.10730075463647497,0.0,,0.480633559048141,,True,0.480633559048141,427.48017621145374,False,LARK,LANDMARK BANCORP INC,3.0,False
80343,0.002180758950586656,1.6482101866057106,1.4375741358000023,1.337570258751438,0.22695594919950143,7.248723362387048,4.602456171046215,4.207605727445353,0.31982844862802606,0.14311810959849572,0.00960873225962321,0.06713847944595969,227,0.0158239025402381,0.1723786882071759,0.0,0.02616910740703987,0.4103329565362805,0.015237477330468997,0.0,,0.31799526332130035,,True,0.31799526332130035,25106.22026431718,True,NNBR,N N INC,3.0,False
80357,0.015487754426912229,-0.10348627202586323,1.3811888731509487,0.41027418385944586,1.25240120733012,-0.35363300392577157,3.435845272718303,1.0027986492178718,0.051633909201474815,0.18419315002483497,0.012366448017028952,0.06713847944595969,227,0.0191515794180168,0.18788135276572318,0.01762114537444934,0.18585305312294675,0.1058677733605361,0.08408431271642837,0.0,,0.35311123865026,,True,0.35311123865026,2520.409691629956,False,GPIC,GAMING PARTNERS INTL CORP,3.0,False
80362,0.002608566520709828,1.1367704105935483,0.923084254115834,0.23980215657135748,0.41690832684227686,7.677616904379667,4.5384285149935035,1.1584472527774134,0.32022948164777776,0.09319440623304247,0.0062569307273555395,0.06713847944595969,227,0.009919532674450882,0.11228116108471714,0.0,0.031302798248517935,0.3385732521061739,0.02799059113254965,0.0,,0.3060377077241871,,True,0.3060377077241871,28537.700440528635,True,SCSC,SCANSOURCE INC,3.0,False
80375,0.0073677397440361616,1.2974287366516346,1.157546719744863,1.1376572389696427,0.7002434275448322,5.210906752470597,3.38437747909351,3.2682158027271266,0.20041267234357807,0.15671614288267646,0.010521683537778655,0.06713847944595969,227,0.018404608737857906,0.1740920722847886,0.00881057268722467,0.08841287692843394,0.24225259757724618,0.04701327896738708,0.0,,0.3662167611543945,,True,0.3662167611543945,26814.29074889868,True,ZEUS,OLYMPIC STEEL INC,3.0,False
80415,0.005666121286628519,1.0305472241431892,0.3007184440731265,0.8529420519374078,0.9557161178738534,7.345577847123479,1.5603736670108932,4.348576320492322,0.2639200626265352,0.08830503259612425,0.005928665615929688,0.06713847944595969,227,0.012981720184466729,0.10224007908662523,0.0,0.06799345543954223,0.17012528479469916,0.06416532693604608,0.0,,0.4398470566535432,,True,0.4398470566535432,106616.09691629956,True,EXP,EAGLE MATERIALS INC,1.0,False
80432,0.00886249979408212,1.423050932170243,-0.31003535079988104,0.12095435682820752,1.0043120250695745,6.814718060984842,-1.080809475429598,0.4143033713988231,0.17419322016017058,0.13143652676568546,0.008824448550706304,0.06713847944595969,227,0.014408328714607755,0.14367296821476408,0.004405286343612335,0.10634999752898544,0.15815837621934015,0.06742798225246378,0.0,,0.3473994822540276,,True,0.3473994822540276,797193.6475770925,True,AEO,AMERICAN EAGLE OUTFITTERS INC NE,1.0,False
80485,-0.0035986239644092742,1.1030950238079484,1.1551675941337405,0.5712080702248149,-0.2690241308468353,3.4848390029411416,2.6565945021130704,1.2907247273106588,0.10420882658406994,0.19923871389648287,0.013376584297778459,0.06713847944595969,227,0.0050123096550331175,0.2091069907636141,0.004405286343612335,-0.043183487572911294,0.6059200754277663,-0.01806187107932742,0.0,,0.08303476563917955,,True,0.08303476563917955,285915.90308370045,True,VVUS,VIVUS INC,3.0,False
80498,0.002021122508654029,0.9025398453711889,0.8252568587867075,1.2552615050789282,0.3936287040058132,7.428062170858842,4.944345005438535,7.389462653041714,0.3859639053785269,0.07647762231198932,0.005134591273669362,0.06713847944595969,227,0.011068881075405641,0.0969472822305454,0.00881057268722467,0.024253470103848346,0.34711564136405765,0.026427632653234036,0.0,,0.3955111265512027,,True,0.3955111265512027,16619.286343612333,True,ABCB,AMERIS BANCORP,3.0,False
80534,0.0014100788853874074,0.7011947253082728,0.9743200832717797,-0.45918685506443635,0.1130597736592253,2.375846438404061,2.403210760630166,-1.1128552417026725,0.07922345946844989,0.18576495927276976,0.01247197689991439,0.06713847944595969,227,0.005036478744275097,0.19230248027846936,0.00881057268722467,0.016920946624648887,0.45504243975131864,0.007590661289984752,0.0,,0.0907262045054534,,True,0.0907262045054534,7548.925110132159,False,SYPR,SYPRIS SOLUTIONS INC,3.0,False
80539,0.011836373844395105,1.3207093526606526,1.3592918968738517,-0.7576610214416721,0.938412296954021,4.42483717301103,3.315226823471413,-1.8156598413375302,0.18369470472995408,0.18786828999324173,0.012613191326258854,0.06713847944595969,227,0.017969356265425864,0.20655008948345435,0.0,0.14203648613274125,0.1745239173148335,0.06300357471088336,0.0,,0.30136842940963143,,True,0.30136842940963143,263147.5859030837,True,NKTR,NEKTAR THERAPEUTICS,3.0,False
80563,0.016558063321052106,1.1872026140623506,-0.07405487111194617,0.14971884108271447,2.357884689887138,7.144188283532825,-0.32440844929986173,0.6444274131527232,0.19396744283465572,0.10459609610957095,0.007022422848780053,0.06713847944595969,227,0.021714087176546545,0.11572771955969245,0.004405286343612335,0.19869675985262528,0.009622176006514976,0.15830479278793064,0.0,,0.6499722343592751,,True,0.6499722343592751,180205.98678414096,True,PENN,PENN NATIONAL GAMING INC,3.0,True
80575,0.003663856529074098,0.8587334955660422,0.9009459812985184,0.7300551702796638,0.7494510911434287,7.422979558076207,5.669295480782338,4.513828398168603,0.358001861626695,0.07281547077085394,0.004888719987696856,0.06713847944595969,227,0.011187726165406328,0.09027240008654087,0.004405286343612335,0.04396627834888918,0.22718761621597738,0.05031700667848515,0.0,,0.42931638288280316,,True,0.42931638288280316,41495.797356828196,True,SSD,SIMPSON MANUFACTURING CO INC,1.0,False
80633,0.003173835931000592,0.832478928238406,0.4404810372696074,1.0474400094595238,0.4104841938058026,4.549883113981065,1.7525268732230486,4.094733592352247,0.158624098656445,0.11516394478527603,0.007731932139881891,0.06713847944595969,227,0.01052639014373932,0.12471529265867273,0.0,0.0380860311720071,0.3409224585561745,0.027559284608722208,0.0,,0.2923818268084846,,True,0.2923818268084846,1086.4537444933922,False,HMNF,H M N FINANCIAL INC,3.0,False
80635,0.007905643252832748,1.6778140835545268,0.584817146544207,-0.12989698009245382,0.6937031168476254,6.221502684515117,1.5786361137984477,-0.34452442295858093,0.18627270048827504,0.1697430751124588,0.011396291959531808,0.06713847944595969,227,0.015670055713046277,0.1869178747766522,0.00881057268722467,0.09486771903399298,0.24429517909494677,0.046574172452072474,0.0,,0.29040917231551266,,True,0.29040917231551266,139780.40528634362,True,IMAX,IMAX CORP,1.0,False
80719,0.005786657608576631,1.8702450844601854,0.8520015560132036,1.3395710192899584,0.617872429683528,8.438875439961741,2.7985748156038803,4.323359004753503,0.3266459902643639,0.13949462327930065,0.009365456897859217,0.06713847944595969,227,0.01911301026800157,0.16886278784582567,0.00881057268722467,0.06943989130291957,0.2686449558701169,0.04148301542053272,0.0,,0.392089995576639,,True,0.392089995576639,66901.28193832599,True,GBX,GREENBRIER COMPANIES INC,1.0,False
80759,0.0026515616609671354,0.42987104693082784,0.6535186147390544,0.39976056309422975,0.6993303840100441,4.7910851106226255,5.302297999541215,3.1868758206324417,0.24276912494228298,0.056473906729984744,0.0037915722262241254,0.06713847944595969,227,0.006943538603011709,0.06446617272630055,0.0,0.031818739931605625,0.24253718621191225,0.046951978612793446,0.0,,0.37311232034178365,,True,0.37311232034178365,23813.26872246696,True,MATW,MATTHEWS INTERNATIONAL CORP,3.0,False
80791,-0.0033588528230817606,1.082354332150738,0.5309678879048468,-0.29168095441805897,-0.5013657424042693,6.827287087250406,2.438133271311076,-1.3160011842887982,0.24307458651505698,0.09978489794317996,0.006699406319575373,0.06713847944595969,227,0.0013792745173443052,0.11392957729503848,0.0,-0.040306233876981123,0.6916958423181294,-0.03366093359131735,0.0,,0.04193772325581014,,True,0.04193772325581014,168895.23788546256,True,ADTN,ADTRAN INC,3.0,False
80828,0.007480884119632746,1.0458433248602614,0.8104398810708026,-0.27679153704374304,0.75349551086031,4.451530924457148,2.511158057931913,-0.8426846351546973,0.14417722408266997,0.1478770428133489,0.009928239799453327,0.06713847944595969,227,0.012701285454454375,0.15878411362045858,0.013215859030837005,0.08977060943559295,0.22597350237475683,0.05058854286851782,0.0,,0.2770966342531641,,True,0.2770966342531641,8764.356828193833,False,MLR,MILLER INDUSTRIES INC TENN,1.0,False
80837,-0.008282359733530803,0.4702260492809418,0.2743630460619479,0.17161757206035186,-1.266770472941838,3.039243878576705,1.290907016427359,0.7933962110985299,0.058960420708358274,0.09738333796934442,0.006538169234633776,0.06713847944595969,227,-0.005277683440527984,0.09971923166788321,0.022026431718061675,-0.09938831680236965,0.8967205822410843,-0.08504904336035422,0.0,,-0.1833390753692202,,True,-0.1833390753692202,973.7929515418502,False,PNBK,PATRIOT NATIONAL BANCORP INC,3.0,False
80857,0.009606075939535285,0.41672683820322065,0.3645119552636244,0.4496076826857186,1.8917845686438581,3.4681043647678136,2.208324766108934,2.6763561948912082,0.10533251167924695,0.07563152125052643,0.005077785334945132,0.06713847944595969,227,0.013376702686187928,0.07942737687375867,0.0,0.11527291127442342,0.029907738114530954,0.12701153937807938,0.0,,0.5834041007559755,,True,0.5834041007559755,2929.0044052863436,False,VLGEA,VILLAGE SUPER MARKET INC,3.0,False
80864,0.005906629340062355,1.2390642402687042,0.3013560685532666,0.5321100129473485,1.1065289065267114,9.809161679389995,1.736714739041305,3.0130684851999416,0.3500699627470448,0.07950701587994759,0.005337980151465451,0.06713847944595969,227,0.013162941967463121,0.09796486876033357,0.004405286343612335,0.07087955208074825,0.13484494521463858,0.07429066824720386,0.0,,0.46545020788019753,,True,0.46545020788019753,121256.20704845815,True,RS,RELIANCE STEEL & ALUMINUM CO,1.0,False
80924,0.0033749624594965775,2.417615981668422,0.8473288530285168,-0.15297528095826735,0.22893128751272712,6.930084759828852,1.7681280038367677,-0.3136476154806198,0.22092116091974412,0.2195797541861964,0.014742250813178828,0.06713847944595969,227,0.014670652854215756,0.2471153950076186,0.013215859030837005,0.04049954951395893,0.409566067134756,0.015370098541210318,0.0,,0.20565546815020289,,True,0.20565546815020289,8579996.933920706,True,SIRI,SIRIUS X M HOLDINGS INC,3.0,False
80926,0.0021599120821704895,1.6572957705449831,1.1886243682370574,1.2524350820968733,0.18809927606119367,6.0991048080813774,3.1843528366253833,3.2967863300916886,0.2293717941646829,0.17103202928827876,0.011482830382971878,0.06713847944595969,227,0.015071299931086036,0.19353218963739074,0.00881057268722467,0.025918944986045876,0.42548494039027573,0.012628699379634347,0.0,,0.2697665671603288,,True,0.2697665671603288,235651.37885462554,True,CPE,CALLON PETROLEUM CO DEL,1.0,False
80928,0.014794533393383966,1.109468627028616,0.5057075480082536,-0.07645955688568473,1.376812778765335,4.36318538504839,1.4477666049362086,-0.2150749936982765,0.1079216743090472,0.1600497068912267,0.010745493956448495,0.06713847944595969,227,0.020206968944510663,0.16832615426108494,0.01762114537444934,0.1775344007206076,0.08497538971527098,0.09243711644807108,0.0,,0.41585334177566247,,True,0.41585334177566247,164440.4140969163,True,DAR,DARLING INGREDIENTS INC,1.0,False
80951,0.00550989608792927,1.1555118680639478,0.5620942472533127,-0.1854805958475873,0.6549465346317728,5.804327042992491,2.055403462433171,-0.6664160510691112,0.1828432297758643,0.12530432426091706,0.008412741798881447,0.06713847944595969,227,0.01091866721160951,0.13769291022727895,0.004405286343612335,0.06611875305515125,0.25658858622076175,0.04397211445357779,0.0,,0.2746936836504948,,True,0.2746936836504948,5163.696035242291,False,TESS,T E S S C O TECHNOLOGIES INC,3.0,False
80955,0.004190315672871547,0.7212749841725613,0.32053978831206176,0.10735064401622167,0.7630253392014744,5.550193357945602,1.7955589509256424,0.5908556595771624,0.15888183649817766,0.08179679354876965,0.005491712342419479,0.06713847944595969,227,0.008141212771031844,0.08859434176895077,0.02643171806167401,0.05028378807445856,0.22312734852603927,0.05122836105272461,0.0,,0.31832719501275575,,True,0.31832719501275575,1376.2114537444934,False,WVVI,WILLAMETTE VALLEY VINYDS INC,3.0,False
80960,-0.0038887143423625373,0.44772608573627826,0.7345731314544921,0.15614127720622584,-0.2874586216910875,1.3986102909763736,1.6704359931782997,0.34887636670598604,0.02801342604809398,0.20149264683945234,0.013527909928342585,0.06713847944595969,227,-4.959007774143712e-05,0.2030146042180224,0.0,-0.04666457210835045,0.6129859354329137,-0.019299534763970977,0.0,,-0.0008461709888340589,,True,-0.0008461709888340589,1484.5638766519824,False,CARV,CARVER BANCORP INC,3.0,False
80969,0.005352815528099155,1.253127256025869,0.4830173625998671,0.3235825884457207,0.5313239358816239,5.256386662840402,1.4749094212126759,0.9708380190816727,0.14028157834352928,0.1500553190260171,0.010074485952185172,0.06713847944595969,227,0.012453466700216258,0.1607575912129005,0.004405286343612335,0.06423378633718986,0.2978615736840997,0.03567228114833481,0.0,,0.26835481786456045,,True,0.26835481786456045,15982.132158590308,True,CVLG,COVENANT LOGISTICS GROUP INC,3.0,False
80990,0.006460097444080976,0.7985274160639995,0.7052217510799272,0.7473747018946142,0.8457777687235005,4.417962774449253,2.8403273679597016,2.9576046209106663,0.15433605956229024,0.11376568924077239,0.007638055388747034,0.06713847944595969,227,0.013372787855332418,0.12288832027948396,0.00881057268722467,0.07752116932897171,0.19929166732635395,0.05678423334129238,0.0,,0.37696581663087003,,True,0.37696581663087003,7897.687224669604,False,LION,FIDELITY SOUTHERN CORP NEW,3.0,False
81010,0.014290755533780574,1.3422066228605076,0.8088733827720208,-0.7352438741012554,1.4104425107974148,5.598021997775956,2.45587493591083,-2.193391419631017,0.20767127519305262,0.15091357238658584,0.010132107777793142,0.06713847944595969,227,0.01941464237396658,0.16841230161247722,0.00881057268722467,0.17148906640536687,0.07990120843515953,0.09469496552088,0.0,,0.39934312019399903,,True,0.39934312019399903,95882.51101321586,True,SSYS,STRATASYS LTD,3.0,False
81013,-0.002534107562693967,1.8455114316941386,1.3093463524928328,-0.8901527969614942,-0.235391351267542,7.2443132421350835,3.741497874559891,-2.499277872073487,0.3152940699534801,0.16034781336319195,0.010765508371689244,0.06713847944595969,227,0.0052730515779656146,0.1924904595150549,0.01762114537444934,-0.0304092907523276,0.5929394894832734,-0.015803817398832545,0.0,,0.09489502250633225,,True,0.09489502250633225,69317.30396475771,True,TSEM,TOWER SEMICONDUCTOR LTD,3.0,False
81055,-0.0022310218394220567,1.5255743371290789,0.00629754612240126,1.6129628343517033,-0.4302476357422284,12.432631731142488,0.03736040116851095,9.402071678138395,0.524019613457104,0.07723494257533414,0.0051854366046039475,0.06713847944595969,227,0.008675153139080637,0.11120325799737679,0.0,-0.02677226207306468,0.6662844928629988,-0.028886172048952347,0.0,,0.2702403917101556,,True,0.2702403917101556,895064.7224669603,True,COF,CAPITAL ONE FINANCIAL CORP,1.0,False
81061,0.006668767217117364,0.7220524376388582,0.015085248724520422,0.1322435520613758,1.3298350775198415,6.084655422580346,0.0925401511725983,0.7970971539417837,0.15278350352101755,0.07469237562615484,0.005014732525746498,0.06713847944595969,227,0.010049435803287257,0.08060783981828049,0.0,0.08002520660540836,0.09246560811472525,0.0892831050185821,0.0,,0.4318719726998035,,True,0.4318719726998035,377938.00440528634,True,MCK,MCKESSON H B O C INC,1.0,False
81073,0.013498361415914723,0.8517346491695555,0.34303305447804533,0.6681546956333968,1.4887955214939008,3.9698430840233345,1.1638994827453644,2.2274889217536025,0.09707036264064128,0.13504375249249323,0.009066632201022525,0.06713847944595969,227,0.019638730900573508,0.14117108580684654,0.004405286343612335,0.1619803369909767,0.06897701901850421,0.0999554675190551,0.0,,0.4819015100940242,,True,0.4819015100940242,12592.396475770925,True,UHAL,AMERCO,3.0,False
81084,0.008022884301395668,0.9469236560783125,-0.3142002253238877,0.41358453205174905,0.6271576472093079,3.1280679844438395,-0.7555760584894639,0.9772259862157343,0.046243620270098096,0.19053830872114663,0.012792452323742624,0.06713847944595969,227,0.012438968931441832,0.1938035776369457,0.022026431718061675,0.09627461161674802,0.2655987422980828,0.042106410806538555,0.0,,0.22233775501697225,,True,0.22233775501697225,26337.51101321586,True,HDSN,HUDSON TECHNOLOGIES INC,3.0,False
81095,0.005855574137482163,0.4822102351060524,0.5207940114029129,0.8370386780860035,1.7535232535233065,6.102299147345373,4.797704885294455,7.576560548107956,0.347991781073846,0.04973778645508661,0.0033393193536023647,0.06713847944595969,227,0.011334464275920282,0.06118685487837273,0.004405286343612335,0.07026688964978596,0.0404430590179249,0.11772888491468687,0.0,,0.6417021447332946,,True,0.6417021447332946,64400.69603524229,True,NWBI,NORTHWEST BANCSHARES INC,3.0,False
81116,-0.008390407857238599,1.897644913983951,1.6286411739050943,0.19898598798738149,-1.0048372033138904,9.60378897462255,6.000169885536423,0.7203103511081147,0.4352811273481094,0.12437006610260179,0.008350017126722177,0.06713847944595969,227,0.0034228251916175517,0.16439852858272708,0.0,-0.10068489428686318,0.8419678371300765,-0.06746324192122523,0.0,,0.0721236033973989,,True,0.0721236033973989,144747.0,True,VECO,VEECO INSTRUMENTS INC DEL,3.0,False
81124,0.015217537031185863,1.0939670904994585,0.6814473410321495,0.018595348425859855,1.1935241672717536,3.625819093504478,1.6441621815056844,0.04408346231041753,0.08501012691641285,0.18990729544447654,0.012750087051836782,0.06713847944595969,227,0.021209216095520757,0.19721126419235294,0.039647577092511016,0.18261044437423035,0.11696616211657772,0.08013139777263077,0.0,,0.3725491037907358,,True,0.3725491037907358,12879.947136563876,True,MSN,EMERSON RADIO CORP,2.0,False
81132,-0.00620875772554035,1.711644621726588,0.45625593886147675,-0.12097380840572768,-1.0755290077135888,12.52985481004306,2.431372209039017,-0.6334222199291495,0.46797736814773405,0.08598270111552787,0.005772747811552963,0.06713847944595969,227,0.0014490272408683642,0.11709658850815545,0.0,-0.0745050927064842,0.8583498940947659,-0.0722093821779122,0.0,,0.04286698416599135,,True,0.04286698416599135,396702.32158590306,True,STM,STMICROELECTRONICS NV,1.0,False
81134,0.019127597415849257,1.4657268793774776,1.0675472064475042,0.46922488290025033,1.571903677485789,5.090185200410429,2.6988459706383265,1.1655504286333815,0.1626542551208524,0.1812437299973943,0.012168428441139124,0.06713847944595969,227,0.028753412197700678,0.19674730602851648,0.004405286343612335,0.2295311689901911,0.05869531035526926,0.1055352227419081,0.0,,0.506257207000028,,True,0.506257207000028,45363.35242290749,True,CYD,CHINA YUCHAI INTERNATIONAL LTD,1.0,False
81165,0.0014337066439388067,1.5207714156133492,0.4537970649718223,0.24840850238252035,0.150590208950962,6.750180766343873,1.4663026649958562,0.7886556535399869,0.20277932013772826,0.14180516867833512,0.00952058340264125,0.06713847944595969,227,0.009358492399779808,0.15776148836774162,0.0,0.01720447972726568,0.44021755516165606,0.010110397648416938,0.0,,0.20549228441458137,,True,0.20549228441458137,14649.722466960353,True,MIND,MIND TECHNOLOGY INC,3.0,False
81182,0.005391362586091292,0.2999133692774357,0.41413050789879274,0.09167538149288591,0.9123644055624206,2.1447695889254446,2.1559194038472116,0.46892894998947193,0.053301205507918614,0.0880154078439218,0.0059092206504569025,0.06713847944595969,227,0.0077615815000104905,0.0898568118554629,0.022026431718061675,0.06469635103309551,0.18128109445612703,0.0612547588900778,0.0,,0.2992194632217529,,True,0.2992194632217529,749.9427312775331,False,CPHC,CANTERBURY PARK HOLDING CORP,3.0,False
81184,0.003161730768599895,1.4723415066675685,0.8753406126978265,0.9173995965523867,0.3735828447379487,7.351663473492255,3.1817395104638067,3.276461810577474,0.27884965318640775,0.12605685267837147,0.00846326541256921,0.06713847944595969,227,0.013692014664236219,0.14745237201323774,0.00881057268722467,0.037940769223198736,0.35453480581276503,0.02508178414280192,0.0,,0.32166678273993693,,True,0.32166678273993693,8932.541850220265,False,USAP,UNIVERSAL STNLESS & ALY PRODS IN,3.0,False
81208,0.009586126126807332,1.126920497618368,0.23774618130907665,0.5592628301471104,1.6457567841816358,8.175810517980464,1.2556296672002807,2.902170996985902,0.27303504901869513,0.08675729119455577,0.005824752611652821,0.06713847944595969,227,0.016324591074696332,0.10107586326096518,0.004405286343612335,0.11503351352168799,0.05061125666109462,0.11049360802782746,0.0,,0.559481170715444,,True,0.559481170715444,5204.286343612334,False,CIGI,COLLIERS INTERNATIONAL GROUP INC,3.0,False
81220,0.0020123399086410827,1.907871953925141,1.3019157952777782,0.7405672928769149,0.22996511473443826,9.213504815473376,4.57687465105297,2.5580537934372582,0.38198511553628045,0.13033704777655364,0.008750631203193212,0.06713847944595969,227,0.014728372133329627,0.16468977044604288,0.004405286343612335,0.024148078903692992,0.40916484102350664,0.015439508128885846,0.0,,0.309798098310744,,True,0.309798098310744,69588.32158590309,True,NSIT,INSIGHT ENTERPRISES INC,3.0,False
81222,0.003972735650877421,0.4557636392922851,0.7424897584738588,0.9378255123011381,0.533760039512039,2.587683088352541,3.0688266700936375,3.8085789115350224,0.12017736446257832,0.11085929433973697,0.007442924454422025,0.06713847944595969,227,0.01009924643303267,0.11740125953478153,0.004405286343612335,0.047672827810529055,0.29701959935910444,0.03583583744185365,0.0,,0.297993531065806,,True,0.297993531065806,168398.14537444935,True,RCII,RENT A CENTER INC NEW,3.0,False
81225,-5.82800176767809e-05,0.506439517609709,0.5652586458520922,-0.10613291975631518,-0.006713149708394544,2.4651835903031354,2.0029927368890443,-0.36952284750588693,0.0619325005906628,0.12930694205556342,0.008681471471417344,0.06713847944595969,227,0.002914246270931282,0.13261816319942626,0.00881057268722467,-0.0006993602121213708,0.5026751383417982,-0.00045071066371469735,0.0,,0.07612264391613821,,True,0.07612264391613821,4080.0044052863436,False,SMIT,SCHMITT INDUSTRIES INC ORE,3.0,False
81241,0.0006568080788643235,1.6755104126567686,1.8546221436370098,-0.08649071425963625,0.07196773266141003,7.758209263574685,6.251443039230853,-0.28645297983654494,0.384934550112506,0.135934334220781,0.009126424504082119,0.06713847944595969,227,0.011216012599698998,0.1721736595044859,0.004405286343612335,0.007881696946371882,0.4713460453897639,0.0048318041400603985,0.0,,0.22566406193515562,,True,0.22566406193515562,118970.12334801762,True,BRKS,BROOKS AUTOMATION INC,3.0,False
81254,0.015068760051891892,1.7558653140831815,0.3829672723672075,-0.26293856500238055,1.179849195224792,5.809720067506054,0.9224357962825088,-0.6222828011058867,0.15749806371255481,0.19023022241368834,0.012771767877521755,0.06713847944595969,227,0.022347390760893912,0.20586962516917073,0.004405286343612335,0.1808251206227027,0.11965864742221184,0.07921328094293179,0.0,,0.3760323183437745,,True,0.3760323183437745,11752.088105726873,True,SNEX,STONEX GROUP INC,3.0,False
81278,-0.0023513161785532278,0.7645641429770039,0.7774171694195617,0.8820433264663599,-0.34500518266557445,4.740711616906199,3.5090876651362097,3.9119115961104383,0.1964394688813791,0.1015111883439554,0.006815306832165593,0.06713847944595969,227,0.004959531029018052,0.11248712713787604,0.0,-0.028215794142638733,0.6347921717854152,-0.02316312336514224,0.0,,0.15273142700932563,,True,0.15273142700932563,1918.7444933920706,False,STRT,STRATTEC SECURITY CORP,3.0,False
81282,0.009477320264615409,0.8446428406671549,2.181578218133147,-1.0542869113726012,1.308343932055206,4.92747576627419,9.264727702084063,-4.399260800218112,0.46906992746618503,0.10789271734830225,0.0072437529860577285,0.06713847944595969,227,0.014538315744406888,0.1470861162239103,0.0,0.1137278431753849,0.09605178834936438,0.08784022219053453,0.0,,0.3423994347292153,,True,0.3423994347292153,75980.44052863437,True,ACIW,A C I WORLDWIDE INC,3.0,False
81284,0.004654903448521907,0.9004736336282437,-0.05014606391071441,0.7712274691551184,1.3579367897164385,11.100815953580133,-0.4500193936942198,6.800422461742732,0.4341411077164715,0.051057508894013524,0.003427923511442631,0.06713847944595969,227,0.010460986749488544,0.06742233064744167,0.004405286343612335,0.05585884138226289,0.08792805959150589,0.09116981124528958,0.0,,0.5374765414789612,,True,0.5374765414789612,80092.52863436124,True,BMO,BANK MONTREAL QUE,1.0,False
81292,-0.00525653662022013,0.8082336058690498,0.713655086978562,0.39680740015505955,-1.1733530552688936,7.6239658539354185,4.900528092675357,2.677276976993715,0.33028121661446297,0.06672667503905466,0.004479927500606802,0.06713847944595969,227,0.0007103626835362874,0.08099374060363457,0.00881057268722467,-0.06307843944264155,0.879047014479395,-0.07877713998402461,0.0,,0.030382206094346213,,True,0.030382206094346213,13633.788546255506,True,TRK,SPEEDWAY MOTORSPORTS INC,1.0,False
81294,0.010344494531038058,0.49728901895216443,0.3103052191430098,0.09514610716091254,2.499161843989542,5.077021479225085,2.3062144590445155,0.6948013566045157,0.1519276031298279,0.061651463659340024,0.004139185525705931,0.06713847944595969,227,0.013317453371664087,0.06650053504631744,0.004405286343612335,0.1241339343724567,0.006584818090521763,0.1677899260948186,0.0,,0.6937239181936173,,True,0.6937239181936173,15437.920704845816,True,WDFC,WD 40 CO,3.0,True
81472,0.00514260152991341,1.8247842883107626,0.35214719826189184,-0.4858739426597182,0.9085048552971654,13.622942860090648,1.9137892841885245,-2.594493056825615,0.5119768319572637,0.08431097680223464,0.005660510783105614,0.06713847944595969,227,0.012001528416131816,0.11988424511382541,0.0,0.06171121835896092,0.182296165535502,0.06099563455392332,0.0,,0.3467888039080573,,True,0.3467888039080573,468241.25550660794,True,ASML,A S M L HOLDING N V,3.0,False
81481,0.010558140435253235,0.7917406852871612,-0.14498243453915538,-0.14222574893892823,1.7613494348888468,5.581566159256985,-0.7440446210185568,-0.7171679052746217,0.12718559211288416,0.0892833359699083,0.005994347416882401,0.06713847944595969,227,0.013101964558041457,0.09493091511617037,0.004405286343612335,0.12669768522303881,0.039774848385696025,0.11825432283143754,0.0,,0.47810069597925914,,True,0.47810069597925914,404566.54185022024,True,DLTR,DOLLAR TREE INC,3.0,False
81501,0.0025594360905387575,1.2296276795575611,0.37078360033925706,0.005544991889164392,0.5300848937198537,10.761920840091483,2.3623658647849726,0.0347125549186519,0.3957577679577968,0.0719163041666696,0.004828351309123331,0.06713847944595969,227,0.008416140433371215,0.09190095714050386,0.004405286343612335,0.03071323308646509,0.2982902355546737,0.03558909374162412,0.0,,0.31723680117819003,,True,0.31723680117819003,73119.15859030838,True,NATI,NATIONAL INSTRUMENTS CORP,3.0,False
81527,0.002420242817862615,1.391926235839003,0.870391121997494,0.10531741724756784,0.2235156216220037,5.432255476995864,2.4727994604190875,0.2939907512595436,0.17164359443332433,0.1612796444396686,0.010828070093264378,0.06713847944595969,227,0.010284649704659662,0.17602289190315265,0.013215859030837005,0.029042913814351378,0.4116694243698364,0.015006498968119798,0.0,,0.20240021776621808,,True,0.20240021776621808,35314.06167400881,True,MDCA,M D C PARTNERS INC,3.0,False
81540,0.011461266436717906,0.40072324530815634,-0.02141648887234559,0.6207854372216666,2.3316605618401174,3.4450242116837053,-0.13403138134289613,3.817321735816982,0.10664813530381734,0.07321427740551198,0.004915495258740757,0.06713847944595969,227,0.014841535616262634,0.07694541002548991,0.0,0.13753519724061486,0.01030530496089559,0.15654414470605754,0.0,,0.668169647577267,,True,0.668169647577267,383323.25550660794,True,ABC,AMERISOURCEBERGEN CORP,1.0,True
81541,0.0024545565182511426,0.682171592797014,0.9694520970198932,1.3101484293035035,0.5330129900679665,6.259986712285575,6.476145751033595,8.599432336164286,0.410807116692936,0.06859046420660324,0.004605059471323865,0.06713847944595969,227,0.011057247189605766,0.08876325257059457,0.00881057268722467,0.02945467821901371,0.2972776805784776,0.03578568167810769,0.0,,0.43152348228820836,,True,0.43152348228820836,49150.00881057269,True,MBFI,M B FINANCIAL INC NEW,3.0,False
81560,0.0038435817776123053,0.639935938994362,-0.03803978049851025,0.2886395215774691,0.694800411500915,4.888498275967484,-0.2115375385813351,1.5771182727995365,0.1080029922698782,0.08239570188772112,0.005531922137624185,0.06713847944595969,227,0.007222019143767099,0.08666047613435919,0.01762114537444934,0.046122981331347665,0.2439518356718837,0.046647843146598506,0.0,,0.2886876381995819,,True,0.2886876381995819,768.453744493392,False,GFED,GUARANTY FEDERAL BANCSHARES INC,3.0,False
81564,0.00498279068882492,0.5805666016214202,0.5227908692987288,0.8639492874020885,1.2198552682942938,6.006240727324461,3.937215253448509,6.393054974680713,0.29953372832688696,0.06084050874691313,0.004084739245986358,0.06713847944595969,227,0.010947532737410734,0.07221001492448526,0.0,0.05979348826589904,0.11190413490795575,0.08189922785742208,0.0,,0.5251815260957489,,True,0.5251815260957489,31512.264317180616,True,IBKC,IBERIABANK CORP,3.0,False
81566,0.015211054033736933,1.765909342239603,0.9289350650169055,-0.5839915957196704,1.2959330647004517,6.3577974801063295,2.43463645986198,-1.5038841602082988,0.2260270218738134,0.17482568448056723,0.011737530624124396,0.06713847944595969,227,0.022764275155033414,0.19739700090510343,0.004405286343612335,0.1825326484048432,0.09816911548614403,0.08700697542773081,0.0,,0.39948814809958316,,True,0.39948814809958316,17420.674008810573,True,PCMI,P C M INC,3.0,False
81577,0.0016137201863064988,0.7903583502110293,-0.12830118284346206,0.9909367889092314,0.4637876030391077,9.599088026270156,-1.1343499795664072,8.608379062306511,0.42935527909599236,0.05182479522545877,0.003479437949035533,0.06713847944595969,227,0.007430805015205067,0.06814796704902439,0.004405286343612335,0.019364642235677985,0.3216261537658646,0.03113799445393204,0.0,,0.37772313349315256,,True,0.37772313349315256,108500.68281938326,True,WAFD,WASHINGTON FEDERAL INC,3.0,False
81584,0.008388551379339162,0.29909105716661133,1.0426920609287715,0.4899969100593664,1.0075863907120568,1.5181468261267133,3.852803803715828,1.778988709059224,0.09048495580504645,0.12400328058866802,0.008325391705033859,0.06713847944595969,227,0.013222229739382039,0.12915952621797328,0.013215859030837005,0.10066261655206994,0.15737255156119798,0.06764781818285012,0.0,,0.3546246160629072,,True,0.3546246160629072,50579.55947136564,True,CBZ,CBIZ INC,1.0,False
81588,0.002727614932685208,0.6168667488516613,0.7783302911376817,-0.662718969693347,0.3532804794566211,3.3763150671526794,3.101173167079035,-2.5944810924795276,0.1590600351934236,0.11499843156294072,0.007720819833806097,0.06713847944595969,227,0.005010845884469385,0.12456832733565626,0.02643171806167401,0.03273137919222249,0.36210595646531474,0.023718714208657142,0.0,,0.1393458489237353,,True,0.1393458489237353,2019.057268722467,False,TAIT,TAITRON COMPONENTS INC,3.0,False
81610,0.00531693751927714,0.8725847343073373,0.1528609030951718,0.7351379604704291,0.902518702191622,6.25917779881908,0.7982089215632289,3.7717945511045095,0.20161615629751606,0.08774731686746895,0.005891221429944676,0.06713847944595969,227,0.011333448225368654,0.09754975601907223,0.0,0.06380325023132569,0.18387759652736285,0.060593733336686426,0.0,,0.4024635007278111,,True,0.4024635007278111,12432.286343612335,True,CWCO,CONSOLIDATED WATER CO LTD,3.0,False
81621,-0.0023438725741060425,1.70821538363361,1.7420124525751242,-0.20650808083928823,-0.1816931380697739,5.595799965501259,4.154141511800702,-0.4838671130019302,0.23606917521075044,0.19214273596423564,0.012900171129225294,0.06713847944595969,227,0.007768641700503813,0.2183711017447019,0.00881057268722467,-0.02812647088927251,0.5720057022482554,-0.01219860101576943,0.0,,0.12323683879016142,,True,0.12323683879016142,225864.5242290749,True,HLIT,HARMONIC INC,3.0,False
81624,0.019557777282434585,1.141155895000951,-0.08004977347811632,0.1737392032768399,0.8494867966764985,2.0945809007963567,-0.10696033325479393,0.22809695562872018,0.02025884213353668,0.3429188526351555,0.023023050339277464,0.06713847944595969,227,0.02458048769022232,0.3441390041021937,0.022026431718061675,0.234693327389215,0.19826076037422066,0.057033251838279224,0.0,,0.24742707479704137,,True,0.24742707479704137,11642.859030837004,True,ISNS,IMAGE SENSING SYSTEMS INC,3.0,False
81655,0.011230116604063978,0.6374814380653944,-0.15710974411102513,0.5133199902899641,1.92230801419873,4.61127771767191,-0.8273082121925636,2.6558981388418714,0.11347307113163951,0.08701413113689295,0.005841996454842328,0.06713847944595969,227,0.014990311397686409,0.09179986316767338,0.004405286343612335,0.13476139924876773,0.027920583866726176,0.12906083710008504,0.0,,0.5656649163985836,,True,0.5656649163985836,347514.8193832599,True,DRI,DARDEN RESTAURANTS INC,1.0,False
81665,0.012263643943633613,1.3279631616615124,0.4757583008108211,0.2255841224924321,1.1242002413796455,5.144287037382602,1.3416400643844706,0.6250535075218285,0.13290535591531671,0.16248166382517457,0.010908771847071813,0.06713847944595969,227,0.01937629753426607,0.17332823624811003,0.00881057268722467,0.14716372732360336,0.13106837794284085,0.07547709479901024,0.0,,0.38725060057589245,,True,0.38725060057589245,20837.224669603525,True,SYX,SYSTEMAX INC,1.0,False
81677,0.007131218213728002,1.0246996265161763,0.4859869894512449,0.6400813416417847,1.4308066252005605,8.68818017111768,2.999627747893714,3.8818335611201835,0.3349312958679411,0.0742354392212992,0.004984054510320986,0.06713847944595969,227,0.01420445933128628,0.09042244340790141,0.004405286343612335,0.08557461856473603,0.07694271743824051,0.09606218119717078,0.0,,0.544175634468285,,True,0.544175634468285,95089.7268722467,True,WAB,WABTEC CORP,1.0,False
81678,0.0057761115610988414,1.1262917960919263,0.3197144482286008,0.8342118762326032,1.2603931304562437,10.385714973915572,2.1461408489066023,5.502136361252722,0.4068820854741263,0.06825870492367139,0.004582785657525739,0.06713847944595969,227,0.013472047017102846,0.08804115578648038,0.004405286343612335,0.0693133387331861,0.10442241114194453,0.0846208782829653,0.0,,0.5300764104498974,,True,0.5300764104498974,56394.493392070486,True,LECO,LINCOLN ELECTRIC HOLDINGS INC,3.0,False
81696,4.915120068414128e-05,1.3456507250352558,-0.04573790100604097,-0.3673566283606442,0.007917334379828181,9.159931580143633,-0.22664523308249254,-1.7886166226089353,0.29762120399335823,0.09246633473842211,0.006208049114278781,0.06713847944595969,227,0.004436584159085818,0.10959636721437375,0.0,0.0005898144082096953,0.4968450126668925,0.0005315577915268843,0.0,,0.1402307279138365,,True,0.1402307279138365,598707.4625550661,True,DISH,DISH NETWORK CORP,3.0,False
81734,0.009588889026952832,0.7504496710826569,0.21934839128047395,0.1761050798462685,1.053678354120607,3.4847879919110474,0.7414804803003008,0.5849196019201977,0.06340851193229191,0.13554663267199069,0.009100394811617493,0.06713847944595969,227,0.013643042322122727,0.13912713494075754,0.013215859030837005,0.11506666832343398,0.14658526056619456,0.070742362520779,0.0,,0.33969566730158346,,True,0.33969566730158346,291903.7268722467,True,PAAS,PAN AMERICAN SILVER CORP,3.0,False
81736,0.013700544500646245,0.5744585645389139,0.8099185263425475,-0.1788559514431194,2.26946765683427,4.0212391577700055,4.12717616309147,-0.8955175313519905,0.1833149851641538,0.08991710768774822,0.006036897886334028,0.06713847944595969,227,0.01726107655478463,0.09883556453752446,0.0,0.16440653400775496,0.012098036786269875,0.15236860763163795,0.0,,0.604985902111624,,True,0.604985902111624,140314.0925110132,True,RMD,RESMED INC,1.0,True
81740,0.006734690914277612,1.4901260463160428,0.8751584159456494,0.758368356864823,0.8182303064356703,7.650607512830795,3.270921106459712,2.7849834744359065,0.2888791517544872,0.12259439263021751,0.00823080110979377,0.06713847944595969,227,0.016882514074719218,0.14440994836048593,0.004405286343612335,0.08081629097133133,0.2070495724821624,0.05493473861069255,0.0,,0.40497725356034414,,True,0.40497725356034414,158946.98237885462,True,SBGI,SINCLAIR BROADCAST GROUP INC,3.0,False
81774,0.004015235525864049,1.5736559231355538,0.3330077719379032,0.5201562045322595,0.4543429696803324,7.524845579087825,1.1591847518811538,1.7790620540924562,0.23414331371560426,0.1316302517088667,0.008837454948822246,0.06713847944595969,227,0.01268052815257987,0.149410173330114,0.0,0.04818282631036859,0.32501195689976087,0.03050389613129928,0.0,,0.2940003152067703,,True,0.2940003152067703,2729854.59030837,True,FCX,FREEPORT MCMORAN INC,1.0,False
81784,-0.0007698897544536221,0.9923968083160425,0.4355308903301397,0.7307785395242262,-0.09756563013028516,5.314576913567795,1.6979026253786424,2.799230265136026,0.1612397479317914,0.11753309842815725,0.007890993513038791,0.06713847944595969,227,0.00632360312724476,0.12747924316392012,0.0,-0.009238677053443466,0.5388175742335282,-0.006550408053134254,0.0,,0.17183663208928254,,True,0.17183663208928254,131356.99118942732,True,TK,TEEKAY CORP,1.0,False
81861,0.0008881002352692447,0.7389174618895219,0.2340312214993141,0.2569312581633312,0.13830440369720332,4.8627839808728215,1.1211747951807596,1.2094153971088302,0.11920607626693958,0.09564328309016329,0.006421344595893032,0.06713847944595969,227,0.005157172551072281,0.10123146745650025,0.00881057268722467,0.010657202823230936,0.4450623260604885,0.009285547364910395,0.0,,0.17647644761635276,,True,0.17647644761635276,4016.68281938326,False,DSWL,DESWELL INDUSTRIES INC,3.0,False
81869,0.0042900263138985865,0.521666438714118,1.1377921883502429,-0.273597109606518,0.397046172628196,2.0402762747777214,3.2394367800318573,-0.7653799641405419,0.09192531606424048,0.16093386482460126,0.010804854975685346,0.06713847944595969,227,0.008054189116046294,0.16775862923393187,0.01762114537444934,0.05148031576678304,0.34585657393531444,0.0266570763000951,0.0,,0.1663135282693259,,True,0.1663135282693259,7055.916299559472,False,GVP,G S E SYSTEMS INC,3.0,False
81893,0.007115204086653031,0.5189247932148591,0.6752648958534597,-0.16375814416997897,1.0764846772907377,3.317721567229687,3.142824769121475,-0.7488725730648762,0.12386077030007292,0.09844825167595896,0.0066096659216370365,0.06713847944595969,227,0.010206311317603583,0.1044767505477212,0.01762114537444934,0.08538244903983637,0.14143687713427264,0.07227354438017473,0.0,,0.33840734263418837,,True,0.33840734263418837,2567.581497797357,False,WSTG,WAYSIDE TECHNOLOGY GROUP INC,3.0,False
81912,-0.002765306829051021,1.3606110286447601,0.07860951737331157,-0.16309314883495557,-0.49865150003543013,10.368186836972962,0.4360682196247464,-0.8889432727835247,0.3515570054859065,0.08259898207294092,0.0055455700601613365,0.06713847944595969,227,0.002530827400944913,0.10189127713111955,0.0,-0.03318368194861225,0.690741794523362,-0.03347870348582569,0.0,,0.08604311903919139,,True,0.08604311903919139,63782.2422907489,True,AVX,A V X CORP NEW,1.0,False
82107,0.0008189827930196142,0.6801712610500957,0.1280243349058522,0.9355476210837262,0.23210857489024025,8.146099490201822,1.116180521368855,8.014322837244661,0.3741502570838915,0.052554764102455694,0.003528446949479982,0.06713847944595969,227,0.006565234892588681,0.06598956475590924,0.0,0.00982779351623537,0.40833327439621875,0.015583416784499392,0.0,,0.34463995753417404,,True,0.34463995753417404,35430.101321585906,True,WABC,WESTAMERICA BANCORPORATION,3.0,False
82162,0.015462730193935327,1.2286027216640003,1.388890133195963,-0.324576988456755,0.7553129222842333,2.536105022070626,2.0870561462098816,-0.4792288880563543,0.06690296748793367,0.30492129954920577,0.020471952402419665,0.06713847944595969,227,0.022519013705850875,0.31356138196109956,0.0,0.18555276232722392,0.2254291297353056,0.05071056110804773,0.0,,0.24878111986196355,,True,0.24878111986196355,10385.84140969163,True,CHNR,CHINA NATURAL RESOURCES INC,3.0,False
82171,0.00885606066526731,0.4331462653831997,0.005850857601920515,-0.14543243821035137,1.0783999458884046,2.2288912171928157,0.021917161412370077,-0.5352850154438584,0.025544290837511086,0.12231767693922027,0.008212222839061378,0.06713847944595969,227,0.01023391586413439,0.12308535543198193,0.00881057268722467,0.10627272798320772,0.14101020235848385,0.0724021326015527,0.0,,0.28802227811514547,,True,0.28802227811514547,404.0616740088106,False,DIT,AMCON DISTRIBUTING CO,2.0,False
82176,0.010270143433357217,0.4804413371341543,0.6918691685567032,0.5990444990240877,1.0766786139069358,2.1284574315586964,2.2313056166005,1.89824903801912,0.060576405391565835,0.14207541103690954,0.009538727063677825,0.06713847944595969,227,0.015421552044534496,0.1456083904593868,0.0,0.1232417212002866,0.14139363278519904,0.07228656498969517,0.0,,0.36688698485616,,True,0.36688698485616,9090.19383259912,False,BREW,CRAFT BREW ALLIANCE INC,3.0,False
82179,0.011285357922637993,0.5670885893042821,1.7229925574679577,-0.2136299124324213,1.693386400451464,3.5958921934773427,7.953341576140496,-0.9689186577030143,0.32796925734658244,0.09926308506841534,0.006664372596608351,0.06713847944595969,227,0.016643139164385354,0.12027944359631515,0.0,0.13542429507165593,0.04588914550659897,0.11369138804077827,0.0,,0.47932983007310803,,True,0.47932983007310803,56586.32158590308,True,IART,INTEGRA LIFESCIENCES HLDNGS CORP,3.0,False
82196,0.0050735153940078504,1.3002009037594446,0.8589007817903197,1.192780065043685,0.47840153671651414,5.180946066154659,2.491449477200572,3.3996051777683847,0.18025498443256638,0.1579591962800136,0.010605140252746005,0.06713847944595969,227,0.015649266295997704,0.17330206392991365,0.004405286343612335,0.0608821847280942,0.3164165610177909,0.03211915173975722,0.0,,0.31281017330301497,,True,0.31281017330301497,917150.6607929516,True,DNR,DENBURY RESOURCES INC,1.0,False
82212,0.003693543894377519,1.0282211239348196,1.118275264343737,1.2343761319335786,0.4123327960215962,4.850719485914485,3.84042100330253,4.165207639531716,0.21295520667420942,0.13342090571361995,0.008957676735915198,0.06713847944595969,227,0.01381696316842095,0.1493902903478582,0.0,0.04432252673253023,0.3402458116238891,0.027683396950591025,0.0,,0.320391401051401,,True,0.320391401051401,39125.907488986784,True,KFRC,KFORCE INC,3.0,False
82251,0.00477383994800574,0.3465369764500209,-0.08658995243294791,0.06618768425657286,1.2359782092241067,3.791469490674442,-0.6896614705961865,0.5179700782595117,0.06184084901928444,0.057528829685645974,0.0038623981493998575,0.06713847944595969,227,0.006206085497029199,0.058999114244577884,0.004405286343612335,0.05728607937606888,0.10888349916238896,0.08298169759564675,0.0,,0.36438700935103596,,True,0.36438700935103596,398.56387665198235,False,AUBN,AUBURN NATIONAL BANCORP,3.0,False
82272,0.01094877410913674,0.7587286779072956,0.3005307920761056,0.506462179941291,1.607598619971276,4.70775282568145,1.3574586465472671,2.2477275843532394,0.1258147184344648,0.10144166523755566,0.006810639156515554,0.06713847944595969,227,0.016153991141909192,0.10777371086547947,0.0,0.13138528930964088,0.05466900929315039,0.10793172690429467,0.0,,0.5192274289919863,,True,0.5192274289919863,88905.0,True,MD,MEDNAX INC,1.0,False
82276,0.009492589509613177,0.4287994788727961,0.22485749835380617,0.22674445654104836,2.9534474620847386,5.63785395783151,2.1521742282961633,2.132385659971151,0.1755371063542367,0.04787226215675352,0.0032140708888427896,0.06713847944595969,227,0.01238016981222595,0.05237169198036087,0.004405286343612335,0.11391107411535813,0.0017395437370927402,0.198289971727898,0.0,,0.818880670463992,,True,0.818880670463992,78482.02643171806,True,ACGL,ARCH CAPITAL GROUP LTD NEW,3.0,True
82279,0.0030396620909358225,0.3053623328352257,0.4195249864534042,0.2533283286191672,0.5881478051419234,2.4968454566532854,2.4971492989202,1.481594842464879,0.0722562949525889,0.07697812445668371,0.005168194226623586,0.06713847944595969,227,0.005906422070442848,0.07938739097032291,0.01762114537444934,0.03647594509122987,0.27851412537566805,0.039487349326707326,0.0,,0.25772916811883895,,True,0.25772916811883895,3525.1409691629956,False,SENEA,SENECA FOODS CORP NEW,3.0,False
82281,0.02251110785255737,3.159633669971566,-1.119954835273012,0.04996538442459311,0.9397516296938566,5.574012984974633,-1.4382759916204177,0.06304780601488365,0.12231968414484828,0.356789676705305,0.02395431637600972,0.06713847944595969,227,0.03328803765977874,0.3783052016760226,0.00881057268722467,0.27013329423068844,0.17418088457049596,0.06309349547450811,0.0,,0.3048151188805464,,True,0.3048151188805464,67582.43171806168,True,SMSI,SMITH MICRO SOFTWARE INC,3.0,False
82287,0.010659204948064535,1.4050272333649156,0.8322149239236685,-0.7569268932900945,0.8783489671379657,4.892626335177407,2.109615390276587,-1.885301202136164,0.16522366969258917,0.18075329235857893,0.012135501203805995,0.06713847944595969,227,0.016028709376734517,0.1965166559667972,0.00881057268722467,0.12791045937677442,0.19034988059802915,0.05897101407657224,0.0,,0.28254642217146747,,True,0.28254642217146747,108504.75330396475,True,CRAY,CRAY INC,3.0,False
82292,0.002710656996535186,0.8098238300700635,0.09482443186044646,0.6219574263672164,0.5205797176785438,6.572313240926389,0.5602197689492883,3.6104211258442205,0.20851302254521686,0.07755607487864055,0.0052069969391489185,0.06713847944595969,227,0.008022515205685768,0.08659486637146867,0.013215859030837005,0.03252788395842223,0.3015880305863932,0.03495093067534441,0.0,,0.32092904632785246,,True,0.32092904632785246,63690.28634361234,True,THG,HANOVER INSURANCE GROUP INC,1.0,False
82298,-0.003314641003968851,1.07391365291428,0.15630815280387775,0.47055175391580334,-0.5029453895030502,6.886026990637416,0.7296111574207682,2.1581233102243664,0.2030345579597811,0.09816217353138379,0.006590459070007538,0.06713847944595969,227,0.002779950779265428,0.10922514578763516,0.0,-0.03977569204762621,0.6922504844641011,-0.03376698869559072,0.0,,0.08816680366973698,,True,0.08816680366973698,403010.1189427313,True,DO,DIAMOND OFFSHORE DRILLING INC,1.0,False
82303,0.008399391560027102,0.509873738090828,-0.35608067417602807,0.5868835949233151,2.260539064938584,5.798849756382187,-2.948072066266016,4.774200844663054,0.22406874615711347,0.05534320547340285,0.003715658663149581,0.06713847944595969,227,0.011425289382109256,0.0624095281608854,0.0,0.10079269872032523,0.012376569707133031,0.15176915554816803,0.0,,0.6341718094703732,,True,0.6341718094703732,86854.80176211454,True,RE,EVEREST RE GROUP LTD,1.0,True
82307,0.014322768179639895,0.6027336626812537,0.10082247176779052,0.5600001859557486,2.2671430244754722,4.031739166921776,0.49094721373122474,2.6793204174895524,0.09890079748602987,0.0940971658262242,0.006317540633747013,0.06713847944595969,227,0.018618031885674027,0.09846648887901681,0.004405286343612335,0.17187321815567874,0.012170023268235306,0.15221253534979737,0.0,,0.6549919171495251,,True,0.6549919171495251,198394.26872246695,True,DVA,DAVITA INC,1.0,True
82311,0.013433335939160369,0.8287790307771429,0.15175319177337793,0.07382556303650013,2.5953633348245764,6.766562035459623,0.9019399560994682,0.4311273587508545,0.19335215768993075,0.07709286924750305,0.005175898017403541,0.06713847944595969,227,0.017374263974312083,0.08526492871289994,0.0,0.16120003126992444,0.005038153360906769,0.1742487479099172,0.0,,0.7058730571147299,,True,0.7058730571147299,49516.06167400881,True,BAP,CREDICORP LTD,1.0,True
82486,0.006440708363626843,0.46941719759306577,0.05499618390628586,0.24376086226924268,1.8909917899011015,5.824116171853625,0.49672276840803253,2.163239041690981,0.15619912756032572,0.05073089103179166,0.003405994884813165,0.06713847944595969,227,0.009185581751840326,0.05485935753187831,0.0,0.07728850036352211,0.029960884387629214,0.12695831341875363,0.0,,0.5800248127958799,,True,0.5800248127958799,11038.162995594714,True,ERIE,ERIE INDEMNITY CO,3.0,False
82508,0.013690112228089392,0.5963808591332895,2.064221959957201,-1.4900009365978737,1.325702335769368,2.4404939396194396,6.149232447639823,-4.361240945476341,0.2983783474060997,0.15381174022895924,0.01032668635990927,0.06713847944595969,227,0.016234898918278215,0.18240477626721888,0.0,0.1642813467370727,0.09314737051867734,0.08900563902151246,0.0,,0.3083216389137551,,True,0.3083216389137551,194923.52863436122,True,MYGN,MYRIAD GENETICS INC,3.0,False
82515,0.011066363892405007,0.9870764797840413,0.36197633115616706,0.8900514992176694,2.294480844903637,8.648590160271388,2.308793901202311,5.578008245030924,0.34660956878093396,0.07183713596972509,0.0048230360767599996,0.06713847944595969,227,0.01843865614469972,0.08827969749798838,0.0,0.13279636670886008,0.01134666871794664,0.15404795504471105,0.0,,0.7235341799090267,,True,0.7235341799090267,65118.96916299559,True,POOL,POOL CORP,3.0,True
82518,0.013391037807225564,1.1775266755528193,1.0466271076944889,0.3938633298208034,1.2582228798735302,4.675511403379958,3.025246895911811,1.1185963981689409,0.15588016152527118,0.15852039901467152,0.010642818551011853,0.06713847944595969,227,0.02157141599508993,0.1713883568935489,0.022026431718061675,0.16069245368670676,0.10481347587224332,0.08447517095882522,0.0,,0.43600147841905185,,True,0.43600147841905185,12893.1718061674,True,RICK,RCI HOSPITALITY HOLDINGS INC,3.0,False
82526,-0.009893535512085331,1.9757474670590038,1.3545260078562729,-0.8138125864329149,-0.5580030605632033,4.709030702123345,2.350162625157741,-1.387375409824321,0.15667346352781464,0.26408481809655043,0.017730253131765253,0.06713847944595969,227,-0.0012367470696204362,0.28565627176571107,0.004405286343612335,-0.11872242614502397,0.711298971444118,-0.03746347701240522,0.0,,-0.014997806611796914,,True,-0.014997806611796914,43349.56828193833,True,ACHV,ACHIEVE LIFE SCIENCES INC,3.0,False
82542,0.01321166465664565,0.742741166372493,0.3677892909515211,0.22619220196200285,2.2193733876377557,5.272606392595937,1.9006292784893442,1.1485105453462776,0.15023042963121236,0.08866570395994074,0.005952880542876027,0.06713847944595969,227,0.017690780265845727,0.09554397173377299,0.0,0.1585399758797478,0.013734280145554728,0.14900535456882738,0.0,,0.6414079232829404,,True,0.6414079232829404,2425.4625550660794,False,CCF,CHASE CORP,2.0,False
82547,0.0033874096069134883,1.8022643880536944,1.6971967834805304,-0.29003750680875207,0.36239247941227576,8.147886805464237,5.585591423742011,-0.9378862114394801,0.3838038443899513,0.1392249393633928,0.009347350729814132,0.06713847944595969,227,0.013553114860683254,0.1761796557818635,0.0,0.040648915282961856,0.3587009818795881,0.024330480030391444,0.0,,0.26648574644265755,,True,0.26648574644265755,94944.92951541851,True,AEIS,ADVANCED ENERGY INDUSTRIES INC,3.0,False
82552,0.007333657807587142,0.8623245859582805,0.5889634195446856,1.085452428119213,0.7986397496413215,3.968405775061623,1.973077322529858,3.5729389952257518,0.13211934072507747,0.13677232154579194,0.009182685698878342,0.06713847944595969,227,0.015231182303021347,0.1458365646485497,0.0,0.08800389369104569,0.21267453166889172,0.05361945841602025,0.0,,0.3617910456373229,,True,0.3617910456373229,11786.691629955947,True,ASFI,ASTA FUNDING INC,3.0,False
82555,-0.005534088514817108,1.815221562808187,1.2604122865891714,-0.613059858257293,-0.47518376974737825,6.586582916318099,3.3293053495932563,-1.5911198879892874,0.262392537302819,0.1734654557490392,0.011646206935390898,0.06713847944595969,227,0.002838383405709629,0.20063124236096236,0.01762114537444934,-0.06640906217780529,0.6824394622877901,-0.03190311575823799,0.0,,0.04900756444706174,,True,0.04900756444706174,190217.29074889867,True,BLDP,BALLARD POWER SYSTEMS INC,3.0,False
82573,0.0024206720201454847,0.7121073931491909,0.8592470405458468,0.995887037255573,0.5922781899315503,7.362923851154457,6.467453848278784,7.365197481054442,0.4163644925546941,0.06087496278954521,0.004087052438019442,0.06713847944595969,227,0.0100143219657706,0.07915276087575679,0.00881057268722467,0.029048064241745816,0.27713218267181156,0.0397646570810096,0.0,,0.4382744014525033,,True,0.4382744014525033,15839.533039647577,True,FFIC,FLUSHING FINANCIAL CORP,3.0,False
82575,-0.0034839178217623366,1.329235888451391,0.6932817179329032,1.7117412474918456,-0.4906237069974634,7.910386612178816,3.0034186842186843,7.286236595980069,0.36623299155944966,0.10576643636368935,0.0071009977138759605,0.06713847944595969,227,0.008347276919725614,0.13197183939108373,0.004405286343612335,-0.04180701386114804,0.6879124823881058,-0.032939729667949745,0.0,,0.21910595164120453,,True,0.21910595164120453,37374.96916299559,True,BANR,BANNER CORP,3.0,False
82581,0.012091997116441544,0.4317995364685635,0.4633706218430159,0.3394437797574594,2.3645561301615015,3.568196712892808,2.7874404090702667,2.0063374232213684,0.11431188939904868,0.07616876359893342,0.005113854969311153,0.06713847944595969,227,0.015817925927744326,0.08039604980623105,0.0,0.14510396539729853,0.009454875816665768,0.15875270314366594,0.0,,0.6815621275733579,,True,0.6815621275733579,127203.38325991189,True,HSIC,SCHEIN HENRY INC,3.0,True
82587,0.004871603373906801,1.0744348006831077,1.3514223479766798,0.08101575454715598,0.4432938000967965,4.131567242688463,3.7829999389889637,0.22283004204983034,0.16312637705536326,0.16368495530994873,0.010989559007689822,0.06713847944595969,227,0.012375646110022462,0.17773666881227848,0.00881057268722467,0.058459240486881614,0.3289914985350375,0.02976207168632013,0.0,,0.2412023133131911,,True,0.2412023133131911,29189.176211453745,True,IVAC,INTEVAC INC,3.0,False
82598,0.0059672665316047955,1.8862529170508824,1.42260097735476,-1.0831461984259887,0.7129161285001573,9.523091392157529,5.2284337519072,-3.911421420354645,0.4609832834247809,0.12467101498193767,0.008370222376871754,0.06713847944595969,227,0.013628600022598511,0.16867961071026852,0.004405286343612335,0.07160719837925755,0.2383214924292659,0.04786410484000096,0.0,,0.2798847777248038,,True,0.2798847777248038,1295276.3348017621,True,NTAP,NETAPP INC,3.0,False
82599,0.0001702141984892523,0.7275474535973798,0.9539027050963037,0.8954145420013541,0.022900320929100017,4.136396230759724,3.9479838556829154,3.6412831725509633,0.18380479650722836,0.11070894555164254,0.007432830265402823,0.06713847944595969,227,0.0077395488574027,0.12172615587721093,0.0,0.0020425703818710275,0.49087513115481823,0.0015374927260042618,0.0,,0.22025326852850713,,True,0.22025326852850713,10488.022026431718,True,NWPX,NORTHWEST PIPE CO,3.0,False
82634,0.013744158149849701,0.5610177702535276,0.3531233793512692,0.6684097375340602,2.2555527854145088,3.890688785688302,1.7827351455426963,3.3156001129724717,0.12150712754169679,0.09075982453595076,0.0060934766141258374,0.06713847944595969,227,0.018710644724120935,0.09618840834880787,0.004405286343612335,0.16492989779819642,0.012534540320360013,0.1514343843228291,0.0,,0.6738397663682657,,True,0.6738397663682657,19910.88105726872,True,SAM,BOSTON BEER INC,1.0,True
82642,0.005326348378149674,0.9364715704905702,-0.10679847993702399,0.24171147196353004,1.2370428503331967,9.191042969563735,-0.7630372666861969,1.6968246485906402,0.2857605482892127,0.06413178442901118,0.004305710490719885,0.06713847944595969,227,0.009645177079771559,0.0753788692612774,0.0,0.06391618053779609,0.10868613576475317,0.08305317598086671,0.0,,0.4432525166239154,,True,0.4432525166239154,321723.3524229075,True,EL,LAUDER ESTEE COS INC,1.0,False
82649,0.005233223865164439,0.8498612675113373,0.34845099656788786,0.7051894731978903,0.8704276775704094,5.973466599711247,1.7829148118434415,3.545306001808566,0.1994122196294772,0.08954990305169218,0.006012244325423717,0.06713847944595969,227,0.011483335952132502,0.0994165878778433,0.0,0.06279868638197326,0.19250136678610558,0.05843919073975535,0.0,,0.4001288262661967,,True,0.4001288262661967,27252.748898678416,True,SWM,SCHWEITZER MAUDUIT INTL INC,1.0,False
82651,0.007132317735010409,0.982973382431558,0.3726229472674187,-0.4857957550647549,1.3204817291327489,7.690569412871803,2.1222513280357265,-2.718566470332655,0.29262275225767576,0.08045013636723057,0.005401299826915964,0.06713847944595969,227,0.010571763183950195,0.0950165928148156,0.0,0.08558781282012491,0.09401393092825298,0.08865513543014437,0.0,,0.38542385951209807,,True,0.38542385951209807,166912.24669603523,True,WAT,WATERS CORP,1.0,False
82654,0.00618448430020263,0.9793479959915778,-0.1123007820848105,0.7035977554964465,2.1700366349068854,14.521639041914755,-1.212193241500244,7.462297275836596,0.5462932924150298,0.04244875181197444,0.0028499446510348897,0.06713847944595969,227,0.011990253795716697,0.06260017344657899,0.0,0.07421381160243155,0.01553030872393,0.14569296000967544,0.0,,0.6635038731178412,,True,0.6635038731178412,129049.83259911895,True,RY,ROYAL BANK CANADA MONTREAL QUE,1.0,True
82656,0.008223714844655188,1.1292677624068317,0.1599562420897063,0.23580052297775825,1.1691450682828912,6.784413562947633,0.6995633598094709,1.0132804171616823,0.19128290278810145,0.10476787607665572,0.007033955894569402,0.06713847944595969,227,0.013881725646204197,0.11572522645560646,0.0,0.09868457813586226,0.12179669049809995,0.07849462213625602,0.0,,0.41553349865651074,,True,0.41553349865651074,69905.52863436124,True,CLB,CORE LABORATORIES NV,1.0,False
82686,0.00801262607885587,1.4320612506270534,0.49953253641607004,-0.8024368504211619,0.9373197591580472,7.079286908857936,1.7976377512392876,-2.837319788516127,0.26201369083334514,0.12732556231202424,0.008548444648231098,0.06713847944595969,227,0.01266091404638368,0.1472277456666545,0.0,0.09615151294627045,0.17480406008032037,0.06293022338452442,0.0,,0.297896925600563,,True,0.297896925600563,630390.6872246696,True,CTXS,CITRIX SYSTEMS INC,3.0,False
82694,0.006680755472181742,1.033925900555659,0.9046229614419312,0.6480374483679422,1.37213236622424,8.973768705375997,5.715622572898688,4.023046591875115,0.4091278616302598,0.07252004522458935,0.004868885565731159,0.06713847944595969,227,0.01469828675286541,0.09371508905217914,0.0,0.0801690656661809,0.08570045086010913,0.09212288066688215,0.0,,0.5433101477608314,,True,0.5433101477608314,77763.25110132158,True,EME,EMCOR GROUP INC,1.0,False
82747,0.0023095316251241236,1.1450531914701791,0.2272617696148454,0.34553424440292235,0.13625709952446233,2.854801472539831,0.4124650109574179,0.6161846108006327,0.04170264884245001,0.25246040377440265,0.016949807629726418,0.06713847944595969,227,0.008488650286050756,0.2561777108485682,0.022026431718061675,0.027714379501489483,0.44587048159501447,0.009148094475789199,0.0,,0.11478573631111177,,True,0.11478573631111177,22562.29074889868,True,ASTC,ASTROTECH CORP,3.0,False
82759,0.018791722489674603,2.188745707818639,0.6276514020865767,-1.891867746663206,1.3310053697022828,6.551240588993227,1.3675941164159993,-4.050312355656978,0.2581904518360606,0.21028838303882572,0.014118442282376296,0.06713847944595969,227,0.02370459855539696,0.24253101485906806,0.00881057268722467,0.22550066987609524,0.09227322649330148,0.08936167665621868,0.0,,0.3385758237545777,,True,0.3385758237545777,487756.14977973566,True,NUAN,NUANCE COMMUNICATIONS INC,3.0,False
82762,-0.0025386613099160605,0.9756697202807121,1.9586526691881283,-0.32038518650753317,-0.18788501013191725,3.0514427012485075,4.45933706321922,-0.7167114161668063,0.1628954287346559,0.2012524289361683,0.013511782063580396,0.06713847944595969,227,0.004691667255782483,0.21849901615788467,0.00881057268722467,-0.030463935718992724,0.5744311777028117,-0.012614313890945653,0.0,,0.07438208374678093,,True,0.07438208374678093,74250.63876651983,True,WSTL,WESTELL TECHNOLOGIES INC,3.0,False
82768,0.004626684156466487,1.2748244348407145,0.25947670657007665,-0.7870262865265768,0.3525953791881318,4.105557761327834,0.6083179666252125,-1.8129278794289219,0.10125825079380135,0.19544372686968575,0.013121794639282158,0.06713847944595969,227,0.008165612202224256,0.20478704966944963,0.030837004405286344,0.05552020987759784,0.3623624135049101,0.02367271761836275,0.0,,0.13812646094551073,,True,0.13812646094551073,7249.995594713657,False,BDR,BLONDER TONGUE LABORATORIES INC,2.0,False
82775,-0.00028732247262047304,1.9997911730132962,-0.5097176042360185,1.515749625532292,-0.04302259102185682,12.653965268602873,-2.3479135555682404,6.860234524948912,0.4835348409447665,0.09947215620245259,0.006678409314643655,0.06713847944595969,227,0.01120225197601927,0.13749256985214453,0.0,-0.0034478696714456765,0.5171389887139658,-0.002888471343032864,0.0,,0.2822388090137453,,True,0.2822388090137453,863787.5726872247,True,HIG,HARTFORD FINANCIAL SVCS GRP INC,1.0,False
82777,0.004763880428651151,0.9783068637468748,0.4020321155071581,0.7525095506038948,0.8445734207927701,7.329370605834957,2.1926171555205434,4.03248815159096,0.2676652834415335,0.08401405396835135,0.005640575835525905,0.06713847944595969,227,0.011790916736530986,0.09752037039672944,0.0,0.05716656514381381,0.1996271078975796,0.05670337525249926,0.0,,0.41883489105719796,,True,0.41883489105719796,82208.53303964758,True,MSM,M S C INDUSTRIAL DIRECT INC,1.0,False
82779,0.010987780180282944,1.2929184746931615,0.9270450961876862,-0.08856129254848336,0.7259572810083631,3.6098343089648077,1.8842020286907366,-0.17685998168307177,0.09134115457699055,0.22543814173338064,0.015135574045101923,0.06713847944595969,227,0.01800948700563092,0.2349228054596732,0.013215859030837005,0.13185336216339533,0.23431308881870946,0.048739667989624764,0.0,,0.265562523408217,,True,0.265562523408217,550097.8017621145,True,NVAX,NOVAVAX INC,3.0,False
82800,0.013670405760564563,1.0788244575396073,0.23448549286649412,0.3782386776843005,2.0232986108626108,6.747523188540871,1.0676282578790077,1.6921117487873063,0.19834009026668853,0.10063520158594234,0.006756494413217799,0.06713847944595969,227,0.01968594660127858,0.11164854046543887,0.0,0.16404486912677474,0.02211783115075479,0.13584119219843815,0.0,,0.6107927531584203,,True,0.6107927531584203,331184.7885462555,True,SCCO,SOUTHERN COPPER CORP,1.0,True
82812,0.003919982219556305,0.7468665295086118,-0.1651737043104021,0.33934359174609907,0.35798550897562303,2.882301257415736,-0.4640318193182281,0.9367108020388626,0.039707194823119574,0.16309744174111218,0.010950114240024268,0.06713847944595969,227,0.007615113098131821,0.16532690036167724,0.013215859030837005,0.04703978663467566,0.36034638789058826,0.024034602736311285,0.0,,0.15955979048168184,,True,0.15955979048168184,1060.8986784140968,False,BYFC,BROADWAY FINANCIAL CORP DEL,3.0,False
82833,0.01597898618542509,0.9371182015970322,1.453562190118903,-1.164626274700762,1.9378834507073686,4.802726216370353,5.422974389049833,-4.26922990383583,0.32754854558377744,0.12281461927586312,0.008245586791915902,0.06713847944595969,227,0.019568010276335753,0.14877083809166874,0.0,0.19174783422510105,0.02695001124379124,0.13010654822398213,0.0,,0.45563752192831725,,True,0.45563752192831725,81699.57709251101,True,OTEX,OPEN TEXT CORP,3.0,False
82855,0.005976271086075222,0.3219439155173121,0.08855551168535587,0.4603027029715364,1.6676823151887894,3.796455206773353,0.7601934691897587,3.882496615153807,0.12003579625391503,0.053375931169056985,0.0035835788577026914,0.06713847944595969,227,0.008805182409200439,0.0565211739559769,0.004405286343612335,0.07171525303290266,0.04839121161538404,0.111965654840693,0.0,,0.5396569899459477,,True,0.5396569899459477,47461.44933920705,True,EE,EL PASO ELECTRIC CO,1.0,False
82859,0.0028954662024952417,1.6720836488699136,0.172685491124604,0.03564040472011019,0.24754331762078036,6.040956817541389,0.4541654161141425,0.0921000488551788,0.15552620939426764,0.1742191103649397,0.011696806160329887,0.06713847944595969,227,0.010240331687515728,0.18832193855311488,0.01762114537444934,0.0347455944299429,0.4023577699607668,0.016619681942067435,0.0,,0.18836652708024507,,True,0.18836652708024507,84254.81057268723,True,REV,REVLON INC,1.0,False
82924,0.003564169463777615,0.6647710177570753,0.13338298357536282,0.21030384465940133,0.878715693646784,6.925914709909131,1.0116166499390473,1.5671904496371138,0.20445113567128037,0.060414120999808335,0.004056112220991353,0.06713847944595969,227,0.007182329825329123,0.06728267396299029,0.004405286343612335,0.04277003356533138,0.19025063615054846,0.058995635536746825,0.0,,0.36978792433339414,,True,0.36978792433339414,31573.224669603525,True,JW,WILEY JOHN & SONS INC,1.0,False
82932,0.0034550790693376188,0.6680107472955561,0.179763321573042,0.15275578615820945,0.8734502047925159,7.136390956165649,1.3979986359238017,1.1672458978084241,0.218798937366677,0.05891804645797736,0.003955668051115011,0.06713847944595969,227,0.0070197211531959425,0.06621633476101159,0.0,0.041460948832051425,0.19167866407057285,0.05864211862153161,0.0,,0.3672360826428689,,True,0.3672360826428689,239.2863436123348,False,JW,WILEY JOHN & SONS INC,1.0,False
83011,0.0029775249937893772,1.2639723216263241,0.7455588617619415,0.6429733777205767,0.47800225596044643,8.574861589336649,3.681984622408432,3.1199817111709,0.33824278782647577,0.09277991457076912,0.006229102387407478,0.06713847944595969,227,0.011591175678580737,0.11329293780729499,0.004405286343612335,0.035730299925472525,0.31655841706616994,0.032092344636922794,0.0,,0.3544175935998326,,True,0.3544175935998326,296505.33480176213,True,WSM,WILLIAMS SONOMA INC,1.0,False
83111,0.016585083391059522,0.9769882377605633,1.4370419933014276,-1.4313129694222486,1.8579192334434973,4.625019097923426,4.952267935503043,-4.846500969443236,0.32156074162898785,0.13295948607802135,0.008926697723194599,0.06713847944595969,227,0.019539846685689262,0.160347448751704,0.0,0.19902100069271428,0.03224926667565552,0.1247378722667994,0.0,,0.4221334046184564,,True,0.4221334046184564,211269.37004405286,True,ALXN,ALEXION PHARMACEUTICALS INC,3.0,False
83112,0.010547986359354274,0.8048625832829728,0.5964641224381193,0.8374111738525084,1.5078300394793844,4.862051941268862,2.6229659973093957,3.6183128086518805,0.17512516600408568,0.10419470926002423,0.006995474346031883,0.06713847944595969,227,0.017514930950099226,0.11395932078921543,0.0,0.12657583631225128,0.0665067015842543,0.10123341611358723,0.0,,0.532413673344803,,True,0.532413673344803,33879.92511013216,True,ANDE,ANDERSONS INC,3.0,False
83120,0.0019862520001834773,1.483195322621,1.380237236798739,0.9110643650415691,0.23861139987448227,7.529570646599326,5.100774028437735,3.3081898708265234,0.3357742073811295,0.12398571698425286,0.008324212511339834,0.06713847944595969,227,0.013608670840790428,0.1511165402005075,0.0,0.023835024002201728,0.40581302589003193,0.016020006566044593,0.0,,0.3119567095495339,,True,0.3119567095495339,22029.533039647577,True,CMCO,COLUMBUS MCKINNON CORP NY,3.0,False
83124,-0.0012521053278811835,0.9710753022769378,0.6276684056867046,0.3837857560166922,-0.1731692683305459,5.6754184969120764,2.670457866080794,1.6043655829748116,0.18621329180159296,0.10769574389382416,0.007230528487832851,0.06713847944595969,227,0.00516591244608512,0.11858819431654485,0.004405286343612335,-0.015025263934574202,0.5686622713451047,-0.011626321362482234,0.0,,0.1509024212003457,,True,0.1509024212003457,87798.53303964758,True,CSGS,C S G SYSTEMS INTERNATIONAL INC,3.0,False
83145,0.0023834194906764807,1.222821745427078,1.1792202429574026,0.3764914442144106,0.22147410668998052,4.8017622106829,3.3708769634778273,1.057455522749297,0.17095529492859862,0.1602898515764245,0.010761616905459705,0.06713847944595969,227,0.010980245502708284,0.17486998136503945,0.004405286343612335,0.028601033888117768,0.412462983007861,0.01486943475981754,0.0,,0.2175140975233457,,True,0.2175140975233457,5240.392070484581,False,IRIX,IRIDEX CORP,3.0,False
83148,0.003086738194265374,0.8808488619132717,0.3521109148733685,0.38222882456759727,0.3948801410693227,4.761918070850019,1.3857040562292073,1.4779966802233997,0.12139897001162547,0.11642949171661145,0.00781689903651925,0.06713847944595969,227,0.008547554479615456,0.12338585061455959,0.004405286343612335,0.03704085833118449,0.34665438750252175,0.02651165223480038,0.0,,0.239975630356597,,True,0.239975630356597,20904.229074889867,True,LNDC,LANDEC CORP,3.0,False
83149,0.002252848169127176,1.7309727588800312,2.2327575322108455,-1.1921776301593925,0.12988164488420426,4.217170055275403,3.959888185171785,-2.077501526429489,0.20414091864186135,0.2583524843814972,0.017345392962459773,0.06713847944595969,227,0.010673198265368666,0.2876688028428583,0.00881057268722467,0.02703417802952611,0.4483885725320323,0.008720056145465583,0.0,,0.1285264268643894,,True,0.1285264268643894,25315.84140969163,True,LPTH,LIGHTPATH TECHNOLOGIES INC,3.0,False
83155,0.0030716207337831295,0.20854362569311546,0.07416177193170774,0.05315491794767251,0.8182823852616966,2.3477267910829753,0.6077727341473856,0.42801953453574576,0.0309601433198865,0.055910437020318726,0.0037537417267032923,0.06713847944595969,227,0.004238180241655861,0.05641833676916619,0.022026431718061675,0.03685944880539756,0.20703473836533537,0.05493823510388328,0.0,,0.26022544904919515,,True,0.26022544904919515,546.7004405286343,False,OVBC,OHIO VALLEY BANC CORP,3.0,False
83188,0.006790763507967116,1.1359619590928594,0.039919873454018644,0.6390364353151982,0.9890989256184076,6.991976115849979,0.17886928994641357,2.813398624909787,0.20927262033636207,0.10226037357697254,0.00686560598953373,0.06713847944595969,227,0.013377251457044418,0.11423316203216602,0.0,0.08148916209560539,0.16184336330523405,0.06640659788765227,0.0,,0.40566292269317455,,True,0.40566292269317455,352755.3259911894,True,CCJ,CAMECO CORP,1.0,False
83233,0.0018352116319737982,1.1189372161533784,0.6110380341921748,0.7207959788788,0.37084794377384367,9.554995021221346,3.7984242428580783,4.402573382913845,0.38959934691725384,0.07370870426893027,0.004948690326547896,0.06713847944595969,227,0.009791093225370013,0.09371508294754549,0.0,0.02202253958368558,0.3555514164289229,0.02489816705063662,0.0,,0.36191977629633976,,True,0.36191977629633976,33674.828193832596,True,GEF,GREIF INC,1.0,False
83244,0.0010088203947893402,2.3806729360316212,1.0478661628566874,1.5057650908115465,0.08954937140895379,8.930246505556044,2.8614094547869824,4.040084408362776,0.3436244828191022,0.16779530727921566,0.01126552178889411,0.06713847944595969,227,0.017324024017257668,0.2057319942821479,0.004405286343612335,0.012105844737472083,0.4643628465373419,0.006012208631738654,0.0,,0.2917007623839235,,True,0.2917007623839235,303840.3127753304,True,CENX,CENTURY ALUMINUM CO,3.0,False
83264,0.003731632141244939,0.9170624607999518,0.4942944063383411,0.6657992514753537,0.8102265482423823,8.414369606196734,3.301557331907304,4.369537523019873,0.3359636732334348,0.06859948488659269,0.004605665106061925,0.06713847944595969,227,0.010453243284770838,0.08362250001912148,0.004405286343612335,0.04477958569493927,0.2093368774390606,0.05439737845574204,0.0,,0.43303054725608964,,True,0.43303054725608964,1111.0837004405287,False,GEF,GREIF INC,1.0,False
83272,0.007892100341801453,0.9123895398829223,1.1049556862519085,0.40626910941094924,1.124841150050086,5.4953317950462965,4.844723119573365,1.7502372629514922,0.24532381902992773,0.10450327513488417,0.0070161909896788895,0.06713847944595969,227,0.015140414389912454,0.11949446574817756,0.0,0.09470520410161742,0.13093280462148138,0.07552012443260733,0.0,,0.43891517162375804,,True,0.43891517162375804,51366.81497797357,True,HUBG,HUB GROUP INC,3.0,False
83303,0.00846502258221518,0.41260687749031427,0.5306238239841716,0.9462215587501452,0.524663207434475,1.080697074236033,1.0117302542414635,1.7726779964481916,0.022758745686280002,0.2403123055132368,0.016134202784311633,0.06713847944595969,227,0.013990876966123179,0.24147563996664703,0.022026431718061675,0.10158027098658215,0.3001692513870534,0.03522508996839079,0.0,,0.20070686841221366,,True,0.20070686841221366,4007.0616740088108,False,SGRP,S P A R GROUP INC,3.0,False
83304,-0.007449416099619466,1.0128547208679328,0.34924167682344004,0.8349363653643274,-0.6649819364097962,3.820760329209194,0.9590454361151932,2.2528149442386223,0.0899722319791374,0.16685563719276233,0.01120243376810878,0.06713847944595969,227,-0.00015572854047265865,0.17374478324876613,0.00881057268722467,-0.08939299319543359,0.7466254175456123,-0.04464587606958357,0.0,,-0.003104896034789079,,True,-0.003104896034789079,74478.57709251101,True,PRGX,P R G X GLOBAL INC,3.0,False
83366,-0.001623221567569358,0.7831929795699453,0.7760028716325192,0.607895409646355,-0.16866701192070577,3.439031522374496,2.4805111191566653,1.9092629143347501,0.10175183499873575,0.14334288869532572,0.009623823586395613,0.06713847944595969,227,0.0049765097862181145,0.150236755102365,0.0,-0.019478658810832297,0.5668942744248641,-0.011324046713049742,0.0,,0.11474645852435371,,True,0.11474645852435371,80990.73568281939,True,CRR,CARBO CERAMICS INC,1.0,False
83387,0.012148493766077921,0.3096386197530366,0.5576978145543416,0.21910302799536527,1.9020290457457332,2.0486362661194737,2.6860813120953853,1.0368778937510983,0.06448576965037711,0.09513356887334898,0.00638712315842413,0.06713847944595969,227,0.015226496909997564,0.09770275324988693,0.00881057268722467,0.14578192519293506,0.029228021992781652,0.1276993379934182,0.0,,0.5398633179139569,,True,0.5398633179139569,900.8722466960353,False,JCTCF,JEWETT CAMERON TRADING CO LTD,3.0,False
83390,0.008005978669289385,0.8678400688943783,1.663420441355029,-0.4563827559711097,0.8883926267299513,4.06953922538754,5.6782963428228586,-1.5307500056280168,0.2552583709123123,0.13422641227018658,0.009011757221306833,0.06713847944595969,227,0.013780323492887346,0.15450174143276751,0.004405286343612335,0.09607174403147262,0.18764341507278762,0.05964533010965097,0.0,,0.30897024477620294,,True,0.30897024477620294,16579.008810572686,True,KVHI,K V H INDUSTRIES INC,3.0,False
83391,0.008746706222100723,0.30960831845115294,2.1188408219369186,0.09879573226061455,0.5939593615291815,0.8884640027582494,4.426250883026968,0.20278456830060876,0.10117501261180728,0.2193392262802228,0.014726102135307438,0.06713847944595969,227,0.014775104250217962,0.2298142479559719,0.004405286343612335,0.10496047466520868,0.27657066567991756,0.03987752838576229,0.0,,0.222712312018245,,True,0.222712312018245,7257.995594713657,False,STRM,STREAMLINE HEALTH SOLUTIONS INC,3.0,False
83399,-0.005414332249397956,1.333275585822125,1.3713997594675955,-0.875925333047383,-0.4915052274494646,5.114676726409872,3.8297710387376567,-2.4034486721033073,0.23714106842897098,0.16407607575428582,0.011015818239602843,0.06713847944595969,227,0.00045735975671409797,0.1866041743190857,0.0,-0.06497198699277548,0.6882237151837762,-0.03299891361069762,0.0,,0.008490381727598214,,True,0.008490381727598214,11658.766519823788,True,OCC,OPTICAL CABLE CORP,3.0,False
83414,0.00039667113707504047,0.5817851254583671,0.7101571945017706,1.3582040594690679,0.08003604152929918,4.960582048851716,4.407933095741906,8.283322116802298,0.3292256455019522,0.07381990791494446,0.004956156370250135,0.06713847944595969,227,0.008176707524219631,0.0895330720162379,0.00881057268722467,0.004760053644900486,0.46814018492189674,0.005373498129150828,0.0,,0.31636293833435297,,True,0.31636293833435297,11060.85462555066,True,SASR,SANDY SPRING BANCORP INC,3.0,False
83421,-0.0025834955214416306,0.4175819126675403,0.35521485744300557,0.6763427873807308,-0.37887710982976935,2.5878992105230196,1.6025341034916871,2.9980719012933803,0.07677223046832193,0.10156354334125357,0.0068188218670755885,0.06713847944595969,227,0.0018200682296151645,0.10499814501521405,0.0,-0.031001946257299566,0.647430198121413,-0.02543723305085058,0.0,,0.060047739823948655,,True,0.060047739823948655,416356.01762114535,True,DF,DEAN FOODS CO NEW,1.0,False
83422,0.003541696450410624,1.0076721446293755,0.38780631260174425,0.1089917912542476,0.39382569783332827,4.735076420308299,1.326578921311792,0.36632877315706475,0.1169235629368055,0.1339478613309383,0.008993055734797459,0.06713847944595969,227,0.008817401820364003,0.14159073867028946,0.004405286343612335,0.04250035740492749,0.3470430183621071,0.02644085851927364,0.0,,0.21572297859373174,,True,0.21572297859373174,52869.436123348016,True,SYKE,SYKES ENTERPRISES INC,3.0,False
83443,0.005238844736115571,0.5591991590044609,-0.44398634747610966,0.4736285039686058,1.9632456675536956,8.855654289168958,-5.118400194773918,5.364898105154321,0.36293260137808514,0.03974562938676977,0.0026684611216503734,0.06713847944595969,227,0.00795792014352245,0.04946464539590479,0.004405286343612335,0.06286613683338685,0.025430313942741114,0.1318093288984232,0.0,,0.5573080288289236,,True,0.5573080288289236,445916.44052863435,True,BRK,BERKSHIRE HATHAWAY INC DEL,1.0,False
83462,0.0022193227224471925,0.9792810550554857,0.4285289135645164,0.7596800204502263,0.41387366220309385,7.717376837175909,2.4584023548158647,4.282156754426067,0.2915236286561984,0.07986953732394686,0.005362319289982116,0.06713847944595969,227,0.009326815801690053,0.09425766897698946,0.004405286343612335,0.02663187266936631,0.3396822011792911,0.027786848363046478,0.0,,0.3427735698685085,,True,0.3427735698685085,119291.54185022027,True,TUP,TUPPERWARE BRANDS CORP,1.0,False
83469,0.005455820729744541,0.22997916641087582,0.17444663191497026,0.2390229986093449,1.456192727823703,2.593954093474315,1.4323424336553499,1.928337216027735,0.05744925042982241,0.05580456570579051,0.003746633687628923,0.06713847944595969,227,0.007454274788957276,0.057097300139564724,0.004405286343612335,0.06546984875693448,0.07337290560134145,0.09776656552634766,0.0,,0.45225195014456243,,True,0.45225195014456243,2617.8105726872245,False,ARTNA,ARTESIAN RESOURCES CORP,3.0,False
83486,-0.0038593516342219527,0.629631973566392,1.6660652730099017,-1.5285971459036751,-0.2575841365144117,1.7758511521953408,3.42075742732457,-3.083772519344949,0.14224424634242028,0.22316379368175393,0.014982877775184825,0.06713847944595969,227,-0.0021286036879350203,0.23935369023706904,0.01762114537444934,-0.04631221961066343,0.6015172951378376,-0.017293807254978102,0.0,,-0.030806708958865715,,True,-0.030806708958865715,8684.933920704845,False,BOSC,B O S BETTER ONLINE SOLNS LTD,3.0,False
83509,0.015786037907539213,0.04003774078732845,0.671717042898596,0.4481914596765835,2.208110920806288,0.23666407164232534,2.8904110900297515,1.8949416757219726,0.0461399972541322,0.10648311679082309,0.007149114548002401,0.06713847944595969,227,0.018651419793432468,0.10830204254188079,0.0,0.18943245489047056,0.014127563903241332,0.14824920967095212,0.0,,0.5965761301875412,,True,0.5965761301875412,92551.53303964758,True,FCN,F T I CONSULTING INC,1.0,True
83520,-0.006766582419604851,1.128619991198276,0.34762674272309957,-0.08869238480572575,-0.7857226850877146,5.538124042672084,1.241762665367808,-0.3112940178786282,0.15015383374811908,0.12827103022362907,0.008611921926181194,0.06713847944595969,227,-0.001644022910473459,0.13821546366210175,0.004405286343612335,-0.08119898903525821,0.7835679934248958,-0.052752226342985785,0.0,,-0.04120423481280951,,True,-0.04120423481280951,70397.4845814978,True,JAKK,JAKKS PACIFIC INC,3.0,False
83534,0.01716697515179662,0.5690215044995146,1.6843366919281082,-1.3234434100650816,1.6747513169591717,2.3458500781836906,5.054881303146958,-3.9025318081590656,0.2398361677151779,0.15267641349778255,0.010250462249503716,0.06713847944595969,227,0.019274219478422675,0.1739468466359895,0.013215859030837005,0.20600370182155947,0.0476923971596354,0.11244025687075726,0.0,,0.383840558865925,,True,0.383840558865925,139760.7577092511,True,NBIX,NEUROCRINE BIOSCIENCES INC,3.0,False
83547,0.00355105468706664,0.4499147088342303,0.4964714571438851,0.37420194277919194,0.6778540266807007,3.629309749452266,2.9154030792095047,2.1590832286881136,0.12090968793744727,0.07802785697340651,0.005238671671621335,0.06713847944595969,227,0.007520861967440907,0.08266680335197418,0.0,0.04261265624479968,0.24928347881017435,0.04551008863766323,0.0,,0.3151571009430834,,True,0.3151571009430834,1760.7533039647576,False,PFBI,PREMIER FINANCIAL BANCORP INC,3.0,False
83565,-0.00020347698010721778,1.2339674722875014,0.07680379556460189,0.0056304473705621125,-0.027665094588564827,7.089826572678284,0.32123663064714014,0.023138985058438585,0.19947487749788095,0.10954980854646498,0.007355007569405657,0.06713847944595969,227,0.005050858653278071,0.1216248596149145,0.0,-0.0024417237612866134,0.5110229974190585,-0.0018573923844048899,0.0,,0.14385782375454023,,True,0.14385782375454023,22064.154185022027,True,MFIN,MEDALLION FINANCIAL CORP,3.0,False
83597,0.007569164406997543,1.0809295528153187,0.18799859596996477,0.08529318046944195,1.6480184168758083,9.945498060735735,1.2591985971962991,0.56132315492238,0.3401605528293299,0.0684091787362803,0.004592888240500738,0.06713847944595969,227,0.012656678294297974,0.08365529806073237,0.0,0.09082997288397052,0.05037854511029963,0.11064545060797949,0.0,,0.5241033232554684,,True,0.5241033232554684,71323.08810572687,True,FDS,FACTSET RESEARCH SYSTEMS INC,1.0,False
83601,0.003751687050434935,1.0670186081547643,0.4611971114143176,0.4850678428153079,0.6051546486764913,7.273221050478608,2.2885049242235147,2.364976230941495,0.24806901242573298,0.09233975742521949,0.006199550905938002,0.06713847944595969,227,0.010502958401249495,0.10577863291875766,0.004405286343612335,0.04502024460521922,0.27284578420327166,0.04062916294179356,0.0,,0.343957131582868,,True,0.343957131582868,122976.25550660794,True,WOR,WORTHINGTON INDUSTRIES INC,1.0,False
83621,0.01585645111520706,0.9674267202484643,0.37174598086981536,-0.16205276915803307,3.314185584746347,8.544839969988246,2.3902460876343636,-1.0237921941897457,0.3113899459314958,0.07126194437706303,0.004784418587838569,0.06713847944595969,227,0.020156824161039023,0.08530396149203205,0.0,0.19027741338248472,0.0005362649665294758,0.22250938076158852,0.0,,0.818546828435689,,True,0.818546828435689,84555.67841409691,True,ANSS,ANSYS INC,3.0,True
83633,-0.0009849377400575308,1.1381697570716551,1.3283994905662933,-0.4662803884817033,-0.0898321957614725,4.386774418423961,3.727154880266359,-1.2854491826640095,0.18731019435414697,0.16330717357894808,0.010964195316707975,0.06713847944595969,227,0.005166031945618295,0.17994553225188023,0.004405286343612335,-0.01181925288069037,0.5357494032072379,-0.006031197028717048,0.0,,0.09945042470751636,,True,0.09945042470751636,80648.74889867842,True,ELGX,ENDOLOGIX INC,3.0,False
83639,0.008110669181368374,1.1094603574263837,0.560720899999509,-1.2811086321654555,1.2513734675052832,7.233642941586608,2.6613531171020206,-5.974488625127128,0.36500816748904574,0.0965379881947982,0.006481413736170758,0.06713847944595969,227,0.010190806079048592,0.12034065927395456,0.0,0.0973280301764205,0.10605469432329834,0.08401531182732276,0.0,,0.2933504603595629,,True,0.2933504603595629,580733.7929515418,True,CHKP,CHECK POINT SOFTWARE TECHS LTD,3.0,False
83642,0.005503870685794857,0.2737217781152139,0.549619247398058,0.6481526821605486,0.9759939697470184,2.051177715069296,2.9982396907322193,3.474087572679832,0.09966184544340695,0.08399425570950518,0.005639246610531295,0.06713847944595969,227,0.00964525214262446,0.08793159895718955,0.00881057268722467,0.06604644822953828,0.16506250204016387,0.06552675107724079,0.0,,0.3799786870922629,,True,0.3799786870922629,8375.132158590308,False,CNOB,CONNECTONE BANCORP INC NEW,3.0,False
83651,0.0053784692296243485,1.8324913260392344,1.7783719451126998,-1.4275841214813663,0.30120256990391364,4.336675599365576,3.0637130486882542,-2.416496774400721,0.18458819326061526,0.26596746518143377,0.01785665119437769,0.06713847944595969,227,0.012583553974207351,0.29257568359993347,0.01762114537444934,0.06454163075549219,0.38177034680830496,0.02022228254856414,0.0,,0.14898951652397233,,True,0.14898951652397233,50933.77092511013,True,CASI,CASI PHARMACEUTICALS INC,3.0,False
83661,0.010868081136885796,1.0350003702886375,0.29755348294050865,1.123148799398532,1.8193703176297342,7.321899480841737,1.5323528285883108,5.6831622703571005,0.2904760309855232,0.08897341617979926,0.0059735398734242695,0.06713847944595969,227,0.018968800561121442,0.1049240249755951,0.00881057268722467,0.13041697364262955,0.03509798113758304,0.12214975667477307,0.0,,0.626261265485103,,True,0.626261265485103,63062.72246696035,True,GWR,GENESEE & WYOMING INC,1.0,False
83671,0.0031521424654821473,1.6705118803153962,0.8629197068400408,0.5147478681974709,0.390491263495812,8.745206657500134,3.288526715857394,1.927456418251277,0.3304241312792564,0.12023281488052537,0.008072248370586028,0.06713847944595969,227,0.01331880321499888,0.14595579073564682,0.01762114537444934,0.037825709585785766,0.34827303871962584,0.026216989668040397,0.0,,0.316107278075342,,True,0.316107278075342,67932.84140969162,True,TBI,TRUEBLUE INC,1.0,False
83683,0.0033730870393274843,0.5443469828627319,0.2683887694423229,1.040082004278514,0.5040468119549536,3.437432419124009,1.2337670475432272,4.697809835541287,0.13639381030572562,0.09967475447706513,0.0066920114547395155,0.06713847944595969,227,0.00915608949931521,0.10654314523081895,0.004405286343612335,0.04047704447192981,0.3073630480005564,0.03384093652423916,0.0,,0.29769746663860386,,True,0.29769746663860386,4312.555066079295,False,PROV,PROVIDENT FINANCIAL HOLDINGS INC,3.0,False
83686,0.0026779782655863686,1.096346950883308,0.8068307796616193,-0.7146128840550452,0.39919231023322016,6.906184175404013,3.6998411607850668,-3.219811795928142,0.31508843343325543,0.09992021966231154,0.006708491614033881,0.06713847944595969,227,0.006845229178413449,0.11993179722751605,0.004405286343612335,0.032135739187036425,0.3450667668594432,0.026801164715578214,0.0,,0.19771711923858104,,True,0.19771711923858104,160477.2246696035,True,QGEN,QIAGEN NV,1.0,False
83690,0.00874156000156102,0.9928860005096775,0.6813633566196549,0.5476826442925488,1.2877255454022507,6.180858192308902,3.0877252205370445,2.4386410114728814,0.2219035381898029,0.10111000471268453,0.006788371973183457,0.06713847944595969,227,0.015831790458361514,0.11386116480255105,0.004405286343612335,0.10489872001873224,0.09958812682452019,0.08645593506202623,0.0,,0.48166493810630556,,True,0.48166493810630556,3455.4361233480176,False,RUSHB,RUSH ENTERPRISES INC,3.0,False
83720,0.004831470469808734,1.1937682116357404,1.0307104266661837,1.4499028221206076,0.7846022828088697,8.192289142996303,5.149112854281809,7.116945816435695,0.4083359066073424,0.09171877823603736,0.006157859307408729,0.06713847944595969,227,0.0160680386427391,0.1184455819304414,0.004405286343612335,0.0579776456377048,0.21675973599623022,0.05267700423761634,0.0,,0.46993157285593107,,True,0.46993157285593107,9648.356828193833,False,FFG,F B L FINANCIAL GROUP INC,1.0,False
83728,0.010067803059822904,0.2573225812586995,-0.0879080749773353,0.4267246694520644,2.5082864494744435,2.7091642983805295,-0.6737467658455911,3.2134733116191443,0.07620179747141453,0.05978415269439683,0.004013817106866878,0.06713847944595969,227,0.012162326222235608,0.06178680437237325,0.0,0.12081363671787484,0.006421817424024579,0.16840253823261916,0.0,,0.6818856281409645,,True,0.6818856281409645,87434.22026431718,True,RNR,RENAISSANCERE HOLDINGS LTD,1.0,True
83738,0.010959751912979444,0.43103979682517013,0.40587631574071964,0.3388775730215462,2.125912280813413,3.5332715032326796,2.4219425093363585,1.986881525756084,0.1039777184701346,0.07678632480922144,0.005155317089934699,0.06713847944595969,227,0.014559588706354435,0.08057915129708551,0.013215859030837005,0.13151702295575332,0.017305027609067755,0.14273051796930464,0.0,,0.6259174233229735,,True,0.6259174233229735,3311.2026431718064,False,CASS,CASS INFORMATION SYSTEMS INC,3.0,False
83756,0.010364091060201601,1.2323168948860903,2.4457398037512124,-2.0216138901500997,0.6262701493700459,3.1467911391486822,4.546385381513157,-3.6924381636224646,0.23361912813596897,0.24648926344287905,0.016548914347309478,0.06713847944595969,227,0.014808349873427606,0.2796880369100619,0.00881057268722467,0.12436909272241922,0.26588914081436676,0.042046825551098926,0.0,,0.18341016398410026,,True,0.18341016398410026,365133.1938325991,True,GERN,GERON CORP,3.0,False
83762,-0.00043872916720932506,1.1220741295082113,0.4589762627922862,-1.0160960967038888,-0.02279249866378386,2.463383361923371,0.7335186472533681,-1.5955658761198597,0.05139851389720618,0.2867035487853185,0.01924884031720681,0.06713847944595969,227,0.0022371699781667336,0.29240808746648034,0.013215859030837005,-0.005264750006511901,0.5090819134427564,-0.0015302537030605164,0.0,,0.026503316655335188,,True,0.026503316655335188,162768.26872246695,True,AIM,AIM IMMUNOTECH INC,2.0,False
83774,0.0005912178215417489,0.6184507754023555,0.7246048396040344,0.9908825583838176,0.16575625385751022,7.327276303745453,6.249555649507913,8.397095963707761,0.42967634820586176,0.053125874593919986,0.003566790439472529,0.06713847944595969,227,0.007501098875122443,0.06987850636222002,0.004405286343612335,0.007094613858500987,0.43424947510329487,0.011128622842651726,0.0,,0.3718535223681922,,True,0.3718535223681922,12006.713656387665,True,OCFC,OCEANFIRST FINANCIAL CORP,3.0,False
83779,0.017660278064631902,1.1417691591961048,1.6917783661858898,-1.076909924049948,1.6208836128116013,4.428407995900357,4.776648284993404,-2.9875707558265003,0.26099657336486115,0.16228343985471877,0.010895463391105671,0.06713847944595969,227,0.022845031313307354,0.18752068922135728,0.004405286343612335,0.21192333677558284,0.05322785451696896,0.10882366112304458,0.0,,0.42202015254371933,,True,0.42202015254371933,35943.18061674009,True,PEGA,PEGASYSTEMS INC,3.0,False
83799,0.008491627294785604,0.4385459806942078,0.8168929728683326,0.335088867087574,1.2534667594870894,2.7355966062163137,3.7094759559632426,1.4950868532067505,0.11372034408209242,0.10090358621455894,0.006774513349089787,0.06713847944595969,227,0.012978977100543201,0.10646808030827144,0.0,0.10189952753742725,0.10567422847847073,0.08415585226801764,0.0,,0.4222908444169128,,True,0.4222908444169128,34022.5859030837,True,STRA,STRATEGIC EDUCATION INC,3.0,False
83815,0.005033903947897309,0.5472332397464895,0.38732610064857076,0.7448778314854969,1.0960358148782736,5.03509088988736,2.5943113042509305,4.902181614569763,0.20688293988674622,0.06840828104833774,0.004592827971097256,0.06713847944595969,227,0.010234767159330254,0.07630240797356516,0.004405286343612335,0.060406847374767716,0.13712267266148712,0.07358617802924064,0.0,,0.4646547125941013,,True,0.4646547125941013,30507.374449339208,True,DCOM,DIME COMMUNITY BANCSHARES INC,3.0,False
83822,0.006424546970598484,1.6716214200748563,0.20412368057905647,0.33577428471910004,0.7290447463752694,8.016127712570276,0.7125749807643785,1.1517113187485455,0.24641760319397976,0.131255292104155,0.008812280731108246,0.06713847944595969,227,0.014693013347875131,0.15019298967086214,0.004405286343612335,0.07709456364718181,0.23336963692841223,0.04894695571970091,0.0,,0.33888460028097567,,True,0.33888460028097567,199431.9691629956,True,GES,GUESS INC,1.0,False
83831,0.0052108555537210425,0.207257212296579,-0.05684031169419397,0.2950692213043696,0.9910043842260611,1.6656786446825897,-0.33254352433835,1.6961918733446593,0.02531635379990793,0.07831806658869057,0.0052581559039121045,0.06713847944595969,227,0.006788126793868343,0.07880038329472641,0.022026431718061675,0.06253026664465251,0.16137875333324522,0.06653452748121734,0.0,,0.29840922096089445,,True,0.29840922096089445,278.09251101321587,False,SGB,SOUTHWEST GEORGIA FINANCIAL CORP,2.0,False
83835,0.0040524783445624055,1.1237337781199153,-0.07677799895817729,0.4719091670590376,1.3046324690268982,15.287833340490183,-0.7603784014691335,4.592090306565821,0.5389567572217966,0.046265900427920774,0.0031062222049287763,0.06713847944595969,227,0.009863953408273757,0.06768437144608477,0.0,0.04862974013474887,0.0966814002966897,0.08759104020629405,0.0,,0.504839392066501,,True,0.504839392066501,153250.31277533039,True,TD,TORONTO DOMINION BANK ONT,1.0,False
83844,0.0002721406074852402,0.8397911612673454,1.8922722314144533,-0.6532147856842998,0.027427294603021242,3.5766458949713478,5.866765655249264,-1.9898949706152682,0.25684348549252367,0.14778789977551157,0.009922254871439733,0.06713847944595969,227,0.005850667676755955,0.17029305817820134,0.00881057268722467,0.0032656872898228825,0.4890717286476849,0.0018414268549632226,0.0,,0.11901428963402637,,True,0.11901428963402637,16249.537444933922,True,AWRE,AWARE INC,3.0,False
83856,0.006921178369623325,0.84147156762362,0.3924317395474832,0.16828298715336407,0.7924614086735057,4.071482295586147,1.3822535338376398,0.5824019481905209,0.09342209592135386,0.13008595770383147,0.00873377339750667,0.06713847944595969,227,0.011692678287316682,0.13571444207684835,0.022026431718061675,0.0830541404354799,0.21446695837949398,0.053204653997942414,0.0,,0.2984547931711211,,True,0.2984547931711211,13734.97356828194,True,CSV,CARRIAGE SERVICES INC,1.0,False
83862,-0.007247347623577891,2.1483607031551415,0.6921303372218968,0.14698075922177212,-0.9440026944856005,11.825414295208361,2.7733681872579883,0.5786809071230054,0.4430351766922893,0.1143495231785492,0.007677253111578316,0.06713847944595969,227,0.00347180200863175,0.15220141375156115,0.004405286343612335,-0.08696817148293469,0.8269050471318966,-0.06337890550065205,0.0,,0.07901815527923363,,True,0.07901815527923363,1942340.6651982379,True,ETFC,E TRADE FINANCIAL CORP,3.0,False
83883,0.011664666078694975,0.8710239867954067,1.265685938014382,-0.23464888279965582,0.873525482685637,2.7564391343051486,2.915779821732207,-0.531136668383791,0.0971553016861757,0.19889562529062518,0.013353549850465938,0.06713847944595969,227,0.017247386288954995,0.2079298866469074,0.0,0.1399759929443397,0.19165820186131563,0.058647172664811655,0.0,,0.28734060150733215,,True,0.28734060150733215,118448.70484581498,True,OPCH,OPTION CARE HEALTH INC,3.0,False
83885,-0.011315079434174612,1.5351122629357754,2.478663610637248,-0.7926346247205265,-0.8341950620028078,4.782612258806065,5.621511476843158,-1.7663126270097627,0.27954398745380615,0.2020312222784603,0.01356406906438452,0.06713847944595969,227,-0.00203771561108062,0.23643565419649673,0.00881057268722467,-0.13578095321009534,0.7974681140281057,-0.05600658802419658,0.0,,-0.029855285420147867,,True,-0.029855285420147867,99458.39207048458,True,MVIS,MICROVISION INC WA,3.0,False
83906,0.009251062082587346,0.21875933393748023,0.14102121891293248,0.2721864668339944,1.849082088237349,1.847762771519361,0.8671107362562965,1.6444309827284829,0.031239759335165873,0.07451846540317873,0.005003056457815774,0.06713847944595969,227,0.011227747096511287,0.07520625473837135,0.0,0.11101274499104816,0.03288475135983632,0.12414455977501548,0.0,,0.5171651877451977,,True,0.5171651877451977,117563.16299559471,True,SRCL,STERICYCLE INC,3.0,False
83909,0.01948830564764853,0.6728314035661753,0.36563432786258715,0.29193805782010057,1.6129942220369797,2.3533146960690767,0.930960373521591,0.730354938367497,0.03557001942122184,0.17995742470210516,0.012082067859510125,0.06713847944595969,227,0.023863489441043075,0.1820256666184876,0.004405286343612335,0.23385966777178235,0.05407999282961404,0.10829397942268149,0.0,,0.4541422858173127,,True,0.4541422858173127,212324.02202643172,True,SSRM,S S R MINING INC,3.0,False
83910,0.007822604115697612,1.1656524657582812,0.7222351537143858,0.40767742043329863,0.7363343609947418,4.636687492966112,2.091355397344057,1.1599116215177676,0.12992654765536016,0.15823581336595713,0.010623711903285026,0.06713847944595969,227,0.015309026681632426,0.16850975100444068,0.00881057268722467,0.09387124938837134,0.23115055532490353,0.049436369360999335,0.0,,0.3147119008717325,,True,0.3147119008717325,7874.766519823788,False,TACT,TRANSACT TECHNOLOGIES INC,3.0,False
83916,0.0034334873137284038,1.1511849638827556,0.7878345220454277,-0.17289974735281086,0.40815867794022437,5.78300702772376,2.8810719076839235,-0.6212586841070714,0.20420924076164426,0.12529533782218766,0.008412138463049522,0.06713847944595969,227,0.009336913670361997,0.1395191036574337,0.00881057268722467,0.04120184776474085,0.34177440297997397,0.027403153009579833,0.0,,0.23182501089827964,,True,0.23182501089827964,65199.651982378855,True,TTEC,T T E C HOLDINGS INC,3.0,False
83950,0.0016266931046984593,1.9786551163682684,0.16526524490019573,0.03197890454633996,0.10991912377930763,5.650056080617177,0.34353790799522166,0.06531542257624355,0.1376745702921347,0.2204250088522863,0.014798999926204705,0.06713847944595969,227,0.010206546050383857,0.23578896825469378,0.0,0.019520317256381512,0.4562861848752317,0.0073798028325749426,0.0,,0.14994981707507749,,True,0.14994981707507749,152880.79295154184,True,SPPI,SPECTRUM PHARMACEUTICALS INC,3.0,False
83969,0.008612095258453233,0.4695074898198558,0.3163842776165721,0.7528108472364736,1.1284665214286755,2.5997848176936613,1.2753231730703694,2.9816059668032793,0.07270830785480487,0.11367072881704515,0.0076316798902904435,0.06713847944595969,227,0.013366202262568393,0.11725697122855692,0.004405286343612335,0.1033451431014388,0.13016775581883971,0.07576352635439276,0.0,,0.39487530985061514,,True,0.39487530985061514,3007.3656387665196,False,WLFC,WILLIS LEASE FINANCE CORP,3.0,False
83976,0.003783331093303519,1.4465772904571494,0.1660774228121949,0.17277003503410734,0.42627498184671836,6.887667316436002,0.5756408355417825,0.5883942805329645,0.19339173394816256,0.13219438355298707,0.008875329903043534,0.06713847944595969,227,0.010579135216049657,0.14621094422685407,0.004405286343612335,0.04539997311964223,0.3351593337698721,0.02861945410704274,0.0,,0.2506460756577718,,True,0.2506460756577718,544530.281938326,True,ANF,ABERCROMBIE & FITCH CO,1.0,False
83989,0.005906123196814115,1.9036108920161159,0.9440276782283635,1.489023910193024,0.42217071343215407,5.750145126269127,2.0758493457241713,3.217153615847865,0.19076424709158435,0.20837369753208354,0.013989893208836411,0.06713847944595969,227,0.01999177627367441,0.23009309142601989,0.01762114537444934,0.07087347836176938,0.3366535738318309,0.02834389976645081,0.0,,0.30098054682956327,,True,0.30098054682956327,85646.68281938326,True,GTN,GRAY TELEVISION INC,1.0,False
84007,-0.001532808020223608,0.9359808663232053,0.7304209099858914,1.0898989248405861,-0.1545393273654357,3.987798892912312,2.265426383386632,3.321406291505355,0.13316470849212947,0.1477329075720113,0.009918562778515341,0.06713847944595969,227,0.0069789977608700655,0.1576184909047634,0.00881057268722467,-0.018393696242683298,0.5613378600735883,-0.01037553545391674,0.0,,0.15338274891922685,,True,0.15338274891922685,249931.2026431718,True,OCN,OCWEN FINANCIAL CORP,1.0,False
84010,0.026471962438689683,0.34072160368834037,1.1343604416777922,0.6966076272920302,2.1454645545381874,1.166943693483265,2.828210837724841,1.7065065423714687,0.05415618493020202,0.1837779035168367,0.012338568997886703,0.06713847944595969,227,0.03226180189836529,0.1877075713877699,0.0,0.3176635492642762,0.016498170697560894,0.14404322789689714,0.0,,0.5953844015834041,,True,0.5953844015834041,33036.76651982379,True,USNA,USANA HEALTH SCIENCES INC,1.0,True
84026,-0.004490316281919456,0.633630441681667,0.4041842388602886,0.4287323427021237,-0.6786383591796755,4.04680734768045,1.8791712052603797,1.9585390950622459,0.10877905196119497,0.09855235966748994,0.0066166555738866,0.06713847944595969,227,0.00019655178666268044,0.10369851713786267,0.039647577092511016,-0.05388379538303347,0.7509646557082971,-0.04556274752902444,0.0,,0.006565912227377451,,True,0.006565912227377451,6663.356828193832,False,DVD,DOVER MOTORSPORTS INC,1.0,False
84032,0.004392209556858717,1.2425134520386276,0.5375001977489763,0.1731542309002562,0.6574924150917811,7.860023020178054,2.475208718333403,0.783475334607166,0.2732437233792011,0.0994994784615219,0.006680243689572597,0.06713847944595969,227,0.011133579713220794,0.115937684034683,0.0,0.05270651468230461,0.25577120704384787,0.04414304099651394,0.0,,0.3326601854087014,,True,0.3326601854087014,733330.6211453745,True,NOV,NATIONAL OILWELL VARCO INC,1.0,False
84041,-0.0023896759604537764,1.0346157447952644,0.8843100504502054,0.5527824367106847,-0.38688919211743644,7.0785073993922225,4.404307643632941,2.705118816398954,0.2951564146668414,0.09199853589894531,0.006176641811509724,0.06713847944595969,227,0.005315148511066555,0.10885108240700062,0.0,-0.028676111525445316,0.6503964066132065,-0.025975152072840454,0.0,,0.16915049565642654,,True,0.16915049565642654,67659.40969162996,True,TGI,TRIUMPH GROUP INC NEW,1.0,False
84042,0.00799029981969335,1.6463530815625793,0.531922536511358,0.41400894863957644,1.1022770849237575,9.597667680969163,2.2573640141795934,1.7263226076630023,0.34360640491791195,0.1079694267382568,0.007248903137858504,0.06713847944595969,227,0.017070615280626058,0.13237831235417963,0.0,0.09588359783632021,0.13576471627821654,0.07400520740990606,0.0,,0.44670720538268655,,True,0.44670720538268655,99677.36563876653,True,PAG,PENSKE AUTOMOTIVE GROUP INC,1.0,False
84052,0.008157423155282938,1.2259714717387358,3.0545416931734555,-1.3259714154392437,0.5851235186987439,3.7161219005025328,6.740096646289154,-2.8748371709694083,0.31473148250103666,0.2076509563127714,0.013941369462338874,0.06713847944595969,227,0.015851814607955254,0.24917344547786555,0.004405286343612335,0.09788907786339526,0.2795281287531401,0.039284303333503225,0.0,,0.22037780342512459,,True,0.22037780342512459,72855.80616740088,True,ARQL,ARQULE INC,3.0,False
84062,0.016080534172790973,0.6315716158882806,0.5442175693848339,0.28414319741880334,2.2659345273091946,3.7608370233005313,2.3590923767858154,1.2102321204999562,0.1053292259662636,0.10570161262901463,0.007096645546897891,0.06713847944595969,227,0.020640589071872422,0.11100644634713298,0.004405286343612335,0.1929664100734917,0.012207594032584786,0.15213139868763872,0.0,,0.644116628305295,,True,0.644116628305295,51681.31718061674,True,BJRI,BJS RESTAURANTS INC,3.0,True
84084,0.005101073288100271,0.9206826010589766,0.6980703968176114,0.5306794660650781,0.7158598715769968,5.459984566858451,3.0136386658733287,2.251040272315509,0.19002930232922532,0.10613583571059279,0.007125798624335388,0.06713847944595969,227,0.011880872658290922,0.11714549774046482,0.00881057268722467,0.06121287945720326,0.23741339571173115,0.048061743274059536,0.0,,0.35132848430943264,,True,0.35132848430943264,75854.4845814978,True,HIBB,HIBBETT SPORTS INC,3.0,False
84103,0.003456184588166114,0.8220566641616814,0.704079880728518,0.5588111639189964,0.4563471179031103,4.586856583328676,2.859866894025768,2.230221421611772,0.1529112735605196,0.11280545876759868,0.007573586974860476,0.06713847944595969,227,0.009923482729865565,0.1217485722923142,0.013215859030837005,0.04147421505799337,0.3242922610982325,0.03063845159556091,0.0,,0.2823519972766778,,True,0.2823519972766778,66437.30396475771,True,NCI,NAVIGANT CONSULTING INC,1.0,False
84129,-0.005494392305090937,0.9207323400875334,0.43309830018136236,1.573113548131755,-0.9598213627429237,6.797029712419448,2.3274626958200417,8.30644787686239,0.3515712417809649,0.08526243910130889,0.005724390515115615,0.06713847944595969,227,0.0037103937670088143,0.10517798113357864,0.0,-0.06593270766109124,0.8309076803851073,-0.06444094683430879,0.0,,0.12220410491401648,,True,0.12220410491401648,473046.62555066077,True,ZION,ZIONS BANCORPORATION N A,3.0,False
84172,0.01052894043060875,0.670726157186361,0.8017353168818091,0.6455076813355063,1.3536592613143221,3.6440552910878297,3.1708902339085165,2.508479933397526,0.1316248190461793,0.1158520728180318,0.007778132009665253,0.06713847944595969,227,0.016827999317086773,0.12349469996243767,0.00881057268722467,0.126347285167305,0.08860775195740217,0.0908826244925846,0.0,,0.4720356390321858,,True,0.4720356390321858,128766.1321585903,True,NUS,NU SKIN ENTERPRISES INC,1.0,False
84176,0.0006932223492301795,1.5327140666238233,0.38689943130089754,1.44167409925987,0.10069016752044174,9.407856295900352,1.7287735216024736,6.329452282160579,0.3810893935414821,0.10254488237191621,0.00688470747741525,0.06713847944595969,227,0.011941732228739654,0.12947867322096462,0.0,0.008318668190762154,0.45994344245488583,0.006760184742481416,0.0,,0.31949179638660047,,True,0.31949179638660047,87665.57709251101,True,SSP,E W SCRIPPS CO,3.0,False
84181,0.010418986875877723,0.9136148244504458,-0.011712708410265687,0.2587335678505951,2.999041225789015,11.113097043982423,-0.10371457200720322,2.2510972032953775,0.3763747883562213,0.051745376844232076,0.0034741059196799137,0.06713847944595969,227,0.014893202897295276,0.06508905015072078,0.0,0.12502784251053267,0.0015078732338224324,0.20135106769522157,0.0,,0.7926305283550605,,True,0.7926305283550605,186912.97797356828,True,CNI,CANADIAN NATIONAL RAILWAY CO,1.0,True
84203,0.005107646930265539,1.1550541994650372,0.46334134567676344,0.767712209932867,0.5119972671675265,4.892875460999722,1.428806222700007,2.3261073218163797,0.13472092917173684,0.1485873114812374,0.009975926157813468,0.06713847944595969,227,0.013034677080875964,0.15867256307093885,0.022026431718061675,0.06129176316318646,0.3045797940928838,0.034374717998114514,0.0,,0.2845699663178342,,True,0.2845699663178342,9021.925110132159,False,BBQ,BBQ HOLDINGS INC,3.0,False
84206,-0.015204056813178594,1.3330708518210668,0.015753267017453068,0.004209094149677118,-1.329699561936771,4.9267701165482025,0.042382852173692566,0.011126721258743734,0.10533461617916318,0.17030776789084248,0.0114342045740266,0.06713847944595969,227,-0.009674964209491212,0.17885552149232448,0.00881057268722467,-0.18244868175814313,0.9075120955053164,-0.0892740067083935,0.0,,-0.1873862146656555,,True,-0.1873862146656555,7520.370044052864,False,EMITF,ELBIT IMAGING LTD,3.0,False
84207,0.009162700882715287,0.6579259117601042,0.5058718914750002,-0.14955402543707286,2.13016963433643,6.463722386169753,3.6179014455016225,-1.050928848330979,0.2589860786520224,0.06406750605212323,0.004301394938234374,0.06713847944595969,227,0.012508754776452065,0.07393036442895708,0.0,0.10995241059258345,0.017126507882234968,0.14301635021130388,0.0,,0.5861136754723957,,True,0.5861136754723957,4050.762114537445,False,ESLT,ELBIT SYSTEMS LTD,3.0,False
84210,0.0014948639567471875,0.9098030770621047,0.6273884190610627,0.15470612591594046,0.2418180729398044,6.219414628844359,3.122116369421795,0.7564480758564226,0.22028149470839964,0.09207493342918438,0.006181771025523402,0.06713847944595969,227,0.00700448486226669,0.10357875932268144,0.0,0.01793836748096625,0.40457167927461163,0.01623529771973064,0.0,,0.23425891064204574,,True,0.23425891064204574,19271.127753303965,True,FORR,FORRESTER RESEARCH INC,3.0,False
84215,0.003044665779276535,0.748731590038099,0.1345117909500518,0.04937642374065392,0.46383504040315926,4.820200567077246,0.6303906841900361,0.22736734269170142,0.10837994261754913,0.09776976483010477,0.006564113346482301,0.06713847944595969,227,0.006549929911296026,0.10285202997686552,0.030837004405286344,0.036535989351318424,0.32160918524594884,0.031141179326423386,0.0,,0.22060452078450202,,True,0.22060452078450202,1135.339207048458,False,CWBC,COMMUNITY WEST BANCSHARES,3.0,False
84226,-0.004162919039472494,0.7832956173743421,0.2120729578118251,0.5319801754302382,-1.0392889307279085,8.263785915603115,1.6287301418519842,4.014378440585246,0.29612808139979196,0.059660949653999165,0.0040055454420714585,0.06713847944595969,227,0.0010297079190577944,0.07063851397019816,0.00881057268722467,-0.04995502847366993,0.8501020465102948,-0.06977627851408912,0.0,,0.050496714399076076,,True,0.050496714399076076,34170.493392070486,True,ISCA,INTERNATIONAL SPEEDWAY CORP,3.0,False
84255,-0.009189748476140524,1.248249865269824,0.3821019689110123,-0.12487797458565503,-0.9404378945332538,5.398126375578248,1.2029048455437055,-0.3862752374452528,0.1441557383404618,0.14554657941788093,0.009771776030677139,0.06713847944595969,227,-0.0036058935439446183,0.15627979888282678,0.004405286343612335,-0.11027698171368629,0.8259947157671735,-0.06313957025232246,0.0,,-0.07992831919983984,,True,-0.07992831919983984,58386.78414096916,True,SEAC,SEACHANGE INTERNATIONAL INC,3.0,False
84262,0.007991555797442183,1.3210743533542562,0.7019843516784232,0.6358604509321067,1.142311589976982,7.979864789495874,3.0867835802963044,2.74725888828163,0.2978637391497909,0.10420180735417471,0.0069959509012801095,0.06713847944595969,227,0.016727776304345354,0.12352724701294425,0.0,0.09589866956930619,0.12727476302963744,0.07669306320455113,0.0,,0.46910069085789347,,True,0.46910069085789347,556620.449339207,True,STLD,STEEL DYNAMICS INC,3.0,False
84268,-0.003514017750162981,1.0860351859450574,1.1853740957982797,-0.1935068867296689,-0.28873715880903456,3.7710096859306623,2.9962611502083063,-0.4805954776910343,0.1307242068721144,0.18127160126275857,0.012170299675515917,0.06713847944595969,227,0.0029014519015353097,0.19312975523957093,0.013215859030837005,-0.04216821300195577,0.6134746280112225,-0.019385373801985167,0.0,,0.05204233913042112,,True,0.05204233913042112,8255.810572687225,False,TISA,TOP IMAGE SYSTEMS LTD,3.0,False
84275,0.0022431257113443934,0.9621966565076816,0.1983936032768181,0.6308199799459945,0.3208023142093192,5.815174437075278,0.8728448374235184,2.7269290954296994,0.16744221044525676,0.10414648569262569,0.006992236689043284,0.06713847944595969,227,0.008425753183351902,0.11337978717606538,0.00881057268722467,0.02691750853613272,0.3743303172306327,0.021538179578758677,0.0,,0.25743270417218556,,True,0.25743270417218556,92786.31718061674,True,UNFI,UNITED NATURAL FOODS INC,1.0,False
84302,0.010810614039614797,1.4625229162445816,1.497778700657704,-0.47889870954740515,0.5701453518587347,3.259514591292318,2.430011781000801,-0.7634197984552425,0.10022581392075103,0.2824185853396637,0.018961154386984022,0.06713847944595969,227,0.018617227666092306,0.2957499776845591,0.030837004405286344,0.12972736847537758,0.2845765427547197,0.038278691986977115,0.0,,0.21806246253138678,,True,0.21806246253138678,56794.436123348016,True,DPW,D P W HOLDINGS INC,2.0,False
84314,0.0160518893114278,0.7334213927981479,0.6972859810636565,-0.2804453531901961,1.3417673201192728,2.5907150701453125,1.7930297303365859,-0.7085717418020783,0.06350371118809484,0.17818758636529486,0.011963243604711517,0.06713847944595969,227,0.01973781538904683,0.1829037571748431,0.02643171806167401,0.1926226717371336,0.09051805747501021,0.09008421764308822,0.0,,0.3738239127757633,,True,0.3738239127757633,3501.2290748898677,False,HIHO,HIGHWAY HOLDINGS LTD,3.0,False
84319,0.0072802568444418165,1.3435041325530102,1.110929716682461,0.7871174442079804,0.8659899472767976,6.753364336596609,4.065165549497075,2.8300246153227393,0.27365581004420936,0.12521672754471494,0.008406860688551178,0.06713847944595969,227,0.017404836146146282,0.1459450360256851,0.0,0.0873630821333018,0.1937132048653393,0.05814124827565098,0.0,,0.4131152565851051,,True,0.4131152565851051,47153.7577092511,True,LAD,LITHIA MOTORS INC,1.0,False
84348,0.004249080293673825,1.3283119594458297,0.6148986877852641,-0.6137318324869447,0.6060508898962248,8.006252124331857,2.6980079482017723,-2.645923789959512,0.31857128744394103,0.10442737074159146,0.00701109488412995,0.06713847944595969,227,0.00925424648001048,0.12566152936512096,0.0,0.050988963524085905,0.2725486744540516,0.04068933521450326,0.0,,0.25511109358808437,,True,0.25511109358808437,51220.52422907489,True,VSAT,VIASAT INC,3.0,False
84372,0.00036203108266927146,1.4820491885537164,0.22896181169634022,0.45396651560808104,0.0694982958895413,12.022808750047327,1.352125030980798,2.6341265979970747,0.4306754618859021,0.07758900851987244,0.005209208053743847,0.06713847944595969,227,0.008241416889265342,0.10214531755655487,0.004405286343612335,0.0043443729920312575,0.4723276344486349,0.004666009910109193,0.0,,0.2794950002609844,,True,0.2794950002609844,299171.49339207046,True,NCR,N C R CORP NEW,1.0,False
84373,0.009765870104302209,0.5030682349157807,0.037383979007722334,0.41909733058672877,1.770733647191838,3.8546434820062427,0.20852269230465212,2.296898040543704,0.08506333165514257,0.08214595871467929,0.005515154760734149,0.06713847944595969,227,0.013113910754179794,0.08530783059266768,0.0,0.1171904412516265,0.038985552834184665,0.11888436457625846,0.0,,0.5325175790864758,,True,0.5325175790864758,248026.65198237885,True,DGX,QUEST DIAGNOSTICS INC,1.0,False
84375,0.007456864498393086,2.3205582916114373,0.2076756676947894,1.1194512190462031,0.6727457667939583,8.847126328033623,0.5763759364402096,3.052702076983643,0.2946082334928365,0.16509494527584226,0.011084223590033974,0.06713847944595969,227,0.020645649287977033,0.19526157834894048,0.0,0.08948237398071704,0.2509027805440219,0.04516712783625255,0.0,,0.3662708641852835,,True,0.3662708641852835,122175.15418502202,True,TEN,TENNECO INC DE,1.0,False
84381,0.006569897982890442,1.3239169689697923,0.18725377713523852,0.7276194778430743,1.2909732219479644,10.993459501991714,1.131917300772672,4.321628696871285,0.4021717320059587,0.07580011958676737,0.0050891047708774674,0.06713847944595969,227,0.01449410100911033,0.09738226678148572,0.0,0.0788387757946853,0.09902483701756587,0.08667397912703777,0.0,,0.5155870814579824,,True,0.5155870814579824,229806.69162995595,True,ROK,ROCKWELL AUTOMATION INC,1.0,False
84385,0.019818128330808184,1.176663967137309,1.1195649633296743,-0.6312774388754504,2.0373722854946075,5.111816273683945,3.5406464267774886,-1.9616094838386409,0.21860635577432952,0.1448841045817449,0.009727298477507753,0.06713847944595969,227,0.025214376377780866,0.16281110199017657,0.0,0.2378175399696982,0.021396890734873792,0.1367860773134476,0.0,,0.5364816088538731,,True,0.5364816088538731,52249.51101321586,True,NSP,INSPERITY INC,1.0,True
84387,0.011280009877228091,1.1766649845155415,0.7932176569991635,0.518296054380291,1.0005523962434284,4.410605456483064,2.1644533631798026,1.3896095352280795,0.12402090561941126,0.1679183439255652,0.01127378228224615,0.06713847944595969,227,0.019278199825004422,0.17821714559560387,0.013215859030837005,0.1353601185267371,0.15906385276172177,0.06717556648979513,0.0,,0.37472064165072966,,True,0.37472064165072966,6032.867841409691,False,CMT,CORE MOLDING TECHNOLOGIES INC,2.0,False
84389,0.0020466116265295126,0.6977847142422526,0.6036253329197238,0.838808115456242,0.5057571748065086,7.286904724039268,4.588804722703941,6.265471595551099,0.35215357847525464,0.06027287162203943,0.0040466289525452614,0.06713847944595969,227,0.008592187734832248,0.07438477662775204,0.004405286343612335,0.02455933951835415,0.3067633419276697,0.03395576768539342,0.0,,0.40013847939276503,,True,0.40013847939276503,9561.088105726873,False,SSB,SOUTH STATE CORP,3.0,False
84397,0.009603426423581238,0.6439402003250703,0.110817317679903,-0.39887999934082563,1.4823606549015151,4.2003765811884,0.5262120669656086,-1.8610346221834206,0.10393361933189482,0.09649411624824267,0.006478468240388685,0.06713847944595969,227,0.011344447183018792,0.10125790860865747,0.030837004405286344,0.11524111708297485,0.06982805832004267,0.09952344036060472,0.0,,0.3881012194456915,,True,0.3881012194456915,1534.7973568281939,False,UNTY,UNITY BANCORP INC,3.0,False
84403,0.009470454817851023,1.1921144364120513,0.9990062878615966,0.821138186382167,1.5727374377645473,8.36600962506185,5.103629197805488,4.121792872527418,0.3727858789199262,0.08968981132293263,0.006021637554016714,0.06713847944595969,227,0.018833432644931185,0.11249504884675596,0.004405286343612335,0.11364545781421227,0.05859866198338951,0.10559120013924635,0.0,,0.5799448519087034,,True,0.5799448519087034,53041.515418502204,True,WWD,WOODWARD INC,3.0,False
84413,-0.0015648637820529095,1.7843099964881377,1.0940760456029974,0.48106676505216667,-0.13493538515767542,6.501815576714422,2.90216651170966,1.2538315521934922,0.22555558409453924,0.17273453889645385,0.01159713428930689,0.06713847944595969,227,0.009461381557594305,0.1949765002119203,0.013215859030837005,-0.018778365384634912,0.5536076626368621,-0.009059356582941243,0.0,,0.16809814054244274,,True,0.16809814054244274,100938.43612334802,True,CERS,CERUS CORP,3.0,False
84419,0.005023231672257614,0.8588380105894107,2.6013125697876527,-0.3575719083423515,0.32678107205216267,2.3610216324877906,5.20585092528879,-0.7031072942656099,0.174081549479707,0.22895746820083634,0.01537185627280082,0.06713847944595969,227,0.01302288612350342,0.2502559673028989,0.013215859030837005,0.060278780067091364,0.37206999211480757,0.021939584289302795,0.0,,0.1802658347786006,,True,0.1802658347786006,10770.0,True,ELTK,ELTEK LTD,3.0,False
84438,0.013492174345249923,1.345481020204328,0.6146438200820903,0.7260491255864845,1.6510222826139347,6.9576662141188255,2.3137690778488995,2.6854775319098607,0.23796410603416396,0.12171875701702606,0.008172012266175364,0.06713847944595969,227,0.022402627000202475,0.13850581481639387,0.004405286343612335,0.1619060921429991,0.050070789272101165,0.11084712558609708,0.0,,0.5603012153504515,,True,0.5603012153504515,15716.550660792951,True,HLIO,HELIOS TECHNOLOGIES INC,3.0,False
84511,0.015696025465738988,1.3806746179574274,1.6026350077767695,-1.1538383154058203,0.820357538168934,3.0494382505497577,2.5767578442490837,-1.8228165424016323,0.11538671660019095,0.284980418831312,0.019133151992207022,0.06713847944595969,227,0.021455198386989185,0.3009792142866426,0.013215859030837005,0.18835230558886784,0.20644416777839383,0.05507755771469307,0.0,,0.2469372762555206,,True,0.2469372762555206,249044.7753303965,True,VCEL,VERICEL CORP,3.0,False
84516,-7.818694086628083e-05,0.405915266914082,0.8007949224433667,1.2546669693457828,-0.01456222561125967,3.1948019732292616,4.588178947679531,7.063281664282256,0.2547634291983155,0.07997144897867545,0.005369161483518415,0.06713847944595969,227,0.006873298170445952,0.09202081969285611,0.0,-0.0009382432903953699,0.5058027722777458,-0.000977685684888985,0.0,,0.2587436557622148,,True,0.2587436557622148,4755.98678414097,False,CCBG,CAPITAL CITY BANK GROUP,3.0,False
84519,-0.0012113633736760643,1.9690816405638119,2.0109887024670483,-0.8890185340797391,-0.11379980621281123,7.817102942751162,5.811687021588336,-2.5244247277291545,0.4000402901446305,0.15854823610662844,0.010644687491038037,0.06713847944595969,227,0.008588235216039517,0.2033286529573852,0.0,-0.014536360484112772,0.5452505602834861,-0.007640345950373021,0.0,,0.14631739821391881,,True,0.14631739821391881,1565736.242290749,True,CIEN,CIENA CORP,1.0,False
84563,0.011269630806924159,0.47860200480419735,0.39547018195937866,0.41603111243284774,1.8926529950228685,3.396650366590588,2.043151422747806,2.111891702818898,0.09262869645453053,0.08868847583358705,0.005954409411846776,0.06713847944595969,227,0.015264015534332804,0.09248533695964271,0.004405286343612335,0.13523556968308992,0.02984961094504323,0.1270698442046769,0.0,,0.5717241522193217,,True,0.5717241522193217,48555.66519823788,True,SLGN,SILGAN HOLDINGS INC,3.0,False
84566,-0.0009056441868133423,1.1434614120757454,0.18897949286266633,0.3657180478386262,-0.11199029806871166,5.975294764361743,0.7188908882788904,1.3669534201668787,0.15840175960171288,0.12044969431038664,0.008086809325730021,0.06713847944595969,227,0.005243906161699319,0.13042219488030415,0.0,-0.010867730241760108,0.5445340808358805,-0.0075188583250330975,0.0,,0.1392816906742359,,True,0.1392816906742359,51722.92511013216,True,GOGL,GOLDEN OCEAN GROUP LTD,3.0,False
84588,0.008158304837279933,1.09451461440889,0.33023743984062653,0.5335982989897377,1.6031191347139615,9.088714430299365,1.996262648795679,3.169310809017097,0.3257661200099409,0.07579885229851557,0.005089019687071222,0.06713847944595969,227,0.014885206507086964,0.09169709048210137,0.0,0.0978996580473592,0.05516188666908184,0.10763098107541799,0.0,,0.5623282879724943,,True,0.5623282879724943,52270.14537444934,True,MTN,VAIL RESORTS INC,1.0,False
84597,0.006359177648571477,1.671035644503105,0.6675966595766034,-0.36971778202963645,0.9754959419426749,10.83241394357595,3.150388893099089,-1.7142705916762466,0.42733501307534916,0.09709659255473341,0.006518917583508691,0.06713847944595969,227,0.01358391786741418,0.12745353512723856,0.0,0.07631013178285773,0.16518565662470377,0.06549331424773536,0.0,,0.36920177833773976,,True,0.36920177833773976,764899.5682819383,True,AMTD,T D AMERITRADE HOLDING CORP,3.0,False
84601,0.017214140394840493,1.742375573543394,0.22791351178090402,-0.24825350657793652,1.009783372955197,4.319163783440655,0.41128081436209474,-0.44017238478176346,0.08937100263273035,0.25391340193444367,0.017047359716829347,0.06713847944595969,227,0.024152063502746703,0.26430969794669706,0.013215859030837005,0.2065696847380859,0.15684674219274464,0.06779532023002435,0.0,,0.3165423094147953,,True,0.3165423094147953,13614.224669603524,True,CLWT,EURO TECH HOLDINGS CO LTD,3.0,False
84606,0.012476386695190193,1.4650351348469755,0.3627366230657142,0.18015768617024522,1.6279952507111461,8.078437531294128,1.4560665179208958,0.7105614276938779,0.2613164672864544,0.11414691859575728,0.007663650547960884,0.06713847944595969,227,0.019784331142345766,0.13192685072873098,0.004405286343612335,0.14971664034228233,0.052468936753636265,0.10930112567799029,0.0,,0.5194919236383669,,True,0.5194919236383669,68078.140969163,True,EEFT,EURONET WORLDWIDE INC,3.0,False
84607,0.0024992548706229785,2.313331307776071,2.7544294323148644,-0.8194227000865812,0.17511390855525077,6.849564412431673,5.937002721073954,-1.7354120617424333,0.3597147456162426,0.21257804290562976,0.014272166564281959,0.06713847944595969,227,0.015483285908980194,0.26389421279827796,0.01762114537444934,0.02999105844747574,0.43057451126865964,0.011756881550238367,0.0,,0.20324688122636966,,True,0.20324688122636966,120949.1718061674,True,EMKR,EMCORE CORP,3.0,False
84624,-0.0005524083231013986,1.6479378512733045,-0.1263619696885456,0.0735821140409363,-0.05283846776831249,6.661098489380061,-0.371819268309815,0.21273884118565223,0.17215802468097263,0.1557178852404225,0.010454662037582415,0.06713847944595969,227,0.006170578476656446,0.17000550606699288,0.0,-0.006628899877216783,0.5210460429947525,-0.0035474943822188516,0.0,,0.12573422686025568,,True,0.12573422686025568,215976.99559471366,True,TIVO,TIVO CORP,3.0,False
84636,0.0037126458100171576,0.7353536143589721,0.7353442850439997,1.1935074394093208,0.7121635191275126,5.960839927206375,4.339227583398405,6.919996274136976,0.31874855688324477,0.07764836134066871,0.005213192911882937,0.06713847944595969,227,0.01170611623372273,0.0934494585291863,0.0,0.04455174972020589,0.23855396719461844,0.047813575791104825,0.0,,0.4339369835895216,,True,0.4339369835895216,50680.06607929515,True,WTFC,WINTRUST FINANCIAL CORP,3.0,False
84656,0.003706316273445231,1.4582973203480867,0.035959016448907886,0.3572246187001423,0.8041169193200151,13.37019759238126,0.23999933104769092,2.3426242320606856,0.46767979514456215,0.068651775755636,0.0046091758354984014,0.06713847944595969,227,0.010803719620375045,0.09346812094611126,0.0,0.044475795281342774,0.211092913555119,0.05398718725991526,0.0,,0.4004058518306365,,True,0.4004058518306365,122461.70484581498,True,ALV,AUTOLIV INC,1.0,False
84725,0.00406083336775565,0.4359991681450144,0.2930463946985851,0.7407551782393093,0.8683090563437519,3.939670009814036,1.9276183303914474,4.787605795917018,0.15969597567091698,0.06965773314759441,0.004676714285181912,0.06713847944595969,227,0.008593332335746004,0.07548303041583719,0.004405286343612335,0.048730000413067805,0.19307932851958567,0.058296949732075644,0.0,,0.3943691219030275,,True,0.3943691219030275,837.7400881057268,False,CVLY,CODORUS VALLEY BANCORP INC,3.0,False
84734,-0.009143198842295475,1.0364127893851511,0.9222476767525178,2.448132139377979,-0.8780035890121178,4.2057738283342285,2.7244020566835445,7.105874094598345,0.24825475237426742,0.1551066337133014,0.010413623539492484,0.06713847944595969,227,0.004074631064434903,0.17770237767717556,0.004405286343612335,-0.1097183861075457,0.8095566230420781,-0.0589478259143689,0.0,,0.07943020366920148,,True,0.07943020366920148,154927.64757709252,True,FBC,FLAGSTAR BANCORP INC,1.0,False
84737,-0.0019711992672603548,1.4054594455321394,0.5474002988152832,1.0049556433503424,-0.23831784853764615,7.180577653838728,2.0359006160695396,3.6724632634906422,0.25360299647038176,0.1231976598348485,0.008271303552612309,0.06713847944595969,227,0.007842446946172978,0.1416497220687796,0.004405286343612335,-0.02365439120712426,0.5940732885514317,-0.01600029797565009,0.0,,0.19179023252639146,,True,0.19179023252639146,15812.08370044053,True,GIFI,GULF ISLAND FABRICATION INC,3.0,False
84769,0.013051824084626972,1.4411060287973205,0.009185275604760828,-0.7357530888699954,2.7100393622303587,12.644898464150845,0.05867080975561436,-4.61764995330998,0.4766136354152083,0.07173384526631293,0.004816101295992003,0.06713847944595969,227,0.01689329156517964,0.09849430534203164,0.0,0.15662188901552365,0.0036252767555770065,0.18194792201884463,0.0,,0.5941468229327044,,True,0.5941468229327044,185447.28634361233,True,APH,AMPHENOL CORP NEW,1.0,True
84788,0.019832179755487483,1.6482995909544476,-0.2546085403822568,-1.4364352712242818,2.682102045238622,9.420111041495947,-1.0592618166626768,-5.871856507436108,0.37085536989773704,0.11013456776985206,0.007394267414505867,0.06713847944595969,227,0.021963473002600202,0.13792615091818422,0.0,0.2379861570658498,0.003931830378839722,0.18007225303621968,0.0,,0.5516263724888079,,True,0.5516263724888079,1417723.5110132159,True,AMZN,AMAZON COM INC,3.0,True
84819,-0.004531231544972043,1.312897687478116,0.377364752088767,-0.10796504907277932,-0.3586741586366036,4.391670422989203,0.9189051140414314,-0.25831614208544484,0.09888608875814198,0.1881675220388678,0.012633281310803691,0.06713847944595969,227,0.001356978254170256,0.19690331623329924,0.013215859030837005,-0.05437477853966452,0.6399109020377264,-0.0240808376274205,0.0,,0.0238731914317197,,True,0.0238731914317197,10246.123348017622,True,MTSL,M E R TELEMANAGEMENT SOLTNS LTD,3.0,False
84820,-0.004567493046210084,0.9875252467870561,0.6909915633035364,0.5619268697690553,-0.634011136071597,5.792715814164039,2.9506468872060654,2.3576716261252217,0.20228932534169097,0.107302417743002,0.007204121168140319,0.06713847944595969,227,0.0025617810216507554,0.11933972087789864,0.004405286343612335,-0.05480991655452101,0.7366383233079645,-0.042566543627652456,0.0,,0.07436140883729113,,True,0.07436140883729113,20077.237885462557,True,SRL,SCULLY ROYALTY LTD,1.0,False
84825,0.006735429114557548,0.21991873333261813,0.260194791499516,0.24941861955939257,1.2590714876387719,1.73725019424566,1.496267425484571,1.409283985726363,0.034602981663919063,0.07967890911928734,0.005349520802181763,0.06713847944595969,227,0.00890323376998975,0.08055427901223909,0.013215859030837005,0.08082514937469057,0.1046604354693328,0.08453214519382957,0.0,,0.3828686304533187,,True,0.3828686304533187,326.82819383259914,False,PBHC,PATHFINDER BANCORP INC MD,3.0,False
84827,0.012815599364912325,1.1338206174209176,4.096199263433629,-1.4584069919717892,0.7953561412603697,2.973596867725679,7.820405902364328,-2.7358103020906017,0.3381407314343351,0.23999698306679285,0.016113032514722205,0.06713847944595969,227,0.021950303753790906,0.29303612772988674,0.0,0.1537871923789479,0.21362605562323608,0.05339900194222714,0.0,,0.25948364549903336,,True,0.25948364549903336,466086.87665198237,True,RMBS,RAMBUS INC,3.0,False
85002,0.030669102622821815,1.1891911277438003,1.9443338319485477,-1.4169553288196584,1.6675781477686307,2.73244740469457,3.2522315823856554,-2.3287657858193858,0.13945895845498124,0.2739323808851859,0.018391403523642852,0.06713847944595969,227,0.03560857152725659,0.29332953259871714,0.004405286343612335,0.3680292314738618,0.04840157052057519,0.11195866119849572,0.0,,0.42052264239300563,,True,0.42052264239300563,256110.2114537445,True,SRPT,SAREPTA THERAPEUTICS INC,3.0,False
85013,0.005799132238335584,0.8962776210849228,1.177495380841016,0.22119968086131103,0.4252858138616228,2.7776368239042784,2.656455832111336,0.4903282397662981,0.08272279555981155,0.2031003232898569,0.013635846880663823,0.06713847944595969,227,0.012604496256633879,0.21064857533153186,0.022026431718061675,0.069589586860027,0.3355192209416688,0.028553042872606797,0.0,,0.20728009089016267,,True,0.20728009089016267,7151.162995594714,False,INTT,INTEST CORP,2.0,False
85020,0.0045623510237692635,1.2733166048555635,0.3188203421082874,0.2727417466891878,0.4858278127293836,5.72987442232002,1.0443960096247347,0.8778692180178793,0.1514761267037522,0.13987330014767116,0.00939088068700297,0.06713847944595969,227,0.011253969783755344,0.15083460862520195,0.004405286343612335,0.05474821228523116,0.31378313539311625,0.03261774061920727,0.0,,0.25846120635012304,,True,0.25846120635012304,14026.466960352423,True,PPBI,PACIFIC PREMIER BANCORP INC,3.0,False
85035,0.005326186134933798,2.224531032644065,0.8101913728177067,-0.8912307079374485,0.45607788606219907,8.049634624886737,2.1342033281475827,-2.306733079426363,0.3007854243952077,0.1739425464060306,0.011678238076659174,0.06713847944595969,227,0.013635913231771851,0.20663258037210705,0.0,0.06391423361920558,0.324388904741262,0.030620375779143696,0.0,,0.22859990890592136,,True,0.22859990890592136,1349028.5286343612,True,QRVO,QORVO INC,3.0,False
85059,0.007280888302435646,0.9477838443714914,1.0336503374366508,0.7911992772018771,0.9221948888592373,5.0729743691587865,4.02751805741921,3.029066099654704,0.21050802490027865,0.11759535202533804,0.007895173124893552,0.06713847944595969,227,0.01562619103752718,0.13146632065466632,0.00881057268722467,0.08737065962922776,0.1787117890490755,0.06191476259084498,0.0,,0.4117458626817337,,True,0.4117458626817337,39753.907488986784,True,FIX,COMFORT SYSTEMS USA INC,1.0,False
85067,0.0068246623370487825,0.6752807655970894,0.49821185196205625,0.25224590431066807,1.3064590444523585,5.462784077074646,2.933960002465748,1.4595644630173141,0.18421769799722676,0.0778061395554002,0.005223785901309707,0.06713847944595969,227,0.011376115490399685,0.0855706715145077,0.00881057268722467,0.08189594804458539,0.09637116002743153,0.08771367370295281,0.0,,0.46053185451052486,,True,0.46053185451052486,48302.62114537445,True,MMS,MAXIMUS INC,1.0,False
85072,0.004719239422260248,1.0766748251302312,0.5949922353716505,0.6373936776341835,0.9382886215611016,9.046154926543403,3.6391607524323377,3.830511022267645,0.36150325268644146,0.07491418518240027,0.005029624482079398,0.06713847944595969,227,0.01222865855618034,0.09312856854024852,0.0,0.05663087306712297,0.17455561508938486,0.06299527133305786,0.0,,0.4548691826732484,,True,0.4548691826732484,194076.91189427313,True,RL,RALPH LAUREN CORP,1.0,False
85077,0.0009225311585695818,1.4283741689357154,0.11231267620320615,0.21426871255335697,0.08103056369448441,5.301818162198399,0.3034744238999897,0.568867474294996,0.1226828051710801,0.16957455348862172,0.01138497767395362,0.06713847944595969,227,0.007648771738033458,0.17983763120987542,0.0,0.011070373902834982,0.46774516135022903,0.005440268835096669,0.0,,0.1473335828173805,,True,0.1473335828173805,11545.74449339207,True,SRT,STARTEK INC,1.0,False
85168,-0.0036176210268347646,2.0066853675596477,0.8777990182708909,1.3199995558276052,-0.41979010085760493,9.84018881755651,3.1335001358199825,4.629855485173564,0.39026419096779674,0.1283569458825907,0.008617690172884475,0.06713847944595969,227,0.010268423102053167,0.16328516756165098,0.0,-0.04341145232201717,0.6624785239536573,-0.02818406905804565,0.0,,0.2178450228145177,,True,0.2178450228145177,257466.66960352423,True,HLX,HELIX ENERGY SOLUTIONS GROUP INC,1.0,False
85176,0.02172864157193609,1.6287302080772894,1.2279323333491616,0.8641780531851263,1.6690504035458509,5.286899459564816,2.901595134968103,2.006432875333902,0.17873869958204747,0.19390616752335793,0.013018565242711782,0.06713847944595969,227,0.03349407570484293,0.212544149729588,0.004405286343612335,0.26074369886323306,0.04825532799393152,0.11205750621273383,0.0,,0.5458954381680667,,True,0.5458954381680667,21307.969162995596,True,DXPE,D X P ENTERPRISES INC,3.0,False
85177,0.029505867638903133,1.4612729663671014,3.504149790550561,-1.2231071154097715,1.513148536613296,3.1667920523737445,5.528169339915889,-1.8959295314394096,0.22954615550729673,0.29043926336087345,0.019499650513453676,0.06713847944595969,227,0.03941159388142782,0.3286852575812408,0.00881057268722467,0.3540704116668376,0.06582893312425774,0.10159049192409575,0.0,,0.4153693020018168,,True,0.4153693020018168,143077.62114537446,True,EGHT,8X8 INC NEW,1.0,False
85187,0.016591399429740045,1.657410297263598,0.45112932789601723,-0.279024310609643,1.2725034187279758,5.37181435929736,1.0643942102330028,-0.6468484011538363,0.14239928278199043,0.1942014910223183,0.013038392813376641,0.06713847944595969,227,0.023562834670028964,0.20830908157812694,0.02643171806167401,0.19909679315688056,0.1022597472161779,0.08543394462318163,0.0,,0.3918410710627509,,True,0.3918410710627509,13329.964757709251,True,HSKA,HESKA CORP,3.0,False
85198,0.011053604449008885,0.7231364447774459,0.6440674053196438,0.9458341056307555,1.9548875538942623,5.404470319579574,3.504085435897775,5.056119835427312,0.24071868776140748,0.08421910787296275,0.005654342842885972,0.06713847944595969,227,0.018095192589364324,0.09600801556028268,0.0,0.13264325338810662,0.025922944586867204,0.13124817785629234,0.0,,0.6528995054135573,,True,0.6528995054135573,69798.45814977973,True,OZK,BANK O Z K,3.0,False
85205,0.014320836457998316,1.0399681074262839,0.6500340643064695,-0.47950769863021847,1.1294288272660555,3.4659758183022857,1.5770741102662222,-1.1430641226865248,0.08945707049746499,0.188859143469806,0.012679715722029122,0.06713847944595969,227,0.018598234856033465,0.1966011321671399,0.022026431718061675,0.1718500374959798,0.12996520801331327,0.07582813410507641,0.0,,0.327699920612487,,True,0.327699920612487,4787.678414096917,False,PRPH,PROPHASE LABS INC,3.0,False
85246,0.005198743165303192,1.301042098361436,0.24685389363065888,0.9789142498838863,1.0128958277269489,10.712054988100945,1.4795576938083868,5.764950685565146,0.41495000600675347,0.07644728726974681,0.005132554625059273,0.06713847944595969,227,0.013873982334743311,0.0992804647324594,0.0,0.0623849179836383,0.15610382491773503,0.06800428571074409,0.0,,0.48409205923533155,,True,0.48409205923533155,71066.81057268723,True,JLL,JONES LANG LASALLE INC,1.0,False
85257,0.01084060309509112,0.9128772884203206,-0.19405314227557213,0.36042742112430187,2.7565952452657094,9.809502568459918,-1.5179789231252685,2.7702687916125455,0.3188143233521744,0.058574547212689995,0.003932606034095582,0.06713847944595969,227,0.015218046662092177,0.07049761073393943,0.0,0.13008723714109344,0.0031620917332677795,0.18507361321510202,0.0,,0.7477822222990023,,True,0.7477822222990023,148403.51982378855,True,AME,AMETEK INC NEW,1.0,True
85259,0.00976279156896778,0.9988714990941749,-0.01813889544440792,0.6086261128279932,2.596456815588109,11.22617303703778,-0.14840325511231447,4.892627976233995,0.40770385572858137,0.056004305054495114,0.0037600438837864765,0.06713847944595969,227,0.015575747996995775,0.07228533061971577,0.004405286343612335,0.11715349882761336,0.005022624382591785,0.1743221625456842,0.0,,0.7464304767066425,,True,0.7464304767066425,153586.00440528634,True,BAM,BROOKFIELD ASSET MANAGEMENT INC,1.0,True
85261,0.002357525498276249,1.9597900096014622,0.10750630388804422,0.32334393321561705,0.2477591070829908,8.703577325910375,0.34756230004592203,1.0271230410757481,0.27187179464567,0.14172787329821981,0.009515393908352111,0.06713847944595969,227,0.011571917872558691,0.16498693515272497,0.0,0.028290305979314985,0.4022743869339975,0.016634169718440703,0.0,,0.24296650735080905,,True,0.24296650735080905,939303.5286343612,True,MT,ARCELORMITTAL S A LUXEMBOURG,1.0,False
85269,0.011815395910883899,1.1950007298395413,0.19452885769023903,0.36302056238407004,1.779246334085525,7.604505805439243,0.9011505265540901,1.652355737067388,0.23293036364656783,0.09891011294288231,0.006640674584813255,0.06713847944595969,227,0.01818095194031441,0.11218156999612339,0.0,0.14178475093060677,0.03828071013639035,0.11945589343030014,0.0,,0.5614172183841021,,True,0.5614172183841021,1413043.8678414098,True,VLO,VALERO ENERGY CORP NEW,1.0,False
85272,0.0052882789329690965,1.2243973905379648,0.6208006270052395,0.5408679949638371,0.3755085161742257,3.674031336415188,1.356073055077796,1.1608637411011413,0.0808231069515194,0.20976018733917515,0.014082980026251865,0.06713847944595969,227,0.013183538346229292,0.2173310233964538,0.004405286343612335,0.06345934719562915,0.35381962483615065,0.025211070794946076,0.0,,0.21013620496828064,,True,0.21013620496828064,7314.132158590309,False,AEHR,AEHR TEST SYSTEMS,3.0,False
85280,0.009971636807491356,1.6679745404946793,0.397572995228833,0.7482290653636573,0.9227416401927729,6.522560390815181,1.1317644499435908,2.0928242945924542,0.19274070573834934,0.16095883929520433,0.010806531723666604,0.06713847944595969,227,0.019814064537012805,0.17795349280963618,0.0,0.11965964168989626,0.17856957034480345,0.061951470644013615,0.0,,0.38570714112666754,,True,0.38570714112666754,184851.19383259912,True,CRZO,CARRIZO OIL & GAS INC,3.0,False
85293,-0.03169202149161996,1.6533933024507645,3.917353316575736,-0.6316927124070215,-1.9527326442052306,4.305107921578864,7.425250186831012,-1.176476448743567,0.32794644106701765,0.24173283986786895,0.016229575300882385,0.06713847944595969,227,-0.018430925829602866,0.2929084653800885,0.01762114537444934,-0.38030425789943956,0.9739487486474758,-0.13110350049642738,0.0,,-0.21797458073450285,,True,-0.21797458073450285,96610.16740088105,True,ABIO,ARCA BIOPHARMA INC,3.0,False
85299,0.007022766398761705,0.34430890824486715,0.5655607288056801,0.8201507958390692,1.712216356196185,3.547428920275111,4.241848637491316,6.044058453130217,0.2260804721512376,0.061091118985356525,0.004101564836329037,0.06713847944595969,227,0.011980518781255474,0.06898082583825733,0.0,0.08427319678514046,0.0441234653505777,0.11495560263751355,0.0,,0.6016416004883213,,True,0.6016416004883213,7910.7753303964755,False,LKFN,LAKELAND FINANCIAL CORP,3.0,False
85314,0.005538263997365209,1.1794484568730934,1.190591158709932,0.002768313047886054,0.5984049740906939,5.385369813598539,3.9573977029084184,0.009041099879295866,0.21679410458703963,0.13785005948852977,0.009255043385594975,0.06713847944595969,227,0.012910863305667148,0.15472738861819246,0.004405286343612335,0.06645916796838251,0.2750885269642109,0.04017600005334809,0.0,,0.28905381800469254,,True,0.28905381800469254,8619.33039647577,False,QADB,QAD INC,3.0,False
85332,0.004247086317541345,0.3663961489895413,0.5140288169087398,0.44052683472022935,1.2518927193877727,4.5639612725658045,4.66110617510487,3.9249390860477837,0.2228405195174301,0.05053036936354833,0.0033925321649113404,0.06713847944595969,227,0.008100241680134367,0.05693713498526342,0.02643171806167401,0.05096503581049615,0.10596022500936025,0.08405017360916255,0.0,,0.492825293974173,,True,0.492825293974173,1476.5330396475772,False,BHB,BAR HARBOR BANKSHARES,2.0,False
85346,0.001982224858053632,0.6552564430696406,0.5207054841439225,0.45359548733884925,0.2859770773905746,3.9948881978573345,2.3109787937166804,1.978024001023395,0.11647739893994546,0.1032405224223868,0.0069314116926455565,0.06713847944595969,227,0.007075153543800629,0.10910372381007312,0.004405286343612335,0.023786698296643583,0.38758057772336557,0.019200066132402716,0.0,,0.22463991110965673,,True,0.22463991110965673,141977.12334801763,True,NAT,NORDIC AMERICAN TANKERS LTD,1.0,False
85348,0.011866484770232319,0.6596557766445555,0.021480700964152555,0.1760279842858248,2.766157529565501,6.49811236613288,0.1540383206743739,1.2402837824498378,0.17276902734547883,0.0638960006750381,0.004289880328000072,0.06713847944595969,227,0.015129308348432938,0.06978442343141353,0.0,0.14239781724278783,0.0030738685213874545,0.18571561044301998,0.0,,0.7510194812633715,,True,0.7510194812633715,562364.1629955947,True,YUM,YUM BRANDS INC,1.0,True
85349,0.001236395721782641,2.2684803148726647,0.44234423287165886,1.669819009384479,0.12535257341477785,9.719094383748963,1.3796268349149476,5.117168144836755,0.36720190502485694,0.14691046667802363,0.009863345347458833,0.06713847944595969,227,0.016281692780350666,0.18345027568820516,0.00881057268722467,0.014836748661391692,0.45017868278948364,0.008415981173706214,0.0,,0.3074480975621437,,True,0.3074480975621437,241214.81938325992,True,MTOR,MERITOR INC,1.0,False
85372,0.014069050060779548,1.693118466736779,0.5846896196143,0.06309123905702206,1.4609765084297148,7.429863388694315,1.8677955853614885,0.19803048030991152,0.24226231566861756,0.1434333167107719,0.009629894785851984,0.06713847944595969,227,0.022448589744194825,0.16367743470223586,0.0,0.16882860072935457,0.07271471934847784,0.09808774128223835,0.0,,0.47510639528228044,,True,0.47510639528228044,29763.458149779737,True,FARO,FARO TECHNOLOGIES INC,3.0,False
85390,0.01037238934129568,1.1901931555226808,0.36729050188935103,0.8826439775553776,1.0550497185070598,5.11595349841724,1.1492891760000752,2.7137148070500503,0.14398852461911593,0.14643145683437744,0.009831185354916783,0.06713847944595969,227,0.018570245309127185,0.15721457345943488,0.0,0.12446867209554816,0.1462721505616043,0.07083443384045178,0.0,,0.40918100245617667,,True,0.40918100245617667,122553.49779735683,True,PLCE,CHILDRENS PLACE INC,3.0,False
85394,0.0037267846941066904,0.7958471236323071,0.17222065611057533,0.2501517086463016,0.5187072882014606,4.6809362029985495,0.7373926247778009,1.052388386818062,0.10576317961972337,0.10701396410808402,0.007184754829701266,0.06713847944595969,227,0.008080183551678461,0.11241192625370312,0.00881057268722467,0.044721416329280284,0.3022396067225154,0.034825218607383246,0.0,,0.24900006453769663,,True,0.24900006453769663,21897.36563876652,True,PSMT,PRICESMART INC,3.0,False
85397,0.01186718241303603,1.0543930361133609,1.136077812111889,-1.2599321130186296,0.8354261510885113,3.136736234046074,2.4603337766728615,-2.6809710189062583,0.13378780248332367,0.2115768033455842,0.01420494486265936,0.06713847944595969,227,0.014995742808921304,0.22581569085938835,0.00881057268722467,0.14240618895643237,0.20218599496764345,0.056089241473473224,0.0,,0.23004059942371782,,True,0.23004059942371782,10450.814977973569,True,RDCM,RADCOM LTD,3.0,False
85418,0.0035131914413000474,0.5733899527026756,0.8509110078734149,0.8706270853319201,0.8024200319846562,5.534329964722686,5.978738948851873,6.0105836590663735,0.32618570955904036,0.06521215511252355,0.004378244935648898,0.06713847944595969,227,0.010160048189117638,0.07891447219137782,0.0,0.04215829729560057,0.21158217270595933,0.05387326082442816,0.0,,0.4459947379036678,,True,0.4459947379036678,3393.9339207048456,False,CAC,CAMDEN NATIONAL CORP,3.0,False
85419,-1.3132219351520355e-05,1.0312856528806416,1.0791436886157162,0.5566854773492239,-0.0017577634492021116,5.83332671659804,4.443519388915704,2.252250641498992,0.246075792366387,0.11127720214786929,0.007470982149208624,0.06713847944595969,227,0.008100376622310413,0.12730356490568398,0.022026431718061675,-0.00015758663221824426,0.50070046008924,-0.00011801356520511517,0.0,,0.2204221677637932,,True,0.2204221677637932,28169.35242290749,True,CSU,CAPITAL SENIOR LIVING CORP,1.0,False
85424,0.0019877160323068465,1.5945444897614955,0.11270342700983607,0.3567355678911065,0.26998286711873204,9.15236917398521,0.4709171311214797,1.464579001361678,0.2946810891788779,0.10965959420136773,0.007362378411340807,0.06713847944595969,227,0.009806168139951514,0.12970361551088283,0.0,0.023852592387682156,0.39371155621377507,0.018126239174812254,0.0,,0.2619014339586255,,True,0.2619014339586255,72192.64757709252,True,DRQ,DRIL QUIP INC,1.0,False
85427,0.00410397363514081,1.421077121981925,0.4291436872006189,0.9177589799286116,0.5911620392059337,8.650369293499006,1.9016483368848478,3.995904914972552,0.3155601418346812,0.10340142464778117,0.006942214423398005,0.06713847944595969,227,0.01348267117788156,0.12415296280272087,0.0,0.04924768362168972,0.2775052907245829,0.039689720418459196,0.0,,0.3761919325105884,,True,0.3761919325105884,67030.85022026431,True,GPI,GROUP 1 AUTOMOTIVE INC,1.0,False
85440,0.004485762486357028,1.3165343240846823,0.9159848983215036,1.1881901648553344,0.46678037179746656,5.7892662234273455,2.9321766274751675,3.737203874604634,0.217670707518272,0.1431370914148544,0.009610006669910654,0.06713847944595969,227,0.015236044802388321,0.16075171098189533,0.013215859030837005,0.05382914983628434,0.32055636435768015,0.031338924397701626,0.0,,0.3283275001297425,,True,0.3283275001297425,23444.629955947137,True,SRI,STONERIDGE INC,1.0,False
85449,0.007165321312338077,0.37612371288027513,0.29959457517850335,0.39189259107354885,1.0470925827619009,2.3227108669219585,1.346817843267871,1.7310156424156078,0.04753909885009355,0.10192461643578196,0.006843063765611073,0.06713847944595969,227,0.01046669527592933,0.10374178573462506,0.013215859030837005,0.08598385574805692,0.1480952305200746,0.07030020384577673,0.0,,0.34949943991951216,,True,0.34949943991951216,56542.94273127753,True,FDP,FRESH DEL MONTE PRODUCE INC,1.0,False
85459,0.008446171328846983,0.4265647320360544,0.5691872236838563,0.35527299591662964,1.7092768706197412,3.647980421791133,3.543506024107288,2.173197785336843,0.13942242511450853,0.07359968739061414,0.004941371099103805,0.06713847944595969,227,0.012419211586066495,0.07880960833655506,0.004405286343612335,0.1013540559461638,0.044395411430322454,0.11475825004555779,0.0,,0.5458904291251933,,True,0.5458904291251933,260055.39647577092,True,CHRW,CH ROBINSON WORLDWIDE INC,3.0,False
85464,0.006075207677282985,1.2960021334880698,-0.14458344057766742,1.2869879470543137,0.5785371066940189,5.21543853252298,-0.42355922897452764,3.7044957141589285,0.15579169324672626,0.15640780029291226,0.010500981885153457,0.06713847944595969,227,0.014785435139249025,0.1690954062913045,0.0,0.07290249212739582,0.2817426906149861,0.03884210164650137,0.0,,0.3028955716168434,,True,0.3028955716168434,32923.27753303965,True,CWST,CASELLA WASTE SYSTEMS INC,3.0,False
85488,0.01709377957630757,0.9383272296836891,1.0355858981398307,-1.176123686624157,1.7442942005542894,4.046233868819226,3.2508225857540385,-3.6275980542229114,0.21167015252839494,0.14596437145877914,0.009799825953027667,0.06713847944595969,227,0.01977269587282319,0.1633018438656722,0.0,0.20512535491569084,0.041242809991085747,0.11710926033162083,0.0,,0.41943572765177284,,True,0.41943572765177284,45034.48898678414,True,OSIS,O S I SYSTEMS INC,3.0,False
85502,-0.00916930612865439,1.1388235674637284,1.3400805726607652,-0.726406439324558,-0.7074500600954244,3.713049898608118,3.180648886345005,-1.69403947857574,0.15281703967900784,0.19304972331097578,0.012961064880562152,0.06713847944595969,227,-0.003735618263516483,0.20834294051331007,0.00881057268722467,-0.11003167354385268,0.7599872463330206,-0.0474971213187596,0.0,,-0.06211182979515848,,True,-0.06211182979515848,21940.68281938326,True,INVE,IDETIVE INC,3.0,False
85517,0.008940640735982539,0.6581803920715878,0.4538699951922136,0.5429843073805897,1.7508558567978643,5.446803571682974,2.7342531779043866,3.2140568486313676,0.19272119495943862,0.07605832370149601,0.005106440202527039,0.06713847944595969,227,0.014160416805361153,0.08408783797925226,0.0,0.10728768883179046,0.04067289122567962,0.11754979995446156,0.0,,0.5833557373490644,,True,0.5833557373490644,43497.95154185022,True,CHH,CHOICE HOTELS INTERNATIONAL INC,1.0,False
85526,0.006625213241066339,1.0477429199908546,1.0943671594370386,-0.05053064190111753,0.5010047461008864,3.3482026656139903,2.5458366478786676,-0.11549982345177533,0.099911695910323,0.19696384787488513,0.013223853252145104,0.06713847944595969,227,0.013100362288054885,0.20622540859953453,0.022026431718061675,0.07950255889279607,0.3084309718260827,0.03363669684842261,0.0,,0.22005526122663763,,True,0.22005526122663763,4352.753303964758,False,BASI,BIOANALYTICAL SYSTEMS INC,3.0,False
85539,0.005068251430555008,1.0159719406543546,0.30438176638547726,-0.19172971968447208,0.3744853520706895,3.1722939370901297,0.6918641372185526,-0.428203928161125,0.055953838169855774,0.20158203052218746,0.013533911012888701,0.06713847944595969,227,0.009341193856138047,0.20608833568873186,0.013215859030837005,0.06081901716666009,0.3541995563976125,0.025142377112810966,0.0,,0.15701444051271427,,True,0.15701444051271427,12891.911894273127,True,CTHR,CHARLES & COLVARD LTD,3.0,False
85540,0.02254069096761994,0.6254037451466898,0.15293979355784418,0.15609847060310442,1.312342147343428,1.5387049602217224,0.2739213319720784,0.2747027621931306,0.01270253638968577,0.25582833648699865,0.017175925510926417,0.06713847944595969,227,0.02588301809761747,0.2557542434161547,0.030837004405286344,0.2704882916114393,0.09537693329656421,0.08810865628548334,0.0,,0.35057641116320554,,True,0.35057641116320554,4971.352422907489,False,CTIB,YUNHONG CTI LTD,3.0,False
85567,0.0048504037312937665,1.2276821095520438,0.7873912365473538,0.44592233410317594,0.48066314979925245,5.1411927922401555,2.4003745792640188,1.3356931221644068,0.15725518727350773,0.15030227705756335,0.010091066338910156,0.06713847944595969,227,0.012838989757856675,0.1626356418809015,0.0,0.0582048447755252,0.3156135711417864,0.032270993003227354,0.0,,0.273467516975756,,True,0.273467516975756,14448.149779735682,True,GEOS,GEOSPACE TECHNOLOGIES CORP,3.0,False
85571,0.0022456569235852816,1.9660079865505993,1.765943540007551,-0.46257680006789004,0.16380772832605797,6.060260337953622,3.9627191781563216,-1.0199041361240733,0.253785829671907,0.20419143426626576,0.013709102412526711,0.06713847944595969,227,0.012736138875895654,0.23480318612130285,0.0,0.02694788308302338,0.43501543657016783,0.010997801801308391,0.0,,0.1878989803307703,,True,0.1878989803307703,100926.89427312775,True,PGNX,PROGENICS PHARMACEUTICALS INC,3.0,False
85576,-0.017311246116894236,1.3977573763107276,0.849007534527888,-0.4265228631762454,-2.2022459984215983,7.514227085418695,3.322573112135978,-1.6400773876437797,0.30017982872772575,0.11708223393988013,0.007860723156859685,0.06713847944595969,227,-0.010990405626588744,0.1390259860635176,0.004405286343612335,-0.20773495340273085,0.9856637921638441,-0.14785544769997544,0.0,,-0.27384723503914593,,True,-0.27384723503914593,198881.52863436122,True,RNWK,REALNETWORKS INC,3.0,False
85586,0.006306750125201088,0.6670386453298153,0.5596920295252166,0.3315867855143939,1.0055708182956604,4.4944138175498916,2.745248497420219,1.5980441662499734,0.1425091971772363,0.09341604185051322,0.006271811005703591,0.06713847944595969,227,0.01118117405287407,0.10020858700726334,0.00881057268722467,0.07568100150241305,0.1578559684747787,0.06751249571560004,0.0,,0.3865209983740214,,True,0.3865209983740214,1025.215859030837,False,ARKR,ARK RESTAURANTS CORP,3.0,False
85593,0.0012552180670109738,1.7861932315105633,0.6021093754884257,0.42506932471082337,0.2753566909598484,16.558458952293677,4.063285563433131,2.81851755214291,0.6108824221604392,0.0678972284079099,0.00455851667390209,0.06713847944595969,227,0.011090583214932394,0.1081209451752223,0.0,0.015062616804131686,0.3916485915100108,0.018487029536315258,0.0,,0.3553326986311927,,True,0.3553326986311927,98475.3127753304,True,AMG,AFFILIATED MANAGERS GROUP INC,1.0,False
85621,0.010068652965573972,1.1460484086396667,0.047523991215031036,-0.12013084530300776,2.471167215891031,11.88635639817651,0.3588138278613669,-0.8911890067968942,0.4134743858999623,0.060687289038316355,0.004074452307730017,0.06713847944595969,227,0.014539524000379911,0.07871408620246642,0.0,0.12082383558688767,0.0071081303529338035,0.1659104093316294,0.0,,0.6398649975240648,,True,0.6398649975240648,44623.3436123348,True,MTD,METTLER TOLEDO INTERNATIONAL INC,1.0,True
85627,0.00028558438232902084,2.0128910709923833,1.28134677183046,1.6896815031167507,0.02515087585034139,7.491244249996365,3.471449421888427,4.497881775599824,0.3058171835118071,0.16912579031530578,0.011354848396865845,0.06713847944595969,227,0.01610710844048728,0.20163741514109082,0.0,0.00342701258794825,0.4899785557763379,0.0016885915613260294,0.0,,0.27671779230480914,,True,0.27671779230480914,85495.33480176212,True,SAH,SONIC AUTOMOTIVE INC,1.0,False
85631,0.011176295307146158,1.5796766388314287,0.639879731231759,-0.0245766239144351,1.7133767392865233,10.233830460342801,3.0177194015481663,-0.11388374709159096,0.38875208856439414,0.09715686676784839,0.006522964302527033,0.06713847944595969,227,0.01895470294747358,0.12344201962083613,0.0,0.1341155436857539,0.0440164855756034,0.11503350899377368,0.0,,0.5319178776925687,,True,0.5319178776925687,542120.2378854626,True,ADSK,AUTODESK INC,3.0,False
85636,0.0031609027612559066,1.0572231545812878,0.027111895234029047,0.6067878749712845,0.9355146707407893,13.222730820755793,0.24684529139416758,5.428263072773465,0.4868800099984437,0.050325608209488004,0.0033787848123781306,0.06713847944595969,227,0.009304140875401152,0.06978752189965912,0.0,0.03793083313507088,0.17526754050640417,0.06280903249292423,0.0,,0.4618374253249385,,True,0.4618374253249385,50774.299559471365,True,CM,CANADIAN IMPERIAL BANK COMMERCE,1.0,False
85645,0.007690270411883561,0.8010918772961224,0.14634414067548984,0.27553412568566593,1.7224435119890857,7.582295907572632,1.0083335530183997,1.865362743068386,0.23482299872165768,0.06650053235886656,0.00446474462492114,0.06713847944595969,227,0.01208328868363375,0.07551659156721786,0.0,0.09228324494260273,0.04318782029246635,0.11564223832650584,0.0,,0.5542853428162676,,True,0.5542853428162676,100920.95154185023,True,INGR,INGREDION INC,1.0,False
85656,0.003868565490859584,0.04956525614302757,0.34809648459412884,0.178015732480484,0.7276648153020537,0.3939796604972876,2.0142184194824138,1.0121021199669458,0.02278328640448879,0.07918575762484428,0.005316411360708353,0.06713847944595969,227,0.00531672269315573,0.0795700892361209,0.01762114537444934,0.04642278589031501,0.23379104674626816,0.04885430924570498,0.0,,0.2314647104887197,,True,0.2314647104887197,332.69603524229075,False,MPB,MID PENN BANCORP INC,3.0,False
85663,0.004615233304035397,2.022879415204911,0.8939064097526946,1.2261025364331661,0.580659846062783,10.755067834761123,3.4597577376816275,4.662721239037543,0.4298086326132614,0.11838600468209508,0.007948256342038128,0.06713847944595969,227,0.018333104612428056,0.15573572792827764,0.004405286343612335,0.05538279964842477,0.28102802875976496,0.03898461913998027,0.0,,0.40779170035824547,,True,0.40779170035824547,291453.2995594714,True,URI,UNITED RENTALS INC,1.0,False
85686,0.005960495002020574,0.9390684342890916,1.3188157566837335,0.46281641003750545,0.5127317221614617,3.4136589215858266,3.4899362180435967,1.2033754162853627,0.1263052168239781,0.17314925984799007,0.011624978023387415,0.06713847944595969,227,0.013931793839944372,0.18400896396621236,0.00881057268722467,0.07152594002424689,0.30432325030824603,0.034424028189628815,0.0,,0.26227607885221943,,True,0.26227607885221943,129594.60352422908,True,ASRT,ASSERTIO HOLDINGS INC,3.0,False
85705,0.006941912395492368,0.7993417998761548,0.36927509265793806,0.6704096061151162,1.0718778037861012,5.215713136178369,1.7540487842038164,3.1288943848619537,0.16333875522776153,0.09646335216691541,0.006476402786746821,0.06713847944595969,227,0.012928596235449964,0.10475764715097127,0.01762114537444934,0.0833029487459084,0.1424667798061434,0.07196424589807356,0.0,,0.4275198261769177,,True,0.4275198261769177,4059.643171806167,False,NICK,NICHOLAS FINANCIAL INC,3.0,False
85706,0.015236604083577208,0.6857721807005318,1.4240058673271145,-0.5652717937942071,1.090708761735052,2.0745098757345204,3.135868921479918,-1.223101393012392,0.0962441383192355,0.20806923947845504,0.013969452358060718,0.06713847944595969,227,0.019444981448189985,0.217410506676579,0.022026431718061675,0.1828392490029265,0.138289082563496,0.07322852778127693,0.0,,0.3098258344119623,,True,0.3098258344119623,31464.748898678416,True,NYMX,NYMOX PHARMACEUTICAL CORP,3.0,False
85724,0.009196872592881385,0.8398836109831965,1.0212560364421126,0.6974940068745269,0.840465891145532,3.2435011319600675,2.8710454170612105,1.92665932851732,0.10579352844678214,0.16298535244816767,0.010942588735333802,0.06713847944595969,227,0.016803915274214397,0.1712095097137734,0.0,0.11036247111457662,0.20077372612831146,0.05642760195770451,0.0,,0.33999554194950876,,True,0.33999554194950876,232894.79295154184,True,PRDO,PERDOCEO EDUCATION CORP,3.0,False
85725,0.0067337298318174464,0.41616102051552495,0.29893303492652423,0.397814625304467,1.2244562334640634,3.197893546914724,1.6721952796406547,2.186516960808402,0.08064168468568045,0.0819107533455537,0.0054993634298935315,0.06713847944595969,227,0.010215359442009244,0.08485876910310697,0.00881057268722467,0.08080475798180936,0.11103605647885954,0.08220812966290425,0.0,,0.417011035115065,,True,0.417011035115065,1043.8502202643172,False,CFFI,C & F FINANCIAL CORP,3.0,False
85731,0.00507592666236267,0.32326728022383266,0.44517974263012794,0.48314495764873894,1.5316373742570604,4.122089243037249,4.132392015363145,4.406589489095275,0.20150067801359683,0.04936144700999323,0.0033140524955032587,0.06713847944595969,227,0.008728350426447512,0.05487175092119627,0.00881057268722467,0.060911119948352035,0.06351465683837836,0.10283180437022131,0.0,,0.5510283944313756,,True,0.5510283944313756,9033.466960352423,False,HFWA,HERITAGE FINANCIAL CORP WA,3.0,False
85738,0.006836150786664794,1.232794526122881,0.811991198048092,-0.22099895930567187,0.6463056663506589,4.925292775894942,2.3615826783574647,-0.6315403230377059,0.15539957223539913,0.15754410917740716,0.01057727193583938,0.06713847944595969,227,0.01298858861803732,0.17028434857525235,0.0,0.08203380943997753,0.2593729987905082,0.043391979696090995,0.0,,0.26422740073624085,,True,0.26422740073624085,44763.709251101325,True,MRCY,MERCURY SYSTEMS INC,3.0,False
85741,0.004147431996671161,1.243057051253981,0.33374733950626784,1.5521163652119652,0.6558388484369084,8.30661247824222,1.6235332225841452,7.418680520262185,0.36708475386288064,0.09419126603317693,0.00632385837855737,0.06713847944595969,227,0.014408358159372284,0.11760778416911953,0.0,0.04976918396005393,0.2563019445599996,0.04403202304564325,0.0,,0.4243938198817817,,True,0.4243938198817817,59392.797356828196,True,HOPE,HOPE BANCORP INC,3.0,False
85744,0.012126333258034718,1.1419338936111814,1.118136502421201,-0.74237689535641,0.9204929451327929,3.663084629449212,2.6110265842381777,-1.703334482023029,0.13310636702274814,0.1962174077891795,0.013173738399793319,0.06713847944595969,227,0.017058670533636147,0.20934029861096282,0.004405286343612335,0.1455159990964166,0.1791549510584402,0.06180049667694891,0.0,,0.28228185657406524,,True,0.28228185657406524,44565.45374449339,True,RMTI,ROCKWELL MEDICAL INC DE,3.0,False
85751,0.005195528360115035,0.6892717154314592,0.24964500118880234,0.617352390317392,1.063759735242593,5.963748349849419,1.5723969955388324,3.8205992685600236,0.20066539963435215,0.07274693011357453,0.004884118272186888,0.06713847944595969,227,0.010325054488607077,0.08082553291076428,0.022026431718061675,0.062346340321380415,0.14429403900814586,0.07141921112002433,0.0,,0.44252152311643683,,True,0.44252152311643683,1853.3612334801762,False,TSBK,TIMBERLAND BANCORP INC,3.0,False
85753,0.007164669379981078,1.5469196284765796,0.30690253483386876,-1.6757263750064197,1.015866265202257,9.268792474452852,1.338647905653345,-7.181712507955104,0.43367714755804443,0.10504807892755126,0.0070527682879149515,0.06713847944595969,227,0.0093790462743915,0.1386609857161886,0.0,0.08597603255977293,0.15539698656186524,0.06820371636612557,0.0,,0.23431226296105973,,True,0.23431226296105973,727858.9779735683,True,VRSN,VERISIGN INC,3.0,False
85757,0.008031223300330103,0.3862820197970897,0.4134396611877932,0.43612288944243144,0.7546302025121316,1.5338115346927108,1.1950611299876297,1.2386422475075134,0.02547531928757618,0.15851706300283996,0.010642594576250069,0.06713847944595969,227,0.011741275041833572,0.15950628782367499,0.00881057268722467,0.09637467960396123,0.2256335383657589,0.05066472434066115,0.0,,0.2549928933281546,,True,0.2549928933281546,1315.0132158590309,False,ACY,AEROCENTURY CORP,2.0,False
85789,-0.0010605617956661445,0.667324132636352,0.7145610592544276,1.0004719092514953,-0.26763683532556487,7.116423122634737,5.547211895984704,7.631314164601291,0.3938976903061294,0.05902263464254917,0.003962689942795175,0.06713847944595969,227,0.00605661937251114,0.07530847167195233,0.004405286343612335,-0.012726741547993733,0.6053868759775589,-0.017968730167487134,0.0,,0.27859740723439036,,True,0.27859740723439036,95429.99118942731,True,BXS,BANCORPSOUTH BANK,1.0,False
85792,0.00412748517427676,1.5804402952601337,0.15129450864209318,0.2633140503188717,0.5042316912143625,8.159015045926385,0.5685822322875019,0.9723064699250448,0.25034832722522127,0.12192250668655458,0.008185691709175127,0.06713847944595969,227,0.01170194251657431,0.13987894167707998,0.004405286343612335,0.04952982209132112,0.3072981985790963,0.033853349036596966,0.0,,0.28979857500992523,,True,0.28979857500992523,352292.2643171806,True,PWR,QUANTA SERVICES INC,1.0,False
85796,0.0008666747547429819,1.0200557258546576,0.808773203211959,0.44641557590444364,0.14828914526894893,7.375511386807549,4.257017861091364,2.308750918309666,0.3008895776234204,0.08705130442135449,0.005844492212637088,0.06713847944595969,227,0.008047697308419798,0.10341906494406873,0.004405286343612335,0.010400097056915782,0.44112429114869867,0.009955907731698257,0.0,,0.2695638493667858,,True,0.2695638493667858,102577.65198237885,True,SCS,STEELCASE INC,1.0,False
85798,0.0032032747199809324,0.5915588966138885,0.3350527214199316,0.5512600934928406,0.6267291684541191,4.891012081541539,2.0166214122831576,3.2600690741714478,0.15818766022088893,0.07612771204777549,0.0051110988305875125,0.06713847944595969,227,0.007921910249681315,0.08242013960293794,0.013215859030837005,0.03843929663977119,0.26573892477849925,0.042077643394440284,0.0,,0.33295626800805816,,True,0.33295626800805816,939.4273127753304,False,SBBX,S B ONE BANCORP,3.0,False
85829,0.00012229132081166766,0.354357247967575,0.0800590713016232,0.3441254849325308,0.03352580526482286,4.105252996433144,0.6751800998802001,2.8515759625280332,0.10584891673040209,0.05433065194875476,0.003647677359147061,0.06713847944595969,227,0.002734043916943333,0.05707391641476183,0.00881057268722467,0.001467495849740012,0.4866426380804975,0.002250871587681556,0.0,,0.16594280791446323,,True,0.16594280791446323,987.5110132158591,False,HFBC,HOPFED BANCORP INC,3.0,False
85860,0.003946365942361071,0.3254532864601247,0.720913328032408,0.7923488915407633,0.9946589188747523,3.4664146568547123,5.589659904321134,6.036397183048205,0.2585912069967571,0.05909512724794959,0.003967556986092836,0.06713847944595969,227,0.009074851246678162,0.06817435188178644,0.0,0.04735639130833286,0.1604901171441363,0.06677988738061305,0.0,,0.4611148620123696,,True,0.4611148620123696,66419.67841409691,True,BRKL,BROOKLINE BANCORP INC,3.0,False
85863,0.010310644482414335,1.0577630516080565,0.3144268850662943,0.2557693892603224,1.7589963721365265,7.625749733944719,1.650153359185462,1.318901080772139,0.24544521332625036,0.08730706072126387,0.005861663301721729,0.06713847944595969,227,0.01605769297302325,0.0998394523757808,0.004405286343612335,0.12372773378897202,0.03997479956118371,0.11809634177620584,0.0,,0.5571492915833514,,True,0.5571492915833514,50377.17621145374,True,COLM,COLUMBIA SPORTSWEAR CO,3.0,False
85875,0.0012669087388683209,0.8767255564981742,0.8813464192346692,1.4792159007874657,0.24009055591764453,7.021152982746978,5.138092197031222,8.473168408215455,0.401464345293437,0.0785956940708169,0.005276795390914476,0.06713847944595969,227,0.01096793907563052,0.10091412345806658,0.0,0.01520290486641985,0.40524030524313265,0.01611931485364581,0.0,,0.3764988899934513,,True,0.3764988899934513,37783.98678414097,True,IBOC,INTERNATIONAL BANCSHARES CORP,3.0,False
85883,0.008003404385316014,0.2077341479049502,0.13420715542052017,0.08040104658173461,2.195710633284683,2.4083702909106295,1.1326650989485278,0.6667247427510892,0.03953684855866757,0.05429103920463739,0.003645017819740339,0.06713847944595969,227,0.009371357669652686,0.05502828943060878,0.013215859030837005,0.09604085262379217,0.014571844700395124,0.1474166732220588,0.0,,0.5899390218264742,,True,0.5899390218264742,529.7885462555066,False,NWFL,NORWOOD FINANCIAL CORP,3.0,False
85886,0.011887805578191184,1.6271214915855157,-0.09650028847935585,-0.8990949512966985,1.1558424666064466,6.68547022013919,-0.28863637916299184,-2.6423298949371583,0.20185552150702823,0.15319039847159746,0.010284970419103721,0.06713847944595969,227,0.015803844614664754,0.17032915857025377,0.004405286343612335,0.1426536669382942,0.12449122392915561,0.07760150568702427,0.0,,0.32141369166962536,,True,0.32141369166962536,14948.08370044053,True,CNXN,PC CONNECTION INC,3.0,False
85889,0.006450202799349351,0.7791335665229892,0.6185674230087974,0.43754675053634867,0.7505993334055544,3.831437487011302,2.2143555355002857,1.539018336322619,0.10560407608113431,0.12799520312567111,0.008593403314234305,0.06713847944595969,227,0.012213323747724688,0.1344395345476722,0.004405286343612335,0.0774024335921922,0.22684254407282012,0.050394097917999855,0.0,,0.3147005429841838,,True,0.3147005429841838,28780.704845814977,True,SRDX,SURMODICS INC,3.0,False
85903,0.002794980336599094,0.5222181317360968,0.5644074591046268,0.33632839211892573,0.36500672819390334,2.8819675328344547,2.26746379260454,1.3276089466737497,0.0763177743754585,0.11405291401557281,0.007657339223386343,0.06713847944595969,227,0.007097187800348307,0.11788086241782406,0.004405286343612335,0.033539764039189124,0.35772615819515474,0.024505996718483376,0.0,,0.20856124749902688,,True,0.20856124749902688,1753.0088105726873,False,CIX,COMPX INTERNATIONAL INC,2.0,False
85908,0.011806879484641125,1.6321209146132218,0.49033270928846084,0.8241993357825075,1.1099671937065079,6.483990453723749,1.4180494672109167,2.342026469307306,0.19803852397148014,0.15843586026089215,0.010637142747628848,0.06713847944595969,227,0.02191506291846228,0.1757417493059069,0.0,0.1416825538156935,0.13410431531664777,0.07452150962035393,0.0,,0.43197478772984454,,True,0.43197478772984454,143729.68722466961,True,GRA,GRACE W R & CO DEL NEW,1.0,False
85913,0.004339625694014847,1.2587273175487996,0.02836394690885482,0.6854795841054279,1.154036365711945,14.145356726215015,0.2320381474383055,5.509932435008182,0.517286843278825,0.05600944591902287,0.003760389033613908,0.06713847944595969,227,0.011539684592000788,0.08007831391795579,0.0,0.052075508328178165,0.12486027255149923,0.07748024681924144,0.0,,0.49919432712189954,,True,0.49919432712189954,527788.4669603524,True,MAR,MARRIOTT INTERNATIONAL INC NEW,3.0,False
85914,0.007672199988642268,1.632875622841472,0.23262111087178783,-0.3636967417897506,0.9446933960622554,8.49648106976853,0.8811413718905694,-1.3536141985938581,0.2810038603104392,0.12096438852002118,0.008121365112344523,0.06713847944595969,227,0.013839151037157955,0.14170737951181825,0.0,0.09206639986370721,0.1729189244755169,0.06342527815425958,0.0,,0.33830436795252455,,True,0.33830436795252455,1154495.651982379,True,BBY,BEST BUY COMPANY INC,1.0,False
85925,0.006839726992453957,0.66004227632933,0.39685049615818796,0.3973440045780913,1.5485743514046129,6.315097676236996,2.764048921482475,2.719220874018524,0.221774793574544,0.06578626107391657,0.004416789536937685,0.06713847944595969,227,0.011529915029989462,0.07407655374198661,0.0,0.08207672390944748,0.06145102868873469,0.10396892726231896,0.0,,0.5391827138301266,,True,0.5391827138301266,66445.94713656387,True,RBA,RITCHIE BROS AUCTIONEERS INC,1.0,False
85926,0.0009740292448709644,1.3610420854608878,0.1536912093429172,0.5051954024329139,0.11991521106037208,7.080906473662874,0.5820721369261852,1.8799495529931602,0.2071216110355616,0.12098352089637665,0.008122649631001217,0.06713847944595969,227,0.008343414840908305,0.13496499437102472,0.0,0.011688350938451574,0.45232913952963316,0.008050924933034708,0.0,,0.21414765332928254,,True,0.21414765332928254,292357.013215859,True,SEE,SEALED AIR CORP NEW,1.0,False
85931,-0.0018544696796837013,1.6072869774935696,0.05772622604458312,0.5849891871243116,-0.3840545704386638,14.066357497941013,0.3677662483919232,3.661892288498947,0.5001409144038788,0.07192093059568443,0.004828661920532652,0.06713847944595969,227,0.006553755819324372,0.10104846366622101,0.004405286343612335,-0.022253636156204418,0.6493480267361736,-0.02578483988352311,0.0,,0.22467314489739484,,True,0.22467314489739484,165936.11453744493,True,WDR,WADDELL & REED FINANCIAL INC,1.0,False
85939,-0.00021756375773382712,0.8368872264705245,0.6262418059918093,0.5493170429253706,-0.03197255051411082,5.197239066063388,2.8311200827097056,2.440047780699215,0.17675471075975568,0.10135327068134212,0.006804704480420077,0.06713847944595969,227,0.006119281862626341,0.11096125314086897,0.00881057268722467,-0.0026107650928059254,0.5127387306033557,-0.0021465884255265372,0.0,,0.1910379847359488,,True,0.1910379847359488,8296.004405286343,False,RLH,RED LION HOTELS CORP,1.0,False
85945,0.01292486408586872,0.8064262918687497,0.3925016105885148,0.4322220143951416,2.0722750497019615,5.46387953888293,1.9359242480657475,2.0946565426748265,0.1637432249291101,0.09289815433100848,0.006237040825120004,0.06713847944595969,227,0.018307887248573386,0.10091029434439253,0.013215859030837005,0.15509836903042462,0.019694769226687767,0.13912939583079023,0.0,,0.6284827747216573,,True,0.6284827747216573,11477.881057268722,True,HEI,HEICO CORP NEW,1.0,True
85966,0.003020889152130432,0.6262138833875214,0.4001670441730865,0.32088424959030404,0.44664190344009014,3.9125724449516914,1.8200842793132932,1.4340279064292023,0.09907118459906317,0.10074043524536039,0.006763559641097661,0.06713847944595969,227,0.0073600483616210605,0.10542820102634533,0.004405286343612335,0.036250669825565185,0.3277835348629834,0.0299868582538168,0.0,,0.24183240507549159,,True,0.24183240507549159,653.7533039647577,False,CBAN,COLONY BANKCORP INC,3.0,False
85972,0.0015987726159042773,0.39624157115457426,0.8281579474043733,0.35008879514175045,0.23537045151126032,2.465132688546041,3.7506273527452425,1.5578583874138223,0.10796405083454008,0.10117268118324477,0.006792579976113912,0.06713847944595969,227,0.005978810284753116,0.10640702300889879,0.004405286343612335,0.019185271390851327,0.407068610443645,0.015802414220975003,0.0,,0.19464134770769234,,True,0.19464134770769234,13489.616740088106,True,CRAI,C R A INTERNATIONAL INC,3.0,False
85982,0.0036933272082616585,0.5745045251790206,0.31695812474852014,0.5238389354915651,0.6424064091262125,4.222800435492495,1.695975099448326,2.754066237702637,0.12116800162136576,0.08563206541634992,0.005749206663870685,0.06713847944595969,227,0.008225122377696042,0.09073643259907707,0.00881057268722467,0.044319926499139906,0.26063461260768445,0.04313018949507299,0.0,,0.3140156483689261,,True,0.3140156483689261,815.2334801762114,False,GRIF,GRIFFIN INDUSTRIAL REALTY INC,3.0,False
85992,0.01970214197435118,1.9678708740998032,0.2705043534125431,-1.0265708983550956,1.882121956891082,7.944122619344889,0.7949395030436186,-2.964201971508262,0.27861881998165805,0.15591725562697714,0.010468047462182248,0.06713847944595969,227,0.025429589940004063,0.182351772854956,0.0,0.23642570369221416,0.030560894203966148,0.12636280631752136,0.0,,0.48308103729557306,,True,0.48308103729557306,81942.8193832599,True,MANH,MANHATTAN ASSOCIATES INC,3.0,False
86004,-0.0006601145437150075,0.5476495719490014,0.8344350508294941,1.2782831743556358,-0.14976185139465858,5.2504880660351425,5.823712684184195,8.765839161131954,0.3762761926865348,0.06565179426744201,0.00440776164001503,0.06713847944595969,227,0.007013019420314424,0.08257501309139054,0.0,-0.00792137452458009,0.559456065981383,-0.010054782981649156,0.0,,0.2942029433772692,,True,0.2942029433772692,167325.5330396476,True,UMPQ,UMPQUA HOLDINGS CORP,3.0,False
86021,0.007154429023391097,0.7024765032488306,0.13532133799933768,0.617697281660347,1.7095996963720745,7.093593196962269,0.9947437951905264,4.4614873804640585,0.2495592344501123,0.062331710715132285,0.004184856278679414,0.06713847944595969,227,0.012097973981065692,0.07147415826256723,0.0,0.08585314828069315,0.04436547894733927,0.11477992407569546,0.0,,0.5863463414811946,,True,0.5863463414811946,173782.5330396476,True,LLL,L 3 TECHNOLOGIES INC,1.0,False
86026,0.007183445171385749,1.222440441025222,1.099336544768959,1.4108140994977514,0.9296614981728073,6.685513910841695,4.376714644824977,5.5188219302331,0.3134225128766971,0.11508969393392683,0.0077269470506247375,0.06713847944595969,227,0.018570907833420105,0.13797165305594228,0.004405286343612335,0.08620134205662898,0.17677581055652758,0.062416059386775115,0.0,,0.4662661524700365,,True,0.4662661524700365,19409.251101321584,True,IOSP,INNOSPEC INC,3.0,False
86047,0.0013895266446749927,2.518645208483575,1.5407050901492136,0.09692806118044356,0.11451602471578491,8.771652197916728,3.9061094234267086,0.24145346199057693,0.3495789355898221,0.18072952793900424,0.012133905696810833,0.06713847944595969,227,0.015279599589730082,0.22260249476735924,0.00881057268722467,0.016674319736099914,0.4544658919430973,0.007688431771613737,0.0,,0.23777849243225738,,True,0.23777849243225738,394307.4449339207,True,AMKR,AMKOR TECHNOLOGY INC,3.0,False
86048,0.006281195334502452,1.646390229692638,0.46512709130512636,-0.26508578952226225,0.5493896222603946,6.085355528730686,1.2515127860961763,-0.7008242573689862,0.17631212949390762,0.1702904710468716,0.011433043290223181,0.06713847944595969,227,0.013276740884721427,0.18638339723484407,0.00881057268722467,0.07537434401402943,0.2916439134649502,0.03688518386195305,0.0,,0.24676006674875026,,True,0.24676006674875026,38465.493392070486,True,HCKT,HACKETT GROUP INC,3.0,False
86051,0.01079657640787211,1.9886887563202478,2.1755023361299237,-1.2102389481001772,0.7179917922371439,5.588757419572283,4.450599083061569,-2.4327028764346346,0.27597138233324536,0.22397269816349444,0.015037186392105903,0.06713847944595969,227,0.020104538792965514,0.2614661232805673,0.01762114537444934,0.1295589168944653,0.23675692888769256,0.04820487718548124,0.0,,0.26636018628531666,,True,0.26636018628531666,50937.47577092511,True,AXTI,A X T INC,3.0,False
86062,0.0140919365340883,1.5190283841538776,1.3048115554938557,-1.7973941117268895,0.8815412863129116,4.0156226164721325,2.5109916916013604,-3.398598170583728,0.18101910448706993,0.23809842385545252,0.015985566136134697,0.06713847944595969,227,0.01794945736034321,0.26134719722778954,0.004405286343612335,0.1691032384090596,0.18948704081743456,0.05918534153188428,0.0,,0.2379162466342286,,True,0.2379162466342286,20877.039647577094,True,EVOL,EVOLVING SYSTEMS INC,3.0,False
86083,-0.006944621055244075,1.0546965073963543,0.3354170844291483,0.4882553609519687,-0.4292444871173577,2.7548547489088575,0.6377740670347202,0.9121950688016175,0.042586558015847986,0.24097518673469576,0.016178707621573668,0.06713847944595969,227,-0.0005003820362867619,0.24463623098560172,0.0,-0.0833354526629289,0.665920140007449,-0.028818822175620224,0.0,,-0.007085517190578813,,True,-0.007085517190578813,51514.691629955945,True,IDXG,INTERPACE BIOSCIENCES INC,3.0,False
86091,0.007670358889571355,0.3340131622303919,0.5782703416444839,0.919940862152122,2.014716990654384,3.7074642292356037,4.672558917162728,7.303697885361338,0.27519502626028014,0.05670614637744765,0.00380716444302185,0.06713847944595969,227,0.012898237232298493,0.06616339230748283,0.0,0.09204430667485626,0.022567485417245098,0.1352650352664751,0.0,,0.675310059997965,,True,0.675310059997965,11272.66960352423,True,SBSI,SOUTHSIDE BANCSHARES INC,3.0,True
86102,0.003133485962494831,0.7239783190658994,0.2115951251896215,0.4345750630833073,0.7336456129652658,7.163069355303162,1.5240167232693782,3.075444539290058,0.2363537114383718,0.06361652280520096,0.00427111660878041,0.06713847944595969,227,0.00780226593964733,0.07231393869567151,0.004405286343612335,0.03760183154993797,0.23196767284547334,0.049255850906686986,0.0,,0.3737570173989763,,True,0.3737570173989763,173666.9295154185,True,FHI,FEDERATED HERMES INC,1.0,False
86113,-0.0013286809443957852,1.1402252266291157,0.26607281137897376,0.36096823249529575,-0.15271015352868902,5.537999046267007,0.9407477946492291,1.2540091820698172,0.14312865368245875,0.12959292479914072,0.008700671917968908,0.06713847944595969,227,0.004956671293636716,0.13906623386162179,0.013215859030837005,-0.015944171332749422,0.5606175315599444,-0.010252727503875235,0.0,,0.12346931787251357,,True,0.12346931787251357,5823.092511013216,False,AWX,AVALON HOLDINGS CORP,2.0,False
86115,-0.005541318174647297,1.9166045659094841,0.028831453460439,-0.362570672503638,-0.7380978167708013,10.788184765076075,0.1181388864963089,-1.4597484799824878,0.3691725266559478,0.1118221055719515,0.0075075661365464,0.06713847944595969,227,0.001365906803354062,0.13985261070383279,0.004405286343612335,-0.06649581809576757,0.7693844842588808,-0.04955476510037416,0.0,,0.03383304709017333,,True,0.03383304709017333,221582.6167400881,True,CLS,CELESTICA INC,1.0,False
86121,0.010967255288206912,0.9946315186320086,0.49004876217044135,0.516770873323544,1.7399544257718071,6.668331195472726,2.3916890762200174,2.478120807051601,0.225745721421317,0.09388335014677122,0.006303185374146836,0.06713847944595969,227,0.01757239620248034,0.10598514140689586,0.004405286343612335,0.13160706345848294,0.041623313663902206,0.11681789445158706,0.0,,0.5743500009416607,,True,0.5743500009416607,82108.859030837,True,GIL,GILDAN ACTIVEWEAR INC,1.0,False
86122,0.007533569776193927,1.6504215016996027,1.130245195125678,0.056452796330871614,0.5171057101421977,4.787275438271939,2.386583814742937,0.1171247033302358,0.1447556964097374,0.21699512667130466,0.014568722851894806,0.06713847944595969,227,0.016869900605830938,0.23307897379873221,0.01762114537444934,0.09040283731432713,0.30279743490698424,0.03471769109177032,0.0,,0.25072639107436384,,True,0.25072639107436384,22076.894273127753,True,ENG,ENGLOBAL CORP,3.0,False
86124,0.002872708281173018,0.5758431066206846,0.5584425099314149,0.567854095042779,0.7437348377246986,6.3000760953429955,4.4476496754736266,4.443732287525489,0.28419489757372307,0.057530996986046065,0.003862543658653222,0.06713847944595969,227,0.008045676080421185,0.06754647928133779,0.004405286343612335,0.03447249937407622,0.22890990204920306,0.04993322611582384,0.0,,0.41262016616701186,,True,0.41262016616701186,5287.277533039648,False,BMTC,BRYN MAWR BANK CORP,3.0,False
86128,0.001555970195362152,1.6988141422598309,1.1759719329754217,1.5683036523357707,0.153465160739728,7.080589499095949,3.568050434011061,4.67544771790432,0.2951150657191547,0.15101496074698414,0.010138914838143803,0.06713847944595969,227,0.015515637650950436,0.17867305858658067,0.00881057268722467,0.018671642344345825,0.43908512202860467,0.010303417539995127,0.0,,0.30081617156906,,True,0.30081617156906,39579.86343612335,True,HZO,MARINEMAX INC,1.0,False
86136,0.00906501703662262,0.4281628696780486,-0.24176364621615526,0.11920510723949679,2.6520258055631123,5.293380920800708,-2.1758333100539415,1.054116254240772,0.12022017052625555,0.05091190854958584,0.003418148125710948,0.06713847944595969,227,0.010657303395598075,0.05391760458687425,0.0,0.10878020443947144,0.0042878130504595685,0.1780529800369537,0.0,,0.6847110918331062,,True,0.6847110918331062,268013.8546255507,True,SRE,SEMPRA ENERGY,1.0,True
86144,0.000282659076376687,1.36362786294346,0.38692310169374994,-0.33217995149918006,0.04745187834070549,9.67389487056809,1.9982077380950367,-1.6855763006206994,0.35692690833845886,0.0887233693411613,0.005956752108887848,0.06713847944595969,227,0.0057579014726494284,0.10990211981700974,0.004405286343612335,0.0033919089165202437,0.48109777577022106,0.0031858469586496345,0.0,,0.1814883627760733,,True,0.1814883627760733,256759.54185022027,True,DOX,AMDOCS LTD,3.0,False
86158,0.01721257926372195,1.145090247620362,0.38477374512323964,-0.2700206738976524,2.546004125942539,7.157607674531692,1.7508304193554298,-1.2072429920918308,0.23870952394228218,0.10069672567554472,0.006760625047043,0.06713847944595969,227,0.02196223098450497,0.11464057681959802,0.004405286343612335,0.20655095116466338,0.005785529280519927,0.1709348456789217,0.0,,0.6636341331845618,,True,0.6636341331845618,569310.5594713656,True,CTSH,COGNIZANT TECHNOLOGY SOLS CORP,3.0,True
86165,-0.007333271112095066,1.4777824131026587,0.8975785868150041,0.08489735931753725,-0.368043910679601,3.134205102930944,1.3857978456540982,0.12878954347869223,0.06386224863748424,0.2967745146643331,0.01992498965287599,0.06713847944595969,227,0.0008832461671246037,0.3046877093238079,0.00881057268722467,-0.08799925334514079,0.6434052002000303,-0.02470990853237302,0.0,,0.010041935990430491,,True,0.010041935990430491,240735.18502202645,True,PEIX,PACIFIC ETHANOL INC,3.0,False
86196,0.017839415561251265,0.8246949684967255,1.0127467463783637,-0.293944375007597,2.401229060082203,4.690955762085702,4.1935258847698025,-1.19592143076618,0.21324380293440137,0.11065614353155818,0.007429285218062684,0.06713847944595969,227,0.02252797094844149,0.12392349586731409,0.004405286343612335,0.21407298673501518,0.008580185010255583,0.1612148678953701,0.0,,0.6297367581675534,,True,0.6297367581675534,40530.39207048458,True,ULTI,ULTIMATE SOFTWARE GROUP,3.0,True
86211,0.009360044130957668,2.1721872561943067,0.5516218937886743,-2.4961087571887095,0.8107796268584068,7.95128309999684,1.4699140090814717,-6.5354118487176915,0.37707017859653136,0.1719505494801075,0.01154449843199167,0.06713847944595969,227,0.012314665446936416,0.21641243858726603,0.004405286343612335,0.11232052957149202,0.20917833932741825,0.054434511313036005,0.0,,0.19712015050101495,,True,0.19712015050101495,74460.20264317181,True,MSTR,MICROSTRATEGY INC,3.0,False
86218,0.003073353359612682,0.8224690934682521,-0.01864643432206011,-0.10027360826439162,0.7630738998705633,8.629561223275394,-0.1424214496395294,-0.7525325198978504,0.26613669046730937,0.05998938310157761,0.00402759596434107,0.06713847944595969,227,0.0061303152192900105,0.0695608724352018,0.004405286343612335,0.036880240315352183,0.22311289833589742,0.051231621342208114,0.0,,0.3052870688507844,,True,0.3052870688507844,51787.90308370044,True,SJR,SHAW COMMUNICATIONS INC,1.0,False
86228,0.008556095941138092,0.5234345837226781,-0.10287161635990945,0.5950310152075187,2.185464434888235,5.649962108130188,-0.8083308695370699,4.594013079245104,0.19365357456744348,0.05831233084109403,0.003915001225620792,0.06713847944595969,227,0.012195516983270472,0.0645056536912406,0.0,0.10267315129365712,0.014948032075145458,0.14672875904161967,0.0,,0.6549272453140634,,True,0.6549272453140634,298353.4845814978,True,RSG,REPUBLIC SERVICES INC,1.0,True
86233,-0.012532864694998543,1.7030633373415922,0.45834399894794503,1.5359205417336408,-0.7112185339810239,4.084120417385668,0.8001469741576926,2.6345472360177054,0.1025125627751805,0.26246765091833163,0.01762167898640973,0.06713847944595969,227,-0.00016302186537714498,0.2752072097826503,0.004405286343612335,-0.1503943763399825,0.7611539578901104,-0.04775013092527055,0.0,,-0.0020519967758175317,,True,-0.0020519967758175317,218241.06167400882,True,LEU,CENTRUS ENERGY CORP,2.0,False
86242,-0.0026899255271666932,1.3030052505374885,0.966229031979041,0.7454097776566476,-0.3842651653225048,7.86596391542982,4.246159908896455,3.2186249343263387,0.32483197987430945,0.10426480587455125,0.007000180526145536,0.06713847944595969,227,0.006843263484702712,0.12604627603659496,0.0,-0.03227910632600032,0.6494259543928516,-0.025798978903803293,0.0,,0.18807187991249658,,True,0.18807187991249658,7212.700440528634,False,BELFB,BEL FUSE INC,3.0,False
86287,0.006852177005673367,0.5018329093633009,1.1651565137913957,0.549674799849357,1.2005640120828325,3.715616733467666,6.280099408582613,2.9110328141658304,0.24250604246718666,0.08501033961205459,0.00570746493873798,0.06713847944595969,227,0.012949167056171256,0.09702426840210168,0.004405286343612335,0.08222612406808041,0.11559705381646886,0.08060404224878215,0.0,,0.4623300051907403,,True,0.4623300051907403,6114.277533039648,False,RBCAA,REPUBLIC BANCORP INC KY,3.0,False
86288,0.009305433294403084,1.198815114249223,0.7623581152567753,-0.1021991344060469,1.4709475910256988,8.008069488287772,3.7071924327315924,-0.4883063173400553,0.3182481495320041,0.09422538047750698,0.006326148770476833,0.06713847944595969,227,0.015553408312766063,0.1133582020462956,0.0,0.111665199532837,0.07135746867432315,0.09875718460616278,0.0,,0.4752950019015459,,True,0.4752950019015459,31725.86784140969,True,CSGP,COSTAR GROUP INC,3.0,False
86299,0.004714876736358642,0.8622091085508855,0.7708883689044524,1.6703610032610763,0.451214889884792,3.4869097763037895,2.2694994183858,4.83178885904559,0.15322958626732308,0.1556379204560152,0.010449293323548086,0.06713847944595969,227,0.014670225031627307,0.16800832176586972,0.00881057268722467,0.05657852083630371,0.3261365740440735,0.030293881610241075,0.0,,0.3024799586851072,,True,0.3024799586851072,13509.44052863436,True,UCFC,UNITED COMMUNITY FINL CORP OHIO,3.0,False
86302,-0.004298210071417911,0.9114671331688724,0.8450247322041592,1.3412762142557069,-0.7148341304469862,6.405804493286255,4.3232720571681496,6.7424912577152885,0.3279747404623209,0.08955933418087486,0.006012877517096502,0.06713847944595969,227,0.005074215665037877,0.10852162031922725,0.00881057268722467,-0.051578520857014934,0.7622703971614158,-0.04799287657428544,0.0,,0.16197324209783018,,True,0.16197324209783018,10642.726872246696,True,HTBK,HERITAGE COMMERCE CORP,3.0,False
86312,0.005133064176094075,0.18114322038769157,-0.016659741355534975,0.15470392178704126,1.4490210212651853,2.1609021441235057,-0.14467441990258276,1.3200301218151045,0.028139428484393214,0.05276312468938077,0.003542435962462599,0.06713847944595969,227,0.006285912041696759,0.05316511252667837,0.0,0.0615967701131289,0.07436822100773038,0.09728506805297615,0.0,,0.4095738167643084,,True,0.4095738167643084,273.647577092511,False,SAL,SALISBURY BANCORP INC,3.0,False
86356,0.005835372900909615,1.590291922434541,-0.11207320574483101,-0.58846579519758,1.0047506677702576,11.571284363182976,-0.5936315672030228,-3.0626364006276656,0.40867019962296425,0.0865045217853845,0.005807782057870609,0.06713847944595969,227,0.010456233035612867,0.11174346614912611,0.004405286343612335,0.07002447481091538,0.1580529549241486,0.06745743205640771,0.0,,0.32414829247004295,,True,0.32414829247004295,2501310.488986784,True,EBAY,EBAY INC,3.0,False
86372,0.006759049484520426,1.0553288063480795,-0.09807218612707516,-0.6531032936135694,1.1736529300298788,7.743849041965895,-0.5238722821309897,-3.4278393623430143,0.25783084084925667,0.0857777079959337,0.005758984885206527,0.06713847944595969,227,0.009023776950618475,0.0989056719675959,0.004405286343612335,0.08110859381424511,0.12089301879597131,0.07879727311950138,0.0,,0.31605144262627993,,True,0.31605144262627993,31486.8281938326,True,GIB,C G I INC,1.0,False
86382,-0.0034648813694273767,0.5226733655071631,0.34217938433331474,1.042846923285359,-0.7604051440131027,4.847324232843945,2.3101278722447782,6.917700681095708,0.2539825878166698,0.06786905819052746,0.00455662536834137,0.06713847944595969,227,0.0023926184653545873,0.07805406980831449,0.013215859030837005,-0.04157857643312852,0.7760921654490981,-0.05105244513192571,0.0,,0.10618630790934563,,True,0.10618630790934563,18934.79295154185,True,BUSE,FIRST BUSEY CORP,3.0,False
86384,0.004990817609671501,0.5607465874782154,0.2616326357175112,0.3440092654191944,1.1162136013779562,5.299773080095564,1.8000850744768846,2.325574611713676,0.15680158810353062,0.06659672728314592,0.004471203005867675,0.06713847944595969,227,0.008834476551648637,0.0720420743887466,0.00881057268722467,0.05988981131605801,0.132766006829814,0.07494088393341455,0.0,,0.4248007119606639,,True,0.4248007119606639,2753.942731277533,False,CCNE,C N B FINANCIAL CORP PA,3.0,False
86408,0.007539032655016476,1.0090234535951452,0.15769411173974648,0.0911428724029735,1.131800522922748,6.40133493111662,0.7282747388250546,0.41358188048485717,0.1745760977070131,0.09921429097322584,0.006661096635251387,0.06713847944595969,227,0.012283534806510357,0.10847606548768489,0.01762114537444934,0.09046839186019771,0.12946694748286916,0.07598736614517533,0.0,,0.3922654511069462,,True,0.3922654511069462,190953.3215859031,True,LGF,LIONS GATE ENTERTAINMENT CORP,1.0,False
86432,0.005812106772841886,0.6823231336504131,0.3292547716747164,0.7451050430388753,1.5615599500287105,7.746940100520292,2.7213390816275793,6.050999360562368,0.3292954920342742,0.05543747240196104,0.003721987601395019,0.06713847944595969,227,0.011446770033981854,0.06724128746384803,0.004405286343612335,0.06974528127410264,0.059904844038710166,0.10484076060863642,0.0,,0.5897087348921766,,True,0.5897087348921766,59758.86343612335,True,PB,PROSPERITY BANCSHARES INC,1.0,False
86435,0.01655041187283906,0.8520141128144124,0.6896960640812966,-0.0010060446488121422,1.4138894158255702,3.075873354919378,1.8125495511933092,-0.0025978161898050313,0.07179424656954025,0.17434996380175888,0.011705591461108203,0.06713847944595969,227,0.021508078987529138,0.1797620224150368,0.01762114537444934,0.1986049424740687,0.07939444358890638,0.09492638548326499,0.0,,0.41447114445113054,,True,0.41447114445113054,10977.176211453745,True,FNHC,FEDNAT HOLDING CO,3.0,False
86444,0.009307164260545252,2.765868999876793,1.6869553910728186,-0.5073048958939325,0.5105413624712486,6.411507950281116,2.8467062568675314,-0.8411377689564418,0.23130345604326863,0.2715282025018206,0.018229990642666862,0.06713847944595969,227,0.02279325271251028,0.30763496329767964,0.013215859030837005,0.11168597112654302,0.3050886249910708,0.03427697077058818,0.0,,0.25666180036645203,,True,0.25666180036645203,192963.8986784141,True,INO,INOVIO PHARMACEUTICALS INC,3.0,False
86474,0.017857374003080004,1.0144046325033105,1.449132694103379,-1.148334244420641,1.6603827144233727,3.9858124272783386,4.144997441478438,-3.227330567031244,0.2300109996897688,0.1601909179184225,0.010754974650095424,0.06713847944595969,227,0.021801615974674667,0.1813400960254385,0.013215859030837005,0.21428848803696005,0.04912145074176994,0.11147557074474036,0.0,,0.41647167265142054,,True,0.41647167265142054,6542.969162995595,False,RFIL,R F INDUSTRIES LTD,3.0,False
86489,0.021694259958809917,1.888111917225235,1.573616702207962,1.340124137735665,1.3198699689382214,4.854327412086271,2.945172706696042,2.4644264619806924,0.16698721340277267,0.2448173492784078,0.016436664572542715,0.06713847944595969,227,0.036618715179221335,0.2664492912843309,0.00881057268722467,0.260331119505719,0.09411586678652666,0.08861406278089823,0.0,,0.47607914355923736,,True,0.47607914355923736,146633.82378854626,True,SNBR,SLEEP NUMBER CORP,3.0,False
86526,-0.0018447376791981007,0.4535391411318231,0.03390764867197364,0.08804277098264257,-0.12580805787265276,1.3070844172091183,0.07113724100839539,0.1814897359142974,0.008438030918080264,0.21840101843263146,0.01466311228701589,0.06713847944595969,227,0.00034455834305811465,0.2178677461005203,0.02643171806167401,-0.02213685215037721,0.5500013936984169,-0.008446561707619203,0.0,,0.005478484695692884,,True,0.005478484695692884,1776.0044052863436,False,CFBK,C F BANKSHARES INC,3.0,False
86544,0.0015671883282093947,1.5973538127793958,0.7630331970369805,-1.3055762676967841,0.141541776856802,6.096486291244111,2.1199830613328396,-3.5641028498929255,0.24739505531183803,0.16491685502341902,0.011072266881282133,0.06713847944595969,227,0.00601130610937436,0.18883379552093987,0.004405286343612335,0.01880625993851274,0.4437848714528523,0.009502899676245015,0.0,,0.11027567997097222,,True,0.11027567997097222,232959.68722466961,True,BCOR,BLUCORA INC,3.0,False
86547,0.002761579864732879,1.679525758773007,0.3686033510151163,1.4269297668563348,0.22159469534820395,5.695127422471314,0.909885060921552,3.460898609420462,0.1753485092614402,0.18562084552109637,0.012462301321759786,0.06713847944595969,227,0.014533200928683642,0.20304380075892603,0.0,0.03313895837679455,0.41241609886296726,0.014877530898969088,0.0,,0.24794888896878234,,True,0.24794888896878234,301445.33920704847,True,AXL,AMERICAN AXLE & MFG HLGDS INC,1.0,False
86560,-0.005074071341954113,1.935300998742829,0.23311750854070729,0.8707124319730988,-0.5365011512569747,8.647242412856153,0.7582536073682701,2.7827446773211033,0.28531289582527886,0.14086866855268632,0.009457708208204237,0.06713847944595969,227,0.005871565703261863,0.1655215897586605,0.00881057268722467,-0.06088885610344935,0.7039264803750513,-0.036019871516400105,0.0,,0.12288246062470315,,True,0.12288246062470315,81284.37885462555,True,ETM,ENTERCOM COMMUNICATIONS CORP,1.0,False
86572,0.00324640149320303,1.4732787736388746,0.9258924055588699,-1.0070526491885474,0.4268567834684759,8.186154065872449,3.7451221152390537,-4.002364710187944,0.3786103874860579,0.11327877420679489,0.007605364653746407,0.06713847944595969,227,0.00837838369093219,0.14274626652866593,0.013215859030837005,0.03895681791843636,0.3349477290563522,0.028658515383266733,0.0,,0.20332281314113096,,True,0.20332281314113096,12218.215859030837,True,DSGX,DESCARTES SYSTEMS GROUP INC,3.0,False
86573,0.008112008844197247,0.023311767759154133,0.27063921727319823,0.18152171597598443,2.2252301487447546,0.2702319853150633,2.2838246272707177,1.5050801728832044,0.029957426785527375,0.05429776817807111,0.0036454695927849107,0.06713847944595969,227,0.009298725094286597,0.05476269257946686,0.022026431718061675,0.09734410613036697,0.013533546485740401,0.1493985686040295,0.0,,0.588205712695688,,True,0.588205712695688,303.1894273127753,False,FCAP,FIRST CAPITAL INC,3.0,False
86580,0.02339235849244611,1.9810414420789428,0.8191515269068307,-0.7043648690312192,2.300325559471553,8.232350998794963,2.4780213412782905,-2.0936183073082457,0.3134768303010428,0.15146531935030721,0.01016915122997632,0.06713847944595969,227,0.03125427789005797,0.18158660847940744,0.00881057268722467,0.2807083019093533,0.011177099888406206,0.15444036029359656,0.0,,0.5962333644839893,,True,0.5962333644839893,2400345.207048458,True,NVDA,NVIDIA CORP,3.0,True
86582,0.0033573929120880664,0.6319178501739106,0.71709442141734,0.7818992116589738,0.884308009517969,7.033589803607703,5.810362610150795,6.224961803509967,0.3716175360136108,0.0565492838771147,0.0037966329332674046,0.06713847944595969,227,0.00970859526243805,0.07086198162803094,0.0,0.0402887149450568,0.1887411970379052,0.059371095120919676,0.0,,0.4746065486267283,,True,0.4746065486267283,77021.36123348017,True,STL,STERLING BANCORP DEL,1.0,False
86593,0.0017955873320684558,1.190500855874051,0.5171132016123858,0.31979788064018794,0.31709311324097167,8.884336784186827,2.8092565719447076,1.707026977809963,0.32486891339210977,0.08434284023203,0.005662650045332008,0.06713847944595969,227,0.008699742825230028,0.10196529518611783,0.0,0.02154704798482147,0.3757348098296884,0.021289149465784345,0.0,,0.29555931865987906,,True,0.29555931865987906,7258.09691629956,False,GBL,GAMCO INVESTORS INC,1.0,False
86594,-0.001515488037466985,1.2959183893138098,1.1911904790660546,0.5727020593194027,-0.20977229912484702,7.580333312758452,5.072269754351232,2.396121834212741,0.332663565737885,0.10760510444066612,0.0072244430927700075,0.06713847944595969,227,0.00796896019428426,0.13084546262980973,0.004405286343612335,-0.01818585644960382,0.5829815421900989,-0.014083793193125249,0.0,,0.21097627174195516,,True,0.21097627174195516,70031.70484581498,True,KFY,KORN FERRY,1.0,False
86717,0.005354716131039461,1.336045454907603,0.9926686178295894,-0.12150974284010316,0.5846038793745567,6.16398393949975,3.3339189367107283,-0.40097829831977894,0.23106732630257187,0.13642792019824818,0.009159563116085115,0.06713847944595969,227,0.012598018993142444,0.15454583762236707,0.00881057268722467,0.06425659357247354,0.27970253847310467,0.03924941553941698,0.0,,0.28238106320480294,,True,0.28238106320480294,37836.955947136565,True,EPAY,BOTTOMLINE TECHNOLOGIES DEL INC,3.0,False
86719,0.006209176106483961,0.8232529940611024,0.7840804450312795,1.4362685680254985,0.8741766977225153,4.897941469908248,3.3958724829969262,6.112029343879142,0.2476995497640604,0.1057945390950203,0.0071028844885258,0.06713847944595969,227,0.015362012681689744,0.12116182379115618,0.004405286343612335,0.07451011327780753,0.1914812433271664,0.05869089425218001,0.0,,0.43921072890198937,,True,0.43921072890198937,166799.02643171806,True,EWBC,EAST WEST BANCORP INC,3.0,False
86728,0.014925283708497916,1.1914629843935447,1.053816307234455,-0.6107365590445317,0.9068929966471981,3.059349063020753,1.9698078816859594,-1.121687543855783,0.08635628909303172,0.24512919892506765,0.016457601683635217,0.06713847944595969,227,0.020302441909183302,0.2547445041743235,0.004405286343612335,0.17910340450197498,0.18272114470591316,0.060887416815082696,0.0,,0.2760794468826506,,True,0.2760794468826506,18045.90308370044,True,MTEX,MANNATECH INC,3.0,False
86745,0.008835275464790444,1.8953809325432138,1.2621902351793444,-1.3399417715544018,0.8289010223425723,7.514396591375603,3.642779635005868,-3.79973258555103,0.34766101083428214,0.1587617648485152,0.010659023486086324,0.06713847944595969,227,0.015460508475042547,0.19525738190754852,0.004405286343612335,0.10602330557748532,0.20402337131146447,0.055651154251281774,0.0,,0.27428807994877324,,True,0.27428807994877324,2484901.6519823787,True,BB,BLACKBERRY LTD,1.0,False
86763,-0.004373095542641344,0.9931357696451976,1.0149110087148445,0.30040945425106935,-0.3661447053704965,3.5138841642431875,2.614070277004415,0.7602596042071436,0.10343986469156352,0.17789539509678806,0.011943626327236584,0.06713847944595969,227,0.0027143058201001226,0.18662645473746095,0.0,-0.052477146511696125,0.642697889338043,-0.024582398775764045,0.0,,0.050382091802654176,,True,0.050382091802654176,40541.57709251101,True,AUTO,AUTOWEB INC,3.0,False
86778,0.0032077612018119595,1.6188647299804955,1.0765484127115401,-0.2871155254869136,0.4603031161214378,9.816744100082886,4.752268311680531,-1.2453260939659236,0.4233137439087373,0.10379743324288783,0.006968801838320998,0.06713847944595969,227,0.011317464113373593,0.1357735037685593,0.004405286343612335,0.03849313442174351,0.3228735900462932,0.03090405130063035,0.0,,0.2887518155326533,,True,0.2887518155326533,78138.90308370044,True,MKSI,M K S INSTRUMENTS INC,3.0,False
86783,0.021886584484356403,2.0706006633326908,-0.10371023258084491,-1.6863238638630345,1.8899786000822654,7.555970727530248,-0.27550279247014614,-4.401537497761857,0.2751088649328265,0.17248431372268147,0.011580334551620712,0.06713847944595969,227,0.025358241225556338,0.20123866273075705,0.0,0.26263901381227683,0.030028921328077,0.12689028939492683,0.0,,0.4365141528694755,,True,0.4365141528694755,286043.61233480176,True,BKNG,BOOKING HOLDINGS INC,3.0,False
86799,0.005234037308122464,1.0327696606395325,0.7089929409715273,0.743049723444395,0.6278018507393577,5.234850376916461,2.616093080006782,2.693941625729783,0.17556095670792426,0.12417744539294852,0.008337084865166256,0.06713847944595969,227,0.013105898706443265,0.13585063032643252,0.0,0.06280844769746957,0.26538805369132024,0.04214966165199982,0.0,,0.3341917867273111,,True,0.3341917867273111,590829.7488986785,True,CNX,C N X RESOURCES CORP,1.0,False
86810,0.008933351664733299,1.356541810663242,0.4421970209019944,1.3320723191676058,1.0247914577069555,6.576113105024469,1.5604950007300824,4.618845082159217,0.23959944637761177,0.12983967888891898,0.008717238612353692,0.06713847944595969,227,0.019260117869608157,0.14790553697704178,0.0,0.10720021997679959,0.15328597880617764,0.0688029402196535,0.0,,0.4510920063135257,,True,0.4510920063135257,44481.12334801762,True,TREX,TREX COMPANY INC,1.0,False
86812,0.003981346801222942,0.4065939341568917,0.8974328187328309,-1.3338205511411294,0.27491097704944756,1.186418722714539,1.906292428064563,-2.7838382846677083,0.07697495955493572,0.21570808667358524,0.014482312943461792,0.06713847944595969,227,0.003729896955580211,0.22302723340112282,0.00881057268722467,0.04777616161467531,0.39181958151195057,0.01845710498210303,0.0,,0.05793347238847896,,True,0.05793347238847896,14079.356828193833,True,SLNG,STABILIS ENERGY INC,3.0,False
86814,0.003073145288759898,0.2962498498453114,0.4282433620323947,0.38897548868208115,0.7115651961611551,2.898709995381234,3.0503364762166245,2.7223149391644443,0.10888816204105534,0.06432753264414337,0.004318852728238121,0.06713847944595969,227,0.006309117875019321,0.06769069907130579,0.00881057268722467,0.03687774346511878,0.238738873302298,0.04777340529692599,0.0,,0.3228719118106059,,True,0.3228719118106059,2086.273127753304,False,AMNB,AMERICAN NATIONAL BANKSHARES INC,3.0,False
86818,0.01387838852095374,0.9940177347670186,0.1406229029920969,0.9436282816943022,1.6699810228574508,5.054540163391373,0.5205399392565394,3.4320844833177286,0.14786479429399924,0.12378157494040441,0.00831050672492486,0.06713847944595969,227,0.020965418701543666,0.13319869254511443,0.01762114537444934,0.16654066225144487,0.0481630711664171,0.11211998657825768,0.0,,0.5452481507013152,,True,0.5452481507013152,1585.4361233480176,False,DHIL,DIAMOND HILL INVESTMENT GRP INC,3.0,False
86819,-0.0008455488157924094,1.7203450507650395,0.5184769258328714,1.0574270428371169,-0.0663859269268561,5.707789187592315,1.2522535584991856,2.509413772242264,0.16552806608753845,0.18971040927439126,0.012736868413753318,0.06713847944595969,227,0.010352585968377117,0.20629253167914782,0.00881057268722467,-0.010146585789508913,0.5264349737727227,-0.004457050190479711,0.0,,0.1738425016262119,,True,0.1738425016262119,45433.30396475771,True,ATLC,ATLANTICUS HOLDINGS CORP,3.0,False
86820,0.00668717040446143,0.3360928553852866,0.3277916209537487,0.6067225720422925,1.9060069954406742,4.04814821186614,2.874123668512146,5.227051497188364,0.18945299986626818,0.052257231618374776,0.0035084710709130094,0.06713847944595969,227,0.010498345740456156,0.05765746039496586,0.013215859030837005,0.08024604485353716,0.028967591835122125,0.12796641148724908,0.0,,0.6307481492709659,,True,0.6307481492709659,80416.19823788546,True,CFFN,CAPITOL FEDERAL FINANCIAL INC,3.0,False
86822,0.0030168417876385075,1.9895783431876282,1.5247082318846101,-1.0542915219323183,0.25752808624300244,7.177085740501205,4.003910062913423,-2.720303159481331,0.3246293514612063,0.174484331319857,0.011714612691960238,0.06713847944595969,227,0.011401323460823114,0.21090338693167898,0.00881057268722467,0.03620210145166209,0.3985043088524135,0.017290044124983153,0.0,,0.1872674668242271,,True,0.1872674668242271,410923.140969163,True,EXTR,EXTREME NETWORKS INC,3.0,False
86827,-0.0006501814006263527,1.160885961047109,0.8054814010927202,0.4724542472163542,-0.08307129449320678,6.267885000377295,3.165901920757945,1.824570799849866,0.22411590061328013,0.11657678191566792,0.007826787876521194,0.06713847944595969,227,0.0071777578924595445,0.13146551546952712,0.004405286343612335,-0.007802176807516233,0.5330653150775166,-0.005577280397881427,0.0,,0.18913311692069015,,True,0.18913311692069015,32237.775330396475,True,HSII,HEIDRICK & STRUGGLES INTL INC,3.0,False
86839,-0.009823127102238807,0.9877216794059303,0.934550763319372,-0.3651675994124432,-1.2441719575941008,5.286646302835407,3.6413216624629716,-1.3980007612706205,0.21885665311956615,0.11759743625993765,0.007895313057235379,0.06713847944595969,227,-0.004832854552294472,0.13216933249854146,0.01762114537444934,-0.11787752522686568,0.8926287879516428,-0.08353181340217097,0.0,,-0.12666704857962324,,True,-0.12666704857962324,6678.515418502203,False,OBAS,OPTIBASE LTD,3.0,False
86866,-0.006935173258602734,1.7653109595597436,1.4772148499677438,1.6073951284753814,-0.5773911196748049,6.210821194107657,3.783397327495538,4.045013346055815,0.25818304732185027,0.17890221355720834,0.012011222587747322,0.06713847944595969,227,0.008045735830118578,0.20633150647551005,0.013215859030837005,-0.08322207910323282,0.7178711241159105,-0.03876516182056654,0.0,,0.13507993500446608,,True,0.13507993500446608,76376.15859030838,True,TUES,TUESDAY MORNING CORP,3.0,False
86868,-0.0002596700021749419,1.4417341434727202,0.12235550291743574,0.15194631160819477,-0.05828235035855298,13.674626826154551,0.8448201918841057,1.0308369193162747,0.48239991910126956,0.06636104604739594,0.004455379726065477,0.06713847944595969,227,0.006364323733091908,0.0916250590117115,0.0,-0.003116040026099303,0.5232120411250244,-0.00391298838160993,0.0,,0.2406182802048206,,True,0.2406182802048206,1219948.9779735683,True,GS,GOLDMAN SACHS GROUP INC,1.0,False
86876,0.0031119313561533395,1.383743028632915,1.0462503169836606,0.9836264346856818,0.479978884821878,9.01908736374221,4.964245255977325,4.585712695682703,0.39706337076415754,0.09656869781108539,0.006483475533112648,0.06713847944595969,227,0.0138280468815412,0.12353748418757504,0.00881057268722467,0.037343176273840074,0.3158564284567821,0.0322250524931083,0.0,,0.38775080981748894,,True,0.38775080981748894,105494.11453744494,True,WCC,WESCO INTERNATIONAL INC,1.0,False
86887,0.005597180970635785,0.39607386358719954,0.7633725287582483,0.08709767264082703,0.753037542930864,2.2518449739485287,3.1594341633303578,0.35419168075071616,0.0841948391655668,0.11070856441466671,0.007432804676445805,0.06713847944595969,227,0.009086967843005006,0.11491530864924619,0.03524229074889868,0.06716617164762942,0.22611079629604364,0.050557795598099795,0.0,,0.2739250353296159,,True,0.2739250353296159,3234.1541850220265,False,LOAN,MANHATTAN BRIDGE CAPITAL INC,3.0,False
86889,0.005803916422574471,1.8261031291095926,1.1638927058101165,0.8622294901194457,0.5190597910627902,6.901389876823015,3.202098500943013,2.330792632225647,0.25345900085824724,0.16654525399227854,0.011181595111982728,0.06713847944595969,227,0.01824053677497879,0.19147128032441707,0.0,0.06964699707089365,0.3021168926599343,0.034848885113493266,0.0,,0.3300080972776877,,True,0.3300080972776877,78743.01762114538,True,NLS,NAUTILUS INC,1.0,False
86896,0.0054605947987773785,0.4960194189250026,0.4947497483607536,0.8322617925990666,1.4763571093455408,5.667156057074482,4.114930966835402,6.801362968800763,0.30251352754462035,0.05509054011207661,0.0036986950949814733,0.06713847944595969,227,0.010927648766454376,0.06552504799048399,0.004405286343612335,0.06552713758532855,0.07062936830181953,0.09912037144069205,0.0,,0.577710156687412,,True,0.577710156687412,30914.022026431718,True,CBU,COMMUNITY BANK SYSTEM INC,1.0,False
86916,0.0031444164662700665,1.1590867965396172,0.961872107550875,0.8771448092867247,0.2076134263317633,3.234047220801228,1.953701492778364,1.750536610496136,0.08240290296779873,0.22558650973393163,0.015145535247057354,0.06713847944595969,227,0.012453477587022638,0.23392967712019505,0.004405286343612335,0.0377329975952408,0.4178601461857278,0.013938849756480357,0.0,,0.1844148735396287,,True,0.1844148735396287,16092.334801762114,True,UONE,URBAN ONE INC,3.0,False
86924,-0.0021371604575095063,1.1683705087460527,0.3904246573463332,-0.11093516691856573,-0.2098369103685422,4.847751655806789,1.179254369012674,-0.3292293317215969,0.12141099157249069,0.15169935907629115,0.01018486430130883,0.06713847944595969,227,0.003175575943098463,0.16076410053170473,0.0,-0.025645925490114074,0.5830067265544916,-0.014088131093782055,0.0,,0.0684264566348912,,True,0.0684264566348912,31451.86784140969,True,TST,THESTREET INC,3.0,False
86929,0.004175232228769416,1.9997942608073214,1.1413873990011671,-0.8642756882612382,0.3867124427112361,7.827225602842588,3.2521164377143816,-2.4196042170020515,0.32247376091065905,0.16081293898752846,0.010796736198858549,0.06713847944595969,227,0.012336642983708554,0.19406898813435547,0.01762114537444934,0.05010278674523299,0.34966893020042566,0.02596328538646519,0.0,,0.22020718145681578,,True,0.22020718145681578,52011.83259911894,True,AUDC,AUDIOCODES LTD,3.0,False
86949,0.015639422280126207,1.451238821670926,1.0745326547794358,0.4677844088191089,1.5059775490384928,5.905432407179676,3.183045982958022,1.3615326501159462,0.20873234194319457,0.15467876916900838,0.010384897364579811,0.06713847944595969,227,0.02521625803092707,0.1727297768985838,0.0,0.18767306736151448,0.06674404861216691,0.10110904272219758,0.0,,0.5057129218892717,,True,0.5057129218892717,219329.85462555065,True,SKX,SKECHERS U S A INC,1.0,False
86964,0.016981194923822385,1.854319749591351,0.9416038097665536,-1.8661201105161247,1.7641657332555332,8.140869312608249,3.009295565510452,-5.859968135097063,0.39998226665613945,0.14336969584268577,0.00962562337750765,0.06713847944595969,227,0.021254680913312184,0.18385419043643642,0.0,0.20377433908586862,0.03953661077281217,0.118443404821443,0.0,,0.40047156013285296,,True,0.40047156013285296,293630.140969163,True,FFIV,F 5 NETWORKS INC,3.0,False
86965,0.002783319367276569,1.0745779182703241,0.9551045199030643,1.6125636365419538,0.3243989482364368,5.292603162259282,3.424465532418579,5.6809083700641,0.24950957692030062,0.12779448230567034,0.008579927223586307,0.06713847944595969,227,0.01383563340512392,0.14653377486119132,0.0,0.03339983240731883,0.37297004943136386,0.02177965211846295,0.0,,0.3270784504838217,,True,0.3270784504838217,5712.955947136564,False,FISI,FINANCIAL INSTITUTIONS INC,3.0,False
86979,0.005897323486142129,1.9741369241327953,1.1618787798644707,-1.6797403938466542,0.5600180187196033,7.922082224449287,3.3941683004407976,-4.821406426049889,0.37771114930608984,0.15684888975928632,0.010530595961225441,0.06713847944595969,227,0.011662124698770841,0.1975075268550908,0.004405286343612335,0.07076788183370554,0.28801463112754894,0.037598758239173156,0.0,,0.20454301488261828,,True,0.20454301488261828,2010953.898678414,True,JNPR,JUNIPER NETWORKS INC,1.0,False
87000,0.012198955524334967,0.857497022555269,0.5453828095603137,-0.7204830551016361,1.323394282452918,3.931101442133899,1.8200928939856313,-2.3625167895385504,0.13286980169070461,0.13729726713951973,0.009217929747833082,0.06713847944595969,227,0.014815051271107715,0.1464596355997831,0.00881057268722467,0.1463874662920196,0.09352974505059089,0.0888506798313658,0.0,,0.35040946829085845,,True,0.35040946829085845,62207.04845814978,True,STMP,STAMPS COM INC,3.0,False
87006,0.012339729454304983,0.5000648931493255,1.1003873758141294,-0.5557115300939268,1.36643056509717,2.3400402107167673,3.7484613087087597,-1.8600125052796337,0.13638247507024726,0.13450752107859693,0.009030630439262369,0.06713847944595969,227,0.015128517281266901,0.14377522552666014,0.0,0.1480767534516598,0.08659002766451,0.09174007040910742,0.0,,0.3645045309906912,,True,0.3645045309906912,122109.55947136563,True,UTHR,UNITED THERAPEUTICS CORP,3.0,False
87014,0.0031855442239465265,0.7032130001915634,0.4631662718688817,1.311784371538098,0.5268890402714961,4.915157528821602,2.3566655630269326,6.5581675070353835,0.24510223393492103,0.09005191910527666,0.006045948919918841,0.06713847944595969,227,0.01081092195547392,0.10295492211708819,0.013215859030837005,0.03822653068735832,0.2993971834283639,0.03537452900056926,0.0,,0.36375271271143567,,True,0.36375271271143567,4175.991189427313,False,BSRR,SIERRA BANCORP,3.0,False
87016,0.005193554488577076,1.0089905790865858,0.9072130641355257,-0.566834820225394,0.5199867520162655,4.269035064770967,2.7942315068864296,-1.7154127499653995,0.15951221590611686,0.1487650499051551,0.009987859245334423,0.06713847944595969,227,0.009636338257722117,0.16118826528134095,0.013215859030837005,0.06232265386292491,0.3017943045208143,0.03491111986241538,0.0,,0.20709482085637354,,True,0.20709482085637354,9057.277533039647,False,PWFL,POWERFLEET INC,3.0,False
87034,0.012748900399006486,0.7657139591396457,0.7395795980485735,0.2465890098914538,2.374370617573751,6.026391886190868,4.237270666081156,1.3881424145624204,0.2453517088443301,0.07997471807216738,0.005369380965484631,0.06713847944595969,227,0.018165595637319877,0.0914489310276605,0.0,0.15298680478807783,0.00921341245597237,0.1594116329050659,0.0,,0.6881159624287516,,True,0.6881159624287516,82134.64317180616,True,LII,LENNOX INTERNATIONAL INC,1.0,True
87043,-0.0058137017384520834,2.378169796842229,0.5006584447824315,0.6646753288737681,-0.41614768690784254,7.193704946631142,1.10245732360422,1.438099128665774,0.21699681261315806,0.20808163955689418,0.013970284880472132,0.06713847944595969,227,0.006928617406432107,0.23358782784983093,0.013215859030837005,-0.06976442086142501,0.6611489211884124,-0.027939522923945855,0.0,,0.10275122196745234,,True,0.10275122196745234,270409.6740088106,True,QMCO,QUANTUM CORP,3.0,False
87053,0.0068094864329462925,1.3887385013229305,1.0258281366668591,-0.18165533192404745,0.4474930215957797,3.8566249660403287,2.073824582452706,-0.36083161674738423,0.1058450968331347,0.2266504526328987,0.015216966755511329,0.06713847944595969,227,0.014167365896066115,0.23809398366304402,0.00881057268722467,0.08171383719535551,0.32747674792444553,0.030044001032618648,0.0,,0.20612530534272264,,True,0.20612530534272264,15498.149779735682,True,GNSS,GENASYS INC,3.0,False
87055,0.005533457637697071,0.7536903240652717,0.05187989181389385,-0.04996948831631739,1.4505752321911667,8.349330111322576,0.4183774159851545,-0.3959433898874971,0.2591862167349537,0.05681785453099547,0.003814664358592767,0.06713847944595969,227,0.008600336524358942,0.06557352274041027,0.0,0.06640149165236485,0.07415164582022526,0.09738941541128485,0.0,,0.4543364211604294,,True,0.4543364211604294,778105.1718061673,True,COST,COSTCO WHOLESALE CORP NEW,3.0,False
87056,0.013322959347146205,1.1105236812986583,1.2871020503355493,-1.1473838245797472,1.56637948565438,5.517459223041384,4.655161680458694,-4.077458348044833,0.31758427121821253,0.1266870475258052,0.008505575736380592,0.06713847944595969,227,0.017323345235694797,0.15233718032045304,0.004405286343612335,0.15987551216575446,0.05933885301007655,0.10516433690217951,0.0,,0.39392765498431803,,True,0.39392765498431803,229892.55947136565,True,BMRN,BIOMARIN PHARMACEUTICAL INC,3.0,False
87061,0.0028615912668157432,1.9360590055472842,0.7995651851783997,-1.5945325776398314,0.19436117543121084,5.556937708315542,1.6706339164172095,-3.2735564779812063,0.2084132255748583,0.21929391640458207,0.014723060099153034,0.06713847944595969,227,0.007948975895223951,0.24483614394033773,0.02643171806167401,0.03433909520178892,0.4230350154683813,0.013049113781780912,0.0,,0.11246730075950885,,True,0.11246730075950885,27674.436123348016,True,CYRN,CYREN LTD,3.0,False
87066,0.009650452680870655,1.1091741274427855,0.9608765434484615,-1.0464229102515161,0.706945838968403,3.4336277629068817,2.165367189208593,-2.317022348804859,0.1253393834731601,0.20332465397907049,0.01365090810203069,0.06713847944595969,227,0.013245770500653916,0.21595758781123414,0.004405286343612335,0.11580543217044786,0.24016909641821665,0.04746326867898685,0.0,,0.21247086268238233,,True,0.21247086268238233,60338.80176211454,True,EGOV,N I C INC,3.0,False
87067,0.005787232442872945,0.5863086828290376,0.5136525880598349,0.8976592032315721,1.4164813938937237,6.0643086647611115,3.867541050139572,6.641037955136977,0.30593758994231846,0.06085391880546805,0.004085639576927017,0.06713847944595969,227,0.011852804924040778,0.07255836712549267,0.00881057268722467,0.06944678931447534,0.0790149863614844,0.0951004069495181,0.0,,0.5658798882597318,,True,0.5658798882597318,2148.4008810572686,False,FNLC,FIRST BANCORP INC ME,3.0,False
87069,0.012732858675063944,0.28258490001182845,0.4441420261712543,0.35061825696809223,2.7192445991097762,2.550270994605554,2.917895461313042,2.2632962745618563,0.09068115567121948,0.0697438861991795,0.004682498470064964,0.06713847944595969,227,0.015836373951484913,0.07265178002773266,0.013215859030837005,0.15279430410076733,0.0035291021078865292,0.18256594762586859,0.0,,0.7550924225438609,,True,0.7550924225438609,282.6740088105727,False,GCBC,GREENE COUNTY BANCORP INC,3.0,False
87075,0.020511175384399817,0.83182325984487,0.9128259837773679,-0.6853178172144342,1.7584213268087976,3.013550534179788,2.4073868906884286,-1.775860892872438,0.1083342828719307,0.17373851479954272,0.011664539704840661,0.06713847944595969,227,0.02389783605067708,0.18276510572735932,0.0,0.2461341046127978,0.04002378879791566,0.11805773410728962,0.0,,0.45295589730865765,,True,0.45295589730865765,93617.96916299559,True,JCOM,J2 GLOBAL INC,3.0,False
87078,0.0002611658109275357,1.1223200640313464,1.211363623641914,-0.4080141117865059,0.027682854180660518,5.027201502268414,3.9499770574893245,-1.3072367615625313,0.2183859999910034,0.14051864615625065,0.009434208236735516,0.06713847944595969,227,0.0062667130269647205,0.15788323046891842,0.00881057268722467,0.003133989731130428,0.48896992818880225,0.0018585847364137754,0.0,,0.13749738115845642,,True,0.13749738115845642,326011.90308370045,True,MDRX,ALLSCRIPTS HEALTHCARE SOLNS INC,3.0,False
87086,0.0069960707245107796,1.6444267572661881,1.4072874197003642,-0.23916478511910094,0.6746454597661358,6.701175156011289,4.17474275121523,-0.6971129830910702,0.28194556396159864,0.1544568195982044,0.010369996007882349,0.06713847944595969,227,0.016046237382410428,0.18106170900066482,0.004405286343612335,0.08395284869412936,0.2502999301870007,0.045294670333818725,0.0,,0.30699918353851213,,True,0.30699918353851213,35728.563876651984,True,PRFT,PERFICIENT INC,3.0,False
87114,0.0055392202775121115,0.36983748401483435,0.7435924178141741,0.9663585967324855,0.7920830026495158,2.234848089310631,3.2710148344989376,4.176811718078282,0.12494209089117148,0.10416131188220952,0.00699323209686792,0.06713847944595969,227,0.011396265150219565,0.11060792773264165,0.004405286343612335,0.06647064333014534,0.21457702611921162,0.05317924839287855,0.0,,0.35691673574102545,,True,0.35691673574102545,5622.806167400881,False,MBWM,MERCANTILE BANK CORP,3.0,False
87121,-0.0010722899747719508,1.4211306910010515,0.2518916003129027,1.2498611071819474,-0.07751590926229038,4.341378416928171,0.5601673459860587,2.731019998558592,0.11035632105570292,0.20603922082283133,0.013833159992275211,0.06713847944595969,227,0.008883185145992475,0.21699017102180884,0.01762114537444934,-0.01286747969726341,0.530858679614521,-0.00520430028074116,0.0,,0.1418140548343429,,True,0.1418140548343429,10318.242290748898,True,SALM,SALEM MEDIA GROUP INC,3.0,False
87137,-0.0012188561347311975,1.117802306109448,0.17315931853979602,0.8602623152297131,-0.19860879635139514,7.697081006963606,0.8679953588242418,4.237029197310126,0.26762292143885913,0.09140763384003905,0.006136969545773271,0.06713847944595969,227,0.006207412038809269,0.10609949264985333,0.0,-0.01462627361677437,0.5786251390038668,-0.013334292591624936,0.0,,0.20266926384302986,,True,0.20266926384302986,806903.1982378855,True,DVN,DEVON ENERGY CORP NEW,1.0,False
87162,0.0004224375826237931,1.5820958421955083,0.9702147593901033,1.201560358926749,0.04557016967018485,7.212169255053857,3.2196708604747784,3.9178537046671895,0.2815591962830941,0.13807352168109835,0.009270046297417692,0.06713847944595969,227,0.01241787771432673,0.16181289166038088,0.00881057268722467,0.005069250991485517,0.48184681343874103,0.0030595118997506017,0.0,,0.2658427879594887,,True,0.2658427879594887,44413.59030837005,True,FLWS,1 800 FLOWERS COM INC,3.0,False
87168,0.008471435361905656,1.2410387847145976,0.46213725160507213,-1.0386745099244967,0.5654931667501283,3.500827713126921,0.9490013719808637,-2.0957253177909427,0.09318260305674753,0.22313008914686616,0.014980614903962026,0.06713847944595969,227,0.011578753766582064,0.2327536119557408,0.004405286343612335,0.10165722434286786,0.28615344369782947,0.03796635135268414,0.0,,0.1723280652320291,,True,0.1723280652320291,8944.356828193833,False,IGLD,INTERNET GOLD GOLDEN LINES LTD,3.0,False
87179,0.007701874251868887,1.330493379934858,0.5871715275480667,-0.59470970084219,0.7031748094196354,5.133276084106631,1.6491394156285841,-1.6411808075097551,0.15830540547303984,0.16314043590029592,0.010953000802496922,0.06713847944595969,227,0.012711945764750803,0.17663735841299907,0.004405286343612335,0.09242249102242664,0.24134014127950987,0.04721008748913681,0.0,,0.24929874546842262,,True,0.24929874546842262,70647.4845814978,True,NTCT,NETSCOUT SYSTEMS INC,3.0,False
87184,0.010324883710858665,1.5398648147276417,0.5691858710857265,-1.037561556599784,1.0566790088807545,6.659713266498055,1.791998019970809,-3.2096398955605583,0.25267287743556244,0.14553605136594117,0.009771069193278374,0.06713847944595969,227,0.014890589505357807,0.1672297064522952,0.00881057268722467,0.12389860453030399,0.1459007389962102,0.07094382191871759,0.0,,0.3084530628568553,,True,0.3084530628568553,544956.9207048458,True,RHT,RED HAT INC,1.0,False
87212,0.00014452306641103306,1.4151153103022307,0.1470579258638055,1.1896929191781858,0.031589563041476136,13.07113514158391,0.9888271687157613,7.860059870177036,0.5193555060589048,0.06814312527070504,0.004575025815370687,0.06713847944595969,227,0.009681759136558863,0.09763561676289352,0.004405286343612335,0.0017342767969323967,0.48741381069785883,0.0021208752289669933,0.0,,0.34350781583913376,,True,0.34350781583913376,328674.2378854625,True,MFC,MANULIFE FINANCIAL CORP,1.0,False
87214,-0.0009493448778610722,1.465591512670282,1.1215002362445623,1.2024444625868473,-0.10000148407768929,6.5239466233417,3.6341872989684916,3.828529402168854,0.26337058738846797,0.14139891115924938,0.009493307890546343,0.06713847944595969,227,0.0108886662653337,0.16365140918252014,0.004405286343612335,-0.011392138534332866,0.5397835047976841,-0.006713947583315406,0.0,,0.23048653589270357,,True,0.23048653589270357,35043.62555066079,True,OMN,OMNOVA SOLUTIONS INC,1.0,False
87236,-0.0067950013098719165,1.939906706234338,1.3981628895902212,-1.718749627634274,-0.44003658249652144,5.308784628518253,2.785367553685505,-3.364312906913729,0.2323024284262919,0.23000075443302687,0.015441900924056996,0.06713847944595969,227,-0.0007839827431426189,0.26075484646855496,0.01762114537444934,-0.081540015718463,0.6698316004158538,-0.029543387049413047,0.0,,-0.010415131007307961,,True,-0.010415131007307961,202827.30837004405,True,INAP,INTERNAP CORP,3.0,False
87251,0.002805802680001735,1.3636012457873823,1.1112457448499533,-1.0380763815412901,0.4009809975060292,8.235103838015538,4.885424210787066,-4.484153827524179,0.4212876449822246,0.10422258309863633,0.006997345753172621,0.06713847944595969,227,0.00778900376787989,0.13609076881051196,0.004405286343612335,0.03366963216002082,0.3444090248186861,0.026921254459278957,0.0,,0.1982640025363913,,True,0.1982640025363913,45242.84140969163,True,RDWR,RADWARE LTD,3.0,False
87267,0.011585103985003472,0.9288052233132258,0.3548949406282265,0.5606616776154438,2.292825662101184,7.768027793921073,2.160709636520483,3.3539493215391034,0.2757111777262502,0.07525881942130218,0.005052762700844288,0.06713847944595969,227,0.017759846018921478,0.08784149565413069,0.0,0.13902124782004166,0.011395096530884082,0.15393682858814928,0.0,,0.7003741320728604,,True,0.7003741320728604,96534.25991189427,True,BLK,BLACKROCK INC,1.0,True
87268,-0.0009301017077364476,1.3159165008544589,0.721978501146979,0.6799206563358533,-0.15654055566571895,9.359222805666818,3.738059396862712,3.4589094358163828,0.37268293671763764,0.08849771747888312,0.005941602185970341,0.06713847944595969,227,0.007953225036247905,0.11099073597282076,0.0,-0.011161220492837371,0.5621257092969796,-0.010509894879021979,0.0,,0.2482259393285489,,True,0.2482259393285489,18549.810572687224,True,CIR,CIRCOR INTERNATIONAL INC,1.0,False
87269,0.004477804787036746,0.08284712417306853,0.1743640916205836,0.22707170908563434,1.0506926846301725,0.8214913861765563,1.2586155902716063,1.6104902773367518,0.020351641288099742,0.06347722704299155,0.0042617645031124045,0.06713847944595969,227,0.005836622749204491,0.06370610469674313,0.00881057268722467,0.053733657444440946,0.14726851405547342,0.07054190921106304,0.0,,0.3173738904413454,,True,0.3173738904413454,390.77092511013217,False,CIZN,CITIZENS HOLDING CO,3.0,False
87299,0.0066677971456894245,2.029305038619035,0.7976554150135999,-1.451591663897563,0.5558522073242833,7.148901506066026,2.045586160333497,-3.657682021189023,0.28804226467773575,0.17866996120178955,0.011995629517756764,0.06713847944595969,227,0.012543909441701919,0.21034037729018878,0.0,0.08001356574827309,0.2894345734166708,0.037319071996432716,0.0,,0.2065859989268366,,True,0.2065859989268366,660548.7709251101,True,AKAM,AKAMAI TECHNOLOGIES INC,3.0,False
87302,-0.005365706723197686,1.3090044387427906,2.237224603685925,-0.7234786401751433,-0.4115757451543975,4.24305816289078,5.27907620984576,-1.6773862613769244,0.2473134382672586,0.19418051886555904,0.013036984774661121,0.06713847944595969,227,0.0026699154448117306,0.22232934473790622,0.022026431718061675,-0.06438848067837223,0.6594771462514961,-0.027632569706504056,0.0,,0.041599809577798214,,True,0.041599809577798214,23692.718061674008,True,BSQR,BSQUARE CORP,3.0,False
87318,0.009089680784063175,0.5593258737724575,0.5894963265222213,0.7986111581699104,1.8482217900168416,4.806017947827851,3.687330457392327,4.908235074309815,0.22194534267063837,0.07325260008051625,0.0049180681848688445,0.06713847944595969,227,0.014920798500117469,0.08249283005653316,0.00881057268722467,0.1090761694087581,0.032947167216055215,0.12408680066062053,0.0,,0.6265655105780731,,True,0.6265655105780731,10860.762114537445,True,EGBN,EAGLE BANCORP INC,3.0,False
87321,-0.002627848706899039,1.1586758679837004,0.9800607606838369,0.7449987485463307,-0.32031519588555585,5.968348446065935,3.674985999056251,2.74484138941891,0.23147423617949114,0.12219440319489798,0.008203946427311969,0.06713847944595969,227,0.006339635093859604,0.13845871953319605,0.004405286343612335,-0.03153418448278847,0.6254853302162164,-0.021505475195190943,0.0,,0.15861146370603094,,True,0.15861146370603094,15124.823788546255,True,GAIA,GAIA INC,3.0,False
87337,-0.007360366643242211,1.6009041363261385,0.9784685753283591,-1.1716512688484066,-0.47144553229279934,4.333236841078663,1.9279885992754076,-2.2683756124086303,0.14744774480777012,0.23253933325220144,0.015612337245930096,0.06713847944595969,227,-0.002063584341729124,0.25016936781345506,0.013215859030837005,-0.08832439971890654,0.6811082434106495,-0.03165213617972963,0.0,,-0.028574504998898454,,True,-0.028574504998898454,550637.6299559472,True,PLUG,PLUG POWER INC,3.0,False
87356,0.011979639381641927,0.9992240034668266,0.0060052546741850565,-0.06408404555670147,1.6417491890089568,5.786832979512427,0.025317452197475752,-0.2654590356486555,0.14040522744651418,0.10868395483581389,0.007296875467849901,0.06713847944595969,227,0.015919334003443607,0.11644390529839958,0.004405286343612335,0.14375567257970312,0.05102573606495621,0.11022454418169882,0.0,,0.4735858909225738,,True,0.4735858909225738,72655.71365638767,True,WWE,WORLD WRESTLING ENTMT INC,1.0,False
87361,-0.00841504983786699,1.3104558546268354,0.6021370598101373,-0.6879225070982934,-1.2395452224680796,8.157237422626388,2.728516247045566,-3.0628782115825324,0.3326466814971385,0.10111668318277593,0.00678882035551042,0.06713847944595969,227,-0.0037226467660911966,0.12295412832427367,0.0,-0.10098059805440388,0.891776734352085,-0.08322118144101069,0.0,,-0.10488160788707727,,True,-0.10488160788707727,21893.06167400881,True,PCTI,PCTEL INC,3.0,False
87364,-0.0011592295519804042,1.3170489924314919,2.096315797230751,-0.19386974040479504,-0.08412282792628188,4.038883947007931,4.679792854965187,-0.4252447640007994,0.19869682918983356,0.20525043162943735,0.013780201885227335,0.06713847944595969,227,0.00812812150648103,0.22776335970367734,0.00881057268722467,-0.01391075462376485,0.533482878018624,-0.0056478787536646795,0.0,,0.1236223371277494,,True,0.1236223371277494,47746.89427312776,True,QUIK,QUICKLOGIC CORP,3.0,False
87373,-0.0039911427884058714,0.6359157829040216,0.4115493190378544,0.24431709148031738,-0.46203236655516594,3.110926587500775,1.4656238550389495,0.8548964437094589,0.06430121714308279,0.12866290840765937,0.008638232031585032,0.06713847944595969,227,0.00019277211410832597,0.1321245569524582,0.01762114537444934,-0.04789371346087046,0.6777457285421455,-0.03102015054533212,0.0,,0.005054186800993071,,True,0.005054186800993071,62211.140969162996,True,ALSK,ALASKA COMMUNICATIONS SYS GRP IN,3.0,False
87379,0.005403857470349124,1.0746948878823606,0.20484197068650392,-0.253792546530016,0.5604371299997296,4.710025103017594,0.6535329112581714,-0.7955846666966508,0.1102954980881804,0.1436168788688697,0.00964221887003049,0.06713847944595969,227,0.009530621689403078,0.15124492195945766,0.0,0.06484628964418948,0.28787195795560566,0.03762689673323948,0.0,,0.21828859812151608,,True,0.21828859812151608,7601.678414096917,False,CLCT,COLLECTORS UNIVERSE INC,3.0,False
87390,0.007662665599652025,2.7194747447701544,2.6132913670003024,-0.6606140674892782,0.5548783622381451,8.321813343673496,5.82145109342893,-1.4459399605687946,0.40277705827248134,0.20568877066316268,0.013809631301433463,0.06713847944595969,227,0.022474147491906134,0.2643872778342146,0.0,0.0919519871958243,0.2897669912752209,0.03725368951813348,0.0,,0.2944647384825154,,True,0.2944647384825154,739949.7136563876,True,FNSR,FINISAR CORP,3.0,False
87394,0.011176486449378392,1.3416073180373747,1.5329843586068848,-0.68282620882554,0.7781904973159782,3.9474902862064996,3.2835516653864554,-1.4370614384615659,0.1594361991496963,0.21391826698087255,0.014362147170810627,0.06713847944595969,227,0.017976245256854265,0.23177187918807834,0.00881057268722467,0.13411783739254068,0.21864079966875632,0.05224652670908995,0.0,,0.2686759948899975,,True,0.2686759948899975,52902.964757709255,True,IMMR,IMMERSION CORP,3.0,False
87415,-0.0021445886763946723,2.0683155956744343,1.1492825250862155,-0.020523897545841906,-0.24475481527065734,9.975141547703013,4.03496287011027,-0.07079972985434525,0.4018985577777575,0.1305092406009498,0.008762191967594675,0.06713847944595969,227,0.00873064450591504,0.16763011762714353,0.004405286343612335,-0.025735064116736067,0.5965643261092215,-0.016432466134348688,0.0,,0.1804200829913193,,True,0.1804200829913193,50269.88546255507,True,RTEC,RUDOLPH TECHNOLOGIES INC,1.0,False
87426,0.008432896896419588,1.1939830335753936,0.8835699299179279,1.170470749788054,1.2481141427049736,7.467765870344363,4.022943602677611,5.236276909129649,0.32821640482021586,0.10063544818548807,0.006756510969536332,0.06713847944595969,227,0.018559908365092095,0.12196479774146297,0.0,0.10119476275703507,0.10664907413585047,0.08379648571620946,0.0,,0.5271472567077209,,True,0.5271472567077209,24768.810572687224,True,LCII,L C I INDUSTRIES,1.0,False
87430,-0.0032909256764629777,1.6635273864107494,2.0969212830879926,-1.0564811806196965,-0.27721565939089854,5.921676306733382,5.433845872738384,-2.6899609569696232,0.32697490981875543,0.17681895269911885,0.011871355621445909,0.06713847944595969,227,0.0049537236142468775,0.21409740254307266,0.004405286343612335,-0.03949110811755573,0.6090643402083209,-0.018611837850114003,0.0,,0.0801513786212624,,True,0.0801513786212624,115371.57268722467,True,KTOS,KRATOS DEFENSE & SECUR SOLS INC,3.0,False
87432,0.0015804555215004504,1.568830655287688,0.7379775895391665,-0.5691719989886213,0.26485964933265577,11.110269987539755,3.8045403845713643,-2.8831124023986807,0.4646069998529706,0.08887814407693768,0.005967143449304524,0.06713847944595969,227,0.007962354922879538,0.1206582007307625,0.0,0.018965466258005406,0.395681116748201,0.0177822741227846,0.0,,0.22859951815620572,,True,0.22859951815620572,597640.0132158591,True,A,AGILENT TECHNOLOGIES INC,1.0,False
87437,0.021445877237467326,0.5302919765965424,0.8694109189948603,0.2740192904925354,1.7250880811932643,1.8025924151177664,2.1513845841305166,0.6662437113598487,0.04545494911065018,0.1851659125892595,0.012431757816466365,0.06713847944595969,227,0.02624666646212961,0.18826129282525936,0.022026431718061675,0.2573505268496079,0.042948521521644606,0.115819790681664,0.0,,0.48295174392452733,,True,0.48295174392452733,2147.295154185022,False,EVI,E V I INDUSTRIES INC,2.0,False
87439,0.004806674898093143,1.1391261978665466,1.3277291140248753,0.4271068246868043,0.26063511624957514,2.6102075648255028,2.214742101212532,0.700018015759754,0.06617859424228378,0.2746883995607376,0.018442161467952144,0.06713847944595969,227,0.013517534267161789,0.28236223997268145,0.0,0.057680098777117716,0.39730721091776755,0.017498645395217418,0.0,,0.1658370194686284,,True,0.1658370194686284,15372.167400881057,True,IDN,INTELLICHECK INC,3.0,False
87445,0.011114014904320199,1.1968001231142522,-0.4170393058820641,1.1012482887818662,1.6884000062681306,7.683180206986481,-1.9489776662232645,5.056780971967343,0.2797547141129394,0.0980447015031177,0.00658257217665232,0.06713847944595969,227,0.018309431475097504,0.11475777740856814,0.0,0.13336817885184238,0.046366169888098635,0.11335660911739108,0.0,,0.5526922233717273,,True,0.5526922233717273,39867.797356828196,True,TDY,TELEDYNE TECHNOLOGIES,1.0,False
87447,0.0004068537908246644,0.7490357832989982,-0.09493725194689596,0.40020340422821704,0.13425046023490123,10.444676807224024,-0.9636949340414832,3.9915605455630105,0.36144135994934623,0.04513891154477775,0.003030557884962053,0.06713847944595969,227,0.004433361936658771,0.05611111537980884,0.004405286343612335,0.004882245489895973,0.4466628048055988,0.009013371765091543,0.0,,0.27370007067790725,,True,0.27370007067790725,701704.1585903084,True,UPS,UNITED PARCEL SERVICE INC,1.0,False
87471,0.0001319355535997018,0.4189030288619515,0.7139258711564686,-0.07702346354540843,0.008428903204807884,1.1309352675681295,1.403097484915169,-0.1487362381179071,0.020756655479248987,0.23314133342663074,0.015652754622267482,0.06713847944595969,227,0.0031414672126770056,0.23403034547731996,0.01762114537444934,0.0015832266431964215,0.496641161742242,0.0005659037445679779,0.0,,0.04649978883354394,,True,0.04649978883354394,42693.140969162996,True,TGC,TENGASCO INC,2.0,False
87476,0.005104831134892536,0.5712432783916559,0.26903783008194443,0.7425017277234262,1.550785621399991,7.333419217234535,2.514254522007265,6.817927521024707,0.3297390167996943,0.049029573303073566,0.0032917709994525783,0.06713847944595969,227,0.010148005674227644,0.05948868322640498,0.004405286343612335,0.06125797361871044,0.061185539890955445,0.10411738856745312,0.0,,0.5909312652413115,,True,0.5909312652413115,2021.0,False,BMRC,BANK OF MARIN BANCORP,3.0,False
87488,0.0038690820360162102,0.36152452833465815,0.2656652931665057,0.37297139642001875,1.0660676516298617,4.209491332671897,2.251838042574202,3.1062533911944246,0.13648258705396654,0.05405696658734194,0.003629302540135186,0.06713847944595969,227,0.006984626793323278,0.057784895698555355,0.00881057268722467,0.04642898443219452,0.14377294999444262,0.07157416111695399,0.0,,0.4187159406171689,,True,0.4187159406171689,306.56387665198235,False,FBSS,FAUQUIER BANKSHARES INC,3.0,False
87501,0.0011718815923544316,1.2951584910717227,0.36850943610231474,1.2114553973902293,0.13483037295748082,6.297119639660474,1.304301877422183,4.213043650782232,0.21744665037313415,0.12945668909350416,0.008691525259846223,0.06713847944595969,227,0.010745342328141061,0.145366967312291,0.00881057268722467,0.01406257910825318,0.44643380361193863,0.009052306223496905,0.0,,0.2560620091506461,,True,0.2560620091506461,8641.810572687225,False,MCBC,MACATAWA BANK CORP,3.0,False
87505,0.006066607288173108,0.23102664590218594,0.4780960206347371,0.38367855149548624,1.5315736202659762,2.464728529201867,3.7130656419386976,2.927817775059656,0.11847422006905328,0.058997893275591094,0.003961028845038196,0.06713847944595969,227,0.009124328910161348,0.062419057549329915,0.0,0.07279928745807729,0.06352252605460518,0.1028275240242013,0.0,,0.5063774391300041,,True,0.5063774391300041,1497.409691629956,False,NKSH,NATIONAL BANKSHARES INC,3.0,False
87508,0.01125373614811641,2.37534959244701,1.1965355937789333,-2.2104134756068503,0.648890982215783,5.787854038318276,2.1223946172044683,-3.8524149184153424,0.24324308533814654,0.25831729767832023,0.017343030580711752,0.06713847944595969,227,0.017223053222817617,0.294967047955106,0.004405286343612335,0.13504483377739693,0.2585382683042163,0.04356555387216294,0.0,,0.20226803943146435,,True,0.20226803943146435,38126.52863436123,True,NTWK,NETSOL TECHNOLOGIES INC,3.0,False
87510,-0.002869088025756148,1.274493626502956,1.449217322980645,-0.5006193490386611,-0.2269280095220184,4.25987566146561,3.526170036015977,-1.1968408070625265,0.17451939436301622,0.18831471965120417,0.012643163934674032,0.06713847944595969,227,0.00399936886791419,0.2058870556659398,0.02643171806167401,-0.03442905630907378,0.5896561939052665,-0.015235601503006575,0.0,,0.06729038943250633,,True,0.06729038943250633,26950.79295154185,True,PFSW,PFSWEB INC,3.0,False
87525,0.004375916884857696,0.6305309623692553,0.20343577341871355,0.4430998228160691,0.881378272500351,5.366791427305856,1.2605094420713303,2.6976113385124263,0.15481799949772235,0.07394949681469828,0.004964856771932682,0.06713847944595969,227,0.008667468235391608,0.07990212240070403,0.0,0.052511002618292356,0.18953104240910562,0.05917439703238027,0.0,,0.375772129841581,,True,0.375772129841581,2300.3348017621147,False,MFSF,MUTUALFIRST FINL INC,3.0,False
87717,0.0064243033349162485,0.6793420028572207,0.2830242215123984,0.27226217419163645,1.37473700378739,6.1432342434638665,1.8631279955010436,1.7610245833326008,0.18757688155710928,0.06960411484212867,0.004673114433682473,0.06713847944595969,227,0.010595591562160252,0.07670823502795679,0.0,0.07709164001899499,0.08529638289962321,0.09229775207237988,0.0,,0.47849107505135813,,True,0.47849107505135813,293639.2378854625,True,EXPD,EXPEDITORS INTERNATIONAL WA INC,3.0,False
87952,0.00632630257695856,0.8188452976521899,0.5494273715772325,0.9828602346783084,1.413621472959287,7.732146203597268,3.776756352990963,6.638339577327624,0.3583566974460699,0.06665693268258671,0.004475245104840566,0.06713847944595969,227,0.013667848714245926,0.08266024806851818,0.004405286343612335,0.07591563092350272,0.07943374861577458,0.09490839620664433,0.0,,0.572788225450659,,True,0.572788225450659,60830.6167400881,True,GBCI,GLACIER BANCORP INC NEW,3.0,False
88031,0.032637578060381964,0.7491439965731458,-0.1545119248653533,-0.3422624252810143,3.8204154074892287,3.7057233328624077,-0.556391094779926,-1.2109784482627468,0.06576026676327107,0.12724356683636195,0.008542939596673686,0.06713847944595969,227,0.034413445359278046,0.13076902315284594,0.004405286343612335,0.39165093672458356,8.63820982649714e-05,0.2564968813107433,0.0,,0.9116201129084867,,True,0.9116201129084867,289598.29515418503,True,MNST,MONSTER BEVERAGE CORP NEW,3.0,True
88197,0.0008123822348470506,0.7034961369388206,-0.027749350838036327,0.9434183819523245,0.21604969925105066,7.906239926240065,-0.22702389961885838,7.583716834460224,0.3512252733658874,0.056006089552333965,0.0037601636922579514,0.06713847944595969,227,0.006348343658986202,0.06906953000098609,0.0,0.009748586818164607,0.4145732506410886,0.014505248292472437,0.0,,0.3183937623758213,,True,0.3183937623758213,168183.76651982378,True,FULT,FULTON FINANCIAL CORP PA,3.0,False
88664,0.007834246944633003,0.7479667161485039,0.34393206974472296,0.16252856097660745,1.7731026517955917,7.1537526391820725,2.3946100386524054,1.1118618751576355,0.24054980048362917,0.06580999782780071,0.004418383186500449,0.06713847944595969,227,0.012102265592548287,0.0750136742422953,0.004405286343612335,0.09401096333559604,0.03878834127453602,0.11904341594315494,0.0,,0.5588778074056089,,True,0.5588778074056089,102891.08810572687,True,JKHY,HENRY JACK & ASSOC INC,3.0,False
88779,0.004102406604448487,1.3056243375782126,0.9057227767249514,0.9613606925122538,0.2863038773403754,3.850541319085142,1.944506142615745,2.027960138392598,0.10417279037828597,0.21342238653011758,0.014328854511359963,0.06713847944595969,227,0.014136838176051674,0.22398867421606197,0.013215859030837005,0.049228879253381846,0.38745559514167055,0.019222006984115355,0.0,,0.21863357212143356,,True,0.21863357212143356,18626.295154185023,True,ICAD,ICAD INC,3.0,False
88912,0.0005474288390998112,1.0613293190632187,0.4777828542507688,1.9101363938463307,0.045893699031825594,3.7600236479082194,1.2322007086071165,4.840322470949273,0.14897522435169486,0.1776655024297657,0.011928191683136925,0.06713847944595969,227,0.011389639025593742,0.1913067168191142,0.004405286343612335,0.006569146069197734,0.48171802386348517,0.0030812331691472826,0.0,,0.20623879600474745,,True,0.20623879600474745,20815.69162995595,True,IBCP,INDEPENDENT BANK CORP MICH,3.0,False
89317,0.011749211298323521,0.06320569729534832,0.06904734861909806,-0.358019037055319,1.3175499015738779,0.299522608774344,0.23819402783697513,-1.2135257750408417,0.008792113121006695,0.1328220381656652,0.008917469679355987,0.06713847944595969,227,0.01113009805858458,0.13252138853574708,0.022026431718061675,0.14099053557988225,0.09450319904643933,0.08845829698584401,0.0,,0.29094013492760956,,True,0.29094013492760956,739.2422907488987,False,TCI,TRANSCONTINENTAL REALTY INVS INC,1.0,False
89456,-0.004866708544629696,1.1006764179904271,0.21969150314971914,1.193280456430902,-0.669700924598527,6.400593502234123,0.9300029450610928,4.963323864032667,0.2342541086279435,0.10823879246598918,0.00726698794323331,0.06713847944595969,227,0.003540601934961892,0.12286800673608783,0.004405286343612335,-0.058400502535556356,0.7481293548147128,-0.04496270176109841,0.0,,0.09982260807571942,,True,0.09982260807571942,18622.70925110132,True,LYTS,L S I INDUSTRIES INC,3.0,False
89790,0.014067033365064175,1.117521107525544,0.7322839504380039,1.0760987297608067,0.7269565444597896,2.4404880868255012,1.164155386638409,1.6809027131167202,0.04722069003287088,0.2882189726267647,0.01935058356963766,0.06713847944595969,227,0.023290061582953055,0.2933084797328054,0.00881057268722467,0.1688044003807701,0.23400750659891892,0.04880675701831946,0.0,,0.27506582837175914,,True,0.27506582837175914,55054.57709251101,True,TELL,TELLURIAN INC,3.0,False
89915,0.005790614370446834,0.8684663721404579,0.9376002415827493,0.6946671030487251,1.1634492652131574,7.373791218238581,5.795167854018614,4.218752668827772,0.35696709158743634,0.07413199589413205,0.004977109482626152,0.06713847944595969,227,0.01333058290616541,0.09183057534423983,0.004405286343612335,0.06948737244536202,0.12294532200200217,0.07811221457893046,0.0,,0.5028662142523747,,True,0.5028662142523747,16231.625550660792,True,MGRC,MCGRATH RENTCORP,3.0,False
90377,0.010285588067812719,2.2897611926663726,1.3878969450727323,-0.9023801163261868,0.9190071251382171,8.645596570110014,3.8148061527573485,-2.4370463829736018,0.36971061078991607,0.1667012081888865,0.011192065639606204,0.06713847944595969,227,0.020051023435686956,0.20857726164856474,0.0,0.12342705681375263,0.179542405975253,0.061700740981782694,0.0,,0.333012247450829,,True,0.333012247450829,43016.44933920705,True,ONTO,ONTO INNOVATION INC,1.0,False
90537,-0.006312434355667574,1.2213781952082097,0.5335133487459716,0.32721202369274777,-0.8499008091358624,6.949227897477564,2.209745006454207,1.3316348362832717,0.22771536866747055,0.11062598000450828,0.007427260084721826,0.06713847944595969,227,0.0007745769970424238,0.1250450909576185,0.0,-0.07574921226801089,0.8018541110687506,-0.057061048005272605,0.0,,0.021457966929806404,,True,0.021457966929806404,954924.0572687224,True,NE,NOBLE CORP PLC,1.0,False
90756,0.005780693192971247,1.6950998635201489,0.5463331137015754,1.150483848613324,0.8441883918243832,10.460917306237553,2.454383843044304,5.078371974143145,0.40798655428406305,0.10199268923057678,0.006847634069545233,0.06713847944595969,227,0.017200150691466746,0.1316744368573841,0.004405286343612335,0.06936831831565497,0.19973442006361658,0.05667752499301912,0.0,,0.45250293992490614,,True,0.45250293992490614,161051.59471365638,True,OSK,OSHKOSH CORP,1.0,False
90983,0.003135174125680655,0.7004847204879698,0.3025727597561405,0.8615599573494517,0.7553303937019027,7.131632985203957,2.2424905621129403,6.274011735615312,0.30619013747652735,0.061823445412609104,0.004150732119112867,0.06713847944595969,227,0.0091215921938591,0.07372778421681933,0.00881057268722467,0.03762208950816786,0.2254239001185811,0.05071173411246383,0.0,,0.42857821629972226,,True,0.42857821629972226,784.2290748898679,False,PEBK,PEOPLES BANCORP NC INC NEW,3.0,False
91287,0.010247197573231937,0.961943331876669,1.1261836705116457,0.3373322407150465,0.8346612932851882,3.3110800210163513,2.821888782334184,0.8305151164001873,0.1027488528554944,0.1828619449795655,0.012277072934458769,0.06713847944595969,227,0.017546826515369377,0.19176287648104648,0.00881057268722467,0.12296637087878325,0.20240085015813294,0.05603789008356574,0.0,,0.31697475125453084,,True,0.31697475125453084,28552.69603524229,True,GROW,U S GLOBAL INVESTORS INC,3.0,False
91556,0.016978713022067354,0.7948580582735533,-0.10644592876278354,0.21579329109822437,3.053826517852129,6.0414919302260905,-0.5889713275834383,1.17317299904148,0.14727128336017548,0.08281116697694595,0.0055598158319776205,0.06713847944595969,227,0.020641544259517666,0.08908030029992813,0.0,0.20374455626480825,0.0012671020361304012,0.2050292689003418,0.0,,0.8026960682393465,,True,0.8026960682393465,392159.1938325991,True,ROST,ROSS STORES INC,3.0,True
91855,0.004392807577082946,0.47498903846945695,0.7182132240160228,0.7528450794215534,0.9390258858982873,4.2907577559262045,4.722960192269441,4.864357968788458,0.23171646882199748,0.06967758891586914,0.004678047371272109,0.06713847944595969,227,0.0100176509795366,0.07896425898396586,0.0,0.05271369092499535,0.17436671003111384,0.06304477013960624,0.0,,0.4394666825803496,,True,0.4394666825803496,13861.73127753304,True,SFNC,SIMMONS 1ST NATIONAL CORP,3.0,False
92583,0.0020815037579781704,1.3620345012023294,1.0841288524258248,-0.27349002677173534,0.2149907904511979,5.944916923016672,3.444681423284776,-0.853824627296006,0.230485032357027,0.14420683384337563,0.009681827549960397,0.06713847944595969,227,0.009189698167774096,0.16329598918110305,0.004405286343612335,0.024978045095738047,0.4149854917392743,0.014434154765778374,0.0,,0.19494690852638902,,True,0.19494690852638902,2877.1894273127755,False,TRT,TRIO TECH INTL,2.0,False
92655,0.014459846287285241,0.6363132057957137,-0.08187668494913672,0.3700816027205624,3.331977066637208,6.196183742771104,-0.5803955592893475,2.5776286476701555,0.16919849972903866,0.06463833657181056,0.004339719631347528,0.06713847944595969,227,0.017963992442618846,0.07044330887012892,0.0,0.17351815544742288,0.0005046606384217191,0.22370387380283124,0.0,,0.8833925639342909,,True,0.8833925639342909,1145604.3744493392,True,UNH,UNITEDHEALTH GROUP INC,1.0,True
92807,-0.0019288135495005307,0.511102636553837,0.12224547192232084,0.7118434964944355,-0.3271727335707117,3.6636164453553213,0.6378890380638764,3.6496893673334125,0.10971712338343365,0.08780952836114109,0.005895398215033885,0.06713847944595969,227,0.0024693862374335737,0.09244338640235496,0.02643171806167401,-0.02314576259400637,0.6280779253703337,-0.021965879848115672,0.0,,0.09253452503633804,,True,0.09253452503633804,4300.066079295154,False,ASRV,AMERISERV FINANCIAL INC,3.0,False
